
C:\island-radio>git add . 
warning: in the working copy of 'build.log', LF will be replaced by CRLF the next time Git touches it
warning: in the working copy of 'dist/builder-debug.yml', LF will be replaced by CRLF the next time Git touches it
warning: in the working copy of 'dist/win-unpacked/LICENSE.electron.txt', LF will be replaced by CRLF the next time Git touches it
warning: in the working copy of 'log.txt', LF will be replaced by CRLF the next time Git touches it
warning: in the working copy of 'node_modules/.bin/asar', LF will be replaced by CRLF the next time Git touches it
warning: in the working copy of 'node_modules/.bin/asar.ps1', LF will be replaced by CRLF the next time Git touches it
warning: in the working copy of 'node_modules/.bin/ejs', LF will be replaced by CRLF the next time Git touches it
warning: in the working copy of 'node_modules/.bin/ejs.ps1', LF will be replaced by CRLF the next time Git touches it
warning: in the working copy of 'node_modules/.bin/electron', LF will be replaced by CRLF the next time Git touches it
warning: in the working copy of 'node_modules/.bin/electron-builder', LF will be replaced by CRLF the next time Git touches it
warning: in the working copy of 'node_modules/.bin/electron-builder.ps1', LF will be replaced by CRLF the next time Git touches it
warning: in the working copy of 'node_modules/.bin/electron-fuses', LF will be replaced by CRLF the next time Git touches it
warning: in the working copy of 'node_modules/.bin/electron-fuses.ps1', LF will be replaced by CRLF the next time Git touches it
warning: in the working copy of 'node_modules/.bin/electron-osx-flat', LF will be replaced by CRLF the next time Git touches it
warning: in the working copy of 'node_modules/.bin/electron-osx-flat.ps1', LF will be replaced by CRLF the next time Git touches it
warning: in the working copy of 'node_modules/.bin/electron-osx-sign', LF will be replaced by CRLF the next time Git touches it
warning: in the working copy of 'node_modules/.bin/electron-osx-sign.ps1', LF will be replaced by CRLF the next time Git touches it
warning: in the working copy of 'node_modules/.bin/electron-rebuild', LF will be replaced by CRLF the next time Git touches it
warning: in the working copy of 'node_modules/.bin/electron-rebuild.ps1', LF will be replaced by CRLF the next time Git touches it
warning: in the working copy of 'node_modules/.bin/electron-windows-sign', LF will be replaced by CRLF the next time Git touches it
warning: in the working copy of 'node_modules/.bin/electron-windows-sign.ps1', LF will be replaced by CRLF the next time Git touches it
warning: in the working copy of 'node_modules/.bin/electron.ps1', LF will be replaced by CRLF the next time Git touches it
warning: in the working copy of 'node_modules/.bin/install-app-deps', LF will be replaced by CRLF the next time Git touches it
warning: in the working copy of 'node_modules/.bin/install-app-deps.ps1', LF will be replaced by CRLF the next time Git touches it
warning: in the working copy of 'node_modules/.bin/install-electron', LF will be replaced by CRLF the next time Git touches it
warning: in the working copy of 'node_modules/.bin/install-electron.ps1', LF will be replaced by CRLF the next time Git touches it
warning: in the working copy of 'node_modules/.bin/jake', LF will be replaced by CRLF the next time Git touches it
warning: in the working copy of 'node_modules/.bin/jake.ps1', LF will be replaced by CRLF the next time Git touches it
warning: in the working copy of 'node_modules/.bin/jiti', LF will be replaced by CRLF the next time Git touches it
warning: in the working copy of 'node_modules/.bin/jiti.ps1', LF will be replaced by CRLF the next time Git touches it
warning: in the working copy of 'node_modules/.bin/js-yaml', LF will be replaced by CRLF the next time Git touches it
warning: in the working copy of 'node_modules/.bin/js-yaml.ps1', LF will be replaced by CRLF the next time Git touches it
warning: in the working copy of 'node_modules/.bin/json5', LF will be replaced by CRLF the next time Git touches it
warning: in the working copy of 'node_modules/.bin/json5.ps1', LF will be replaced by CRLF the next time Git touches it
warning: in the working copy of 'node_modules/.bin/mime', LF will be replaced by CRLF the next time Git touches it
warning: in the working copy of 'node_modules/.bin/mime.ps1', LF will be replaced by CRLF the next time Git touches it
warning: in the working copy of 'node_modules/.bin/mkdirp', LF will be replaced by CRLF the next time Git touches it
warning: in the working copy of 'node_modules/.bin/mkdirp.ps1', LF will be replaced by CRLF the next time Git touches it
warning: in the working copy of 'node_modules/.bin/node-gyp', LF will be replaced by CRLF the next time Git touches it
warning: in the working copy of 'node_modules/.bin/node-gyp.ps1', LF will be replaced by CRLF the next time Git touches it
warning: in the working copy of 'node_modules/.bin/node-which', LF will be replaced by CRLF the next time Git touches it
warning: in the working copy of 'node_modules/.bin/node-which.ps1', LF will be replaced by CRLF the next time Git touches it
warning: in the working copy of 'node_modules/.bin/nopt', LF will be replaced by CRLF the next time Git touches it
warning: in the working copy of 'node_modules/.bin/nopt.ps1', LF will be replaced by CRLF the next time Git touches it
warning: in the working copy of 'node_modules/.bin/postject', LF will be replaced by CRLF the next time Git touches it
warning: in the working copy of 'node_modules/.bin/postject.ps1', LF will be replaced by CRLF the next time Git touches it
warning: in the working copy of 'node_modules/.bin/read-binary-file-arch', LF will be replaced by CRLF the next time Git touches it
warning: in the working copy of 'node_modules/.bin/read-binary-file-arch.ps1', LF will be replaced by CRLF the next time Git touches it
warning: in the working copy of 'node_modules/.bin/rimraf', LF will be replaced by CRLF the next time Git touches it
warning: in the working copy of 'node_modules/.bin/rimraf.ps1', LF will be replaced by CRLF the next time Git touches it
warning: in the working copy of 'node_modules/.bin/semver', LF will be replaced by CRLF the next time Git touches it
warning: in the working copy of 'node_modules/.bin/semver.ps1', LF will be replaced by CRLF the next time Git touches it
warning: in the working copy of 'node_modules/@electron-internal/extract-zip/README.md', LF will be replaced by CRLF the next time Git touches it
warning: in the working copy of 'node_modules/@electron-internal/extract-zip/binding.d.ts', LF will be replaced by CRLF the next time Git touches it
warning: in the working copy of 'node_modules/@electron-internal/extract-zip/binding.js', LF will be replaced by CRLF the next time Git touches it
warning: in the working copy of 'node_modules/@electron-internal/extract-zip/index.d.ts', LF will be replaced by CRLF the next time Git touches it
warning: in the working copy of 'node_modules/@electron-internal/extract-zip/index.js', LF will be replaced by CRLF the next time Git touches it
warning: in the working copy of 'node_modules/@electron-internal/extract-zip/package.json', LF will be replaced by CRLF the next time Git touches it
warning: in the working copy of 'node_modules/@electron/asar/LICENSE.md', LF will be replaced by CRLF the next time Git touches it
warning: in the working copy of 'node_modules/@electron/asar/README.md', LF will be replaced by CRLF the next time Git touches it
warning: in the working copy of 'node_modules/@electron/asar/bin/asar.js', LF will be replaced by CRLF the next time Git touches it
warning: in the working copy of 'node_modules/@electron/asar/lib/asar.d.ts', LF will be replaced by CRLF the next time Git touches it
warning: in the working copy of 'node_modules/@electron/asar/lib/asar.js', LF will be replaced by CRLF the next time Git touches it
warning: in the working copy of 'node_modules/@electron/asar/lib/crawlfs.d.ts', LF will be replaced by CRLF the next time Git touches it
warning: in the working copy of 'node_modules/@electron/asar/lib/crawlfs.js', LF will be replaced by CRLF the next time Git touches it
warning: in the working copy of 'node_modules/@electron/asar/lib/disk.d.ts', LF will be replaced by CRLF the next time Git touches it
warning: in the working copy of 'node_modules/@electron/asar/lib/disk.js', LF will be replaced by CRLF the next time Git touches it
warning: in the working copy of 'node_modules/@electron/asar/lib/filesystem.d.ts', LF will be replaced by CRLF the next time Git touches it
warning: in the working copy of 'node_modules/@electron/asar/lib/filesystem.js', LF will be replaced by CRLF the next time Git touches it
warning: in the working copy of 'node_modules/@electron/asar/lib/integrity.d.ts', LF will be replaced by CRLF the next time Git touches it
warning: in the working copy of 'node_modules/@electron/asar/lib/integrity.js', LF will be replaced by CRLF the next time Git touches it
warning: in the working copy of 'node_modules/@electron/asar/lib/pickle.d.ts', LF will be replaced by CRLF the next time Git touches it
warning: in the working copy of 'node_modules/@electron/asar/lib/pickle.js', LF will be replaced by CRLF the next time Git touches it
warning: in the working copy of 'node_modules/@electron/asar/lib/types/glob.d.ts', LF will be replaced by CRLF the next time Git touches it
warning: in the working copy of 'node_modules/@electron/asar/lib/types/glob.js', LF will be replaced by CRLF the next time Git touches it
warning: in the working copy of 'node_modules/@electron/asar/lib/wrapped-fs.d.ts', LF will be replaced by CRLF the next time Git touches it
warning: in the working copy of 'node_modules/@electron/asar/lib/wrapped-fs.js', LF will be replaced by CRLF the next time Git touches it
warning: in the working copy of 'node_modules/@electron/asar/node_modules/balanced-match/.github/FUNDING.yml', LF will be replaced by CRLF the next time Git touches it
warning: in the working copy of 'node_modules/@electron/asar/node_modules/balanced-match/LICENSE.md', LF will be replaced by CRLF the next time Git touches it
warning: in the working copy of 'node_modules/@electron/asar/node_modules/balanced-match/README.md', LF will be replaced by CRLF the next time Git touches it
warning: in the working copy of 'node_modules/@electron/asar/node_modules/balanced-match/index.js', LF will be replaced by CRLF the next time Git touches it
warning: in the working copy of 'node_modules/@electron/asar/node_modules/balanced-match/package.json', LF will be replaced by CRLF the next time Git touches it
warning: in the working copy of 'node_modules/@electron/asar/node_modules/brace-expansion/LICENSE', LF will be replaced by CRLF the next time Git touches it
warning: in the working copy of 'node_modules/@electron/asar/node_modules/brace-expansion/README.md', LF will be replaced by CRLF the next time Git touches it
warning: in the working copy of 'node_modules/@electron/asar/node_modules/brace-expansion/index.js', LF will be replaced by CRLF the next time Git touches it
warning: in the working copy of 'node_modules/@electron/asar/node_modules/brace-expansion/package.json', LF will be replaced by CRLF the next time Git touches it
warning: in the working copy of 'node_modules/@electron/asar/node_modules/minimatch/LICENSE', LF will be replaced by CRLF the next time Git touches it
warning: in the working copy of 'node_modules/@electron/asar/node_modules/minimatch/README.md', LF will be replaced by CRLF the next time Git touches it
warning: in the working copy of 'node_modules/@electron/asar/node_modules/minimatch/minimatch.js', LF will be replaced by CRLF the next time Git touches it
warning: in the working copy of 'node_modules/@electron/asar/node_modules/minimatch/package.json', LF will be replaced by CRLF the next time Git touches it
warning: in the working copy of 'node_modules/@electron/asar/package.json', LF will be replaced by CRLF the next time Git touches it
warning: in the working copy of 'node_modules/@electron/fuses/LICENSE', LF will be replaced by CRLF the next time Git touches it
warning: in the working copy of 'node_modules/@electron/fuses/README.md', LF will be replaced by CRLF the next time Git touches it
warning: in the working copy of 'node_modules/@electron/fuses/dist/bin.d.ts', LF will be replaced by CRLF the next time Git touches it
warning: in the working copy of 'node_modules/@electron/fuses/dist/bin.js', LF will be replaced by CRLF the next time Git touches it
warning: in the working copy of 'node_modules/@electron/fuses/dist/config.d.ts', LF will be replaced by CRLF the next time Git touches it
warning: in the working copy of 'node_modules/@electron/fuses/dist/config.js', LF will be replaced by CRLF the next time Git touches it
warning: in the working copy of 'node_modules/@electron/fuses/dist/constants.d.ts', LF will be replaced by CRLF the next time Git touches it
warning: in the working copy of 'node_modules/@electron/fuses/dist/constants.js', LF will be replaced by CRLF the next time Git touches it
warning: in the working copy of 'node_modules/@electron/fuses/dist/index.d.ts', LF will be replaced by CRLF the next time Git touches it
warning: in the working copy of 'node_modules/@electron/fuses/dist/index.js', LF will be replaced by CRLF the next time Git touches it
warning: in the working copy of 'node_modules/@electron/fuses/node_modules/fs-extra/CHANGELOG.md', LF will be replaced by CRLF the next time Git touches it
warning: in the working copy of 'node_modules/@electron/fuses/node_modules/fs-extra/LICENSE', LF will be replaced by CRLF the next time Git touches it
warning: in the working copy of 'node_modules/@electron/fuses/node_modules/fs-extra/README.md', LF will be replaced by CRLF the next time Git touches it
warning: in the working copy of 'node_modules/@electron/fuses/node_modules/fs-extra/lib/copy-sync/copy-sync.js', LF will be replaced by CRLF the next time Git touches it
warning: in the working copy of 'node_modules/@electron/fuses/node_modules/fs-extra/lib/copy-sync/index.js', LF will be replaced by CRLF the next time Git touches it
warning: in the working copy of 'node_modules/@electron/fuses/node_modules/fs-extra/lib/copy/copy.js', LF will be replaced by CRLF the next time Git touches it
warning: in the working copy of 'node_modules/@electron/fuses/node_modules/fs-extra/lib/copy/index.js', LF will be replaced by CRLF the next time Git touches it
warning: in the working copy of 'node_modules/@electron/fuses/node_modules/fs-extra/lib/empty/index.js', LF will be replaced by CRLF the next time Git touches it
warning: in the working copy of 'node_modules/@electron/fuses/node_modules/fs-extra/lib/ensure/file.js', LF will be replaced by CRLF the next time Git touches it
warning: in the working copy of 'node_modules/@electron/fuses/node_modules/fs-extra/lib/ensure/index.js', LF will be replaced by CRLF the next time Git touches it
warning: in the working copy of 'node_modules/@electron/fuses/node_modules/fs-extra/lib/ensure/link.js', LF will be replaced by CRLF the next time Git touches it
warning: in the working copy of 'node_modules/@electron/fuses/node_modules/fs-extra/lib/ensure/symlink-paths.js', LF will be replaced by CRLF the next time Git touches it
warning: in the working copy of 'node_modules/@electron/fuses/node_modules/fs-extra/lib/ensure/symlink-type.js', LF will be replaced by CRLF the next time Git touches it
warning: in the working copy of 'node_modules/@electron/fuses/node_modules/fs-extra/lib/ensure/symlink.js', LF will be replaced by CRLF the next time Git touches it
warning: in the working copy of 'node_modules/@electron/fuses/node_modules/fs-extra/lib/fs/index.js', LF will be replaced by CRLF the next time Git touches it
warning: in the working copy of 'node_modules/@electron/fuses/node_modules/fs-extra/lib/index.js', LF will be replaced by CRLF the next time Git touches it
warning: in the working copy of 'node_modules/@electron/fuses/node_modules/fs-extra/lib/json/index.js', LF will be replaced by CRLF the next time Git touches it
warning: in the working copy of 'node_modules/@electron/fuses/node_modules/fs-extra/lib/json/jsonfile.js', LF will be replaced by CRLF the next time Git touches it
warning: in the working copy of 'node_modules/@electron/fuses/node_modules/fs-extra/lib/json/output-json-sync.js', LF will be replaced by CRLF the next time Git touches it
warning: in the working copy of 'node_modules/@electron/fuses/node_modules/fs-extra/lib/json/output-json.js', LF will be replaced by CRLF the next time Git touches it
warning: in the working copy of 'node_modules/@electron/fuses/node_modules/fs-extra/lib/mkdirs/index.js', LF will be replaced by CRLF the next time Git touches it
warning: in the working copy of 'node_modules/@electron/fuses/node_modules/fs-extra/lib/mkdirs/make-dir.js', LF will be replaced by CRLF the next time Git touches it
warning: in the working copy of 'node_modules/@electron/fuses/node_modules/fs-extra/lib/move-sync/index.js', LF will be replaced by CRLF the next time Git touches it
warning: in the working copy of 'node_modules/@electron/fuses/node_modules/fs-extra/lib/move-sync/move-sync.js', LF will be replaced by CRLF the next time Git touches it
warning: in the working copy of 'node_modules/@electron/fuses/node_modules/fs-extra/lib/move/index.js', LF will be replaced by CRLF the next time Git touches it
warning: in the working copy of 'node_modules/@electron/fuses/node_modules/fs-extra/lib/move/move.js', LF will be replaced by CRLF the next time Git touches it
warning: in the working copy of 'node_modules/@electron/fuses/node_modules/fs-extra/lib/output/index.js', LF will be replaced by CRLF the next time Git touches it
warning: in the working copy of 'node_modules/@electron/fuses/node_modules/fs-extra/lib/path-exists/index.js', LF will be replaced by CRLF the next time Git touches it
warning: in the working copy of 'node_modules/@electron/fuses/node_modules/fs-extra/lib/remove/index.js', LF will be replaced by CRLF the next time Git touches it
warning: in the working copy of 'node_modules/@electron/fuses/node_modules/fs-extra/lib/remove/rimraf.js', LF will be replaced by CRLF the next time Git touches it
warning: in the working copy of 'node_modules/@electron/fuses/node_modules/fs-extra/lib/util/stat.js', LF will be replaced by CRLF the next time Git touches it
warning: in the working copy of 'node_modules/@electron/fuses/node_modules/fs-extra/lib/util/utimes.js', LF will be replaced by CRLF the next time Git touches it
warning: in the working copy of 'node_modules/@electron/fuses/node_modules/fs-extra/package.json', LF will be replaced by CRLF the next time Git touches it
warning: in the working copy of 'node_modules/@electron/fuses/package.json', LF will be replaced by CRLF the next time Git touches it
warning: in the working copy of 'node_modules/@electron/get/LICENSE', LF will be replaced by CRLF the next time Git touches it
warning: in the working copy of 'node_modules/@electron/get/README.md', LF will be replaced by CRLF the next time Git touches it
warning: in the working copy of 'node_modules/@electron/get/dist/Cache.d.ts', LF will be replaced by CRLF the next time Git touches it
warning: in the working copy of 'node_modules/@electron/get/dist/Cache.js', LF will be replaced by CRLF the next time Git touches it
warning: in the working copy of 'node_modules/@electron/get/dist/Downloader.d.ts', LF will be replaced by CRLF the next time Git touches it
warning: in the working copy of 'node_modules/@electron/get/dist/Downloader.js', LF will be replaced by CRLF the next time Git touches it
warning: in the working copy of 'node_modules/@electron/get/dist/FetchDownloader.d.ts', LF will be replaced by CRLF the next time Git touches it
warning: in the working copy of 'node_modules/@electron/get/dist/FetchDownloader.js', LF will be replaced by CRLF the next time Git touches it
warning: in the working copy of 'node_modules/@electron/get/dist/artifact-utils.d.ts', LF will be replaced by CRLF the next time Git touches it
warning: in the working copy of 'node_modules/@electron/get/dist/artifact-utils.js', LF will be replaced by CRLF the next time Git touches it
warning: in the working copy of 'node_modules/@electron/get/dist/downloader-resolver.d.ts', LF will be replaced by CRLF the next time Git touches it
warning: in the working copy of 'node_modules/@electron/get/dist/downloader-resolver.js', LF will be replaced by CRLF the next time Git touches it
warning: in the working copy of 'node_modules/@electron/get/dist/index.d.ts', LF will be replaced by CRLF the next time Git touches it
warning: in the working copy of 'node_modules/@electron/get/dist/index.js', LF will be replaced by CRLF the next time Git touches it
warning: in the working copy of 'node_modules/@electron/get/dist/proxy.d.ts', LF will be replaced by CRLF the next time Git touches it
warning: in the working copy of 'node_modules/@electron/get/dist/proxy.js', LF will be replaced by CRLF the next time Git touches it
warning: in the working copy of 'node_modules/@electron/get/dist/types.d.ts', LF will be replaced by CRLF the next time Git touches it
warning: in the working copy of 'node_modules/@electron/get/dist/types.js', LF will be replaced by CRLF the next time Git touches it
warning: in the working copy of 'node_modules/@electron/get/dist/utils.d.ts', LF will be replaced by CRLF the next time Git touches it
warning: in the working copy of 'node_modules/@electron/get/dist/utils.js', LF will be replaced by CRLF the next time Git touches it
warning: in the working copy of 'node_modules/@electron/get/package.json', LF will be replaced by CRLF the next time Git touches it
warning: in the working copy of 'node_modules/@electron/notarize/LICENSE', LF will be replaced by CRLF the next time Git touches it
warning: in the working copy of 'node_modules/@electron/notarize/README.md', LF will be replaced by CRLF the next time Git touches it
warning: in the working copy of 'node_modules/@electron/notarize/lib/check-signature.d.ts', LF will be replaced by CRLF the next time Git touches it
warning: in the working copy of 'node_modules/@electron/notarize/lib/check-signature.js', LF will be replaced by CRLF the next time Git touches it
warning: in the working copy of 'node_modules/@electron/notarize/lib/helpers.d.ts', LF will be replaced by CRLF the next time Git touches it
warning: in the working copy of 'node_modules/@electron/notarize/lib/helpers.js', LF will be replaced by CRLF the next time Git touches it
warning: in the working copy of 'node_modules/@electron/notarize/lib/index.d.ts', LF will be replaced by CRLF the next time Git touches it
warning: in the working copy of 'node_modules/@electron/notarize/lib/index.js', LF will be replaced by CRLF the next time Git touches it
warning: in the working copy of 'node_modules/@electron/notarize/lib/legacy.d.ts', LF will be replaced by CRLF the next time Git touches it
warning: in the working copy of 'node_modules/@electron/notarize/lib/legacy.js', LF will be replaced by CRLF the next time Git touches it
warning: in the working copy of 'node_modules/@electron/notarize/lib/notarytool.d.ts', LF will be replaced by CRLF the next time Git touches it
warning: in the working copy of 'node_modules/@electron/notarize/lib/notarytool.js', LF will be replaced by CRLF the next time Git touches it
warning: in the working copy of 'node_modules/@electron/notarize/lib/spawn.d.ts', LF will be replaced by CRLF the next time Git touches it
warning: in the working copy of 'node_modules/@electron/notarize/lib/spawn.js', LF will be replaced by CRLF the next time Git touches it
warning: in the working copy of 'node_modules/@electron/notarize/lib/staple.d.ts', LF will be replaced by CRLF the next time Git touches it
warning: in the working copy of 'node_modules/@electron/notarize/lib/staple.js', LF will be replaced by CRLF the next time Git touches it
warning: in the working copy of 'node_modules/@electron/notarize/lib/types.d.ts', LF will be replaced by CRLF the next time Git touches it
warning: in the working copy of 'node_modules/@electron/notarize/lib/types.js', LF will be replaced by CRLF the next time Git touches it
warning: in the working copy of 'node_modules/@electron/notarize/lib/validate-args.d.ts', LF will be replaced by CRLF the next time Git touches it
warning: in the working copy of 'node_modules/@electron/notarize/lib/validate-args.js', LF will be replaced by CRLF the next time Git touches it
warning: in the working copy of 'node_modules/@electron/notarize/node_modules/fs-extra/CHANGELOG.md', LF will be replaced by CRLF the next time Git touches it
warning: in the working copy of 'node_modules/@electron/notarize/node_modules/fs-extra/LICENSE', LF will be replaced by CRLF the next time Git touches it
warning: in the working copy of 'node_modules/@electron/notarize/node_modules/fs-extra/README.md', LF will be replaced by CRLF the next time Git touches it
warning: in the working copy of 'node_modules/@electron/notarize/node_modules/fs-extra/lib/copy-sync/copy-sync.js', LF will be replaced by CRLF the next time Git touches it
warning: in the working copy of 'node_modules/@electron/notarize/node_modules/fs-extra/lib/copy-sync/index.js', LF will be replaced by CRLF the next time Git touches it
warning: in the working copy of 'node_modules/@electron/notarize/node_modules/fs-extra/lib/copy/copy.js', LF will be replaced by CRLF the next time Git touches it
warning: in the working copy of 'node_modules/@electron/notarize/node_modules/fs-extra/lib/copy/index.js', LF will be replaced by CRLF the next time Git touches it
warning: in the working copy of 'node_modules/@electron/notarize/node_modules/fs-extra/lib/empty/index.js', LF will be replaced by CRLF the next time Git touches it
warning: in the working copy of 'node_modules/@electron/notarize/node_modules/fs-extra/lib/ensure/file.js', LF will be replaced by CRLF the next time Git touches it
warning: in the working copy of 'node_modules/@electron/notarize/node_modules/fs-extra/lib/ensure/index.js', LF will be replaced by CRLF the next time Git touches it
warning: in the working copy of 'node_modules/@electron/notarize/node_modules/fs-extra/lib/ensure/link.js', LF will be replaced by CRLF the next time Git touches it
warning: in the working copy of 'node_modules/@electron/notarize/node_modules/fs-extra/lib/ensure/symlink-paths.js', LF will be replaced by CRLF the next time Git touches it
warning: in the working copy of 'node_modules/@electron/notarize/node_modules/fs-extra/lib/ensure/symlink-type.js', LF will be replaced by CRLF the next time Git touches it
warning: in the working copy of 'node_modules/@electron/notarize/node_modules/fs-extra/lib/ensure/symlink.js', LF will be replaced by CRLF the next time Git touches it
warning: in the working copy of 'node_modules/@electron/notarize/node_modules/fs-extra/lib/fs/index.js', LF will be replaced by CRLF the next time Git touches it
warning: in the working copy of 'node_modules/@electron/notarize/node_modules/fs-extra/lib/index.js', LF will be replaced by CRLF the next time Git touches it
warning: in the working copy of 'node_modules/@electron/notarize/node_modules/fs-extra/lib/json/index.js', LF will be replaced by CRLF the next time Git touches it
warning: in the working copy of 'node_modules/@electron/notarize/node_modules/fs-extra/lib/json/jsonfile.js', LF will be replaced by CRLF the next time Git touches it
warning: in the working copy of 'node_modules/@electron/notarize/node_modules/fs-extra/lib/json/output-json-sync.js', LF will be replaced by CRLF the next time Git touches it
warning: in the working copy of 'node_modules/@electron/notarize/node_modules/fs-extra/lib/json/output-json.js', LF will be replaced by CRLF the next time Git touches it
warning: in the working copy of 'node_modules/@electron/notarize/node_modules/fs-extra/lib/mkdirs/index.js', LF will be replaced by CRLF the next time Git touches it
warning: in the working copy of 'node_modules/@electron/notarize/node_modules/fs-extra/lib/mkdirs/make-dir.js', LF will be replaced by CRLF the next time Git touches it
warning: in the working copy of 'node_modules/@electron/notarize/node_modules/fs-extra/lib/move-sync/index.js', LF will be replaced by CRLF the next time Git touches it
warning: in the working copy of 'node_modules/@electron/notarize/node_modules/fs-extra/lib/move-sync/move-sync.js', LF will be replaced by CRLF the next time Git touches it
warning: in the working copy of 'node_modules/@electron/notarize/node_modules/fs-extra/lib/move/index.js', LF will be replaced by CRLF the next time Git touches it
warning: in the working copy of 'node_modules/@electron/notarize/node_modules/fs-extra/lib/move/move.js', LF will be replaced by CRLF the next time Git touches it
warning: in the working copy of 'node_modules/@electron/notarize/node_modules/fs-extra/lib/output/index.js', LF will be replaced by CRLF the next time Git touches it
warning: in the working copy of 'node_modules/@electron/notarize/node_modules/fs-extra/lib/path-exists/index.js', LF will be replaced by CRLF the next time Git touches it
warning: in the working copy of 'node_modules/@electron/notarize/node_modules/fs-extra/lib/remove/index.js', LF will be replaced by CRLF the next time Git touches it
warning: in the working copy of 'node_modules/@electron/notarize/node_modules/fs-extra/lib/remove/rimraf.js', LF will be replaced by CRLF the next time Git touches it
warning: in the working copy of 'node_modules/@electron/notarize/node_modules/fs-extra/lib/util/stat.js', LF will be replaced by CRLF the next time Git touches it
warning: in the working copy of 'node_modules/@electron/notarize/node_modules/fs-extra/lib/util/utimes.js', LF will be replaced by CRLF the next time Git touches it
warning: in the working copy of 'node_modules/@electron/notarize/node_modules/fs-extra/package.json', LF will be replaced by CRLF the next time Git touches it
warning: in the working copy of 'node_modules/@electron/notarize/package.json', LF will be replaced by CRLF the next time Git touches it
warning: in the working copy of 'node_modules/@electron/osx-sign/LICENSE', LF will be replaced by CRLF the next time Git touches it
warning: in the working copy of 'node_modules/@electron/osx-sign/README.md', LF will be replaced by CRLF the next time Git touches it
warning: in the working copy of 'node_modules/@electron/osx-sign/bin/electron-osx-flat-usage.txt', LF will be replaced by CRLF the next time Git touches it
warning: in the working copy of 'node_modules/@electron/osx-sign/bin/electron-osx-flat.js', LF will be replaced by CRLF the next time Git touches it
warning: in the working copy of 'node_modules/@electron/osx-sign/bin/electron-osx-sign-usage.txt', LF will be replaced by CRLF the next time Git touches it
warning: in the working copy of 'node_modules/@electron/osx-sign/bin/electron-osx-sign.js', LF will be replaced by CRLF the next time Git touches it
warning: in the working copy of 'node_modules/@electron/osx-sign/dist/cjs/flat.d.ts', LF will be replaced by CRLF the next time Git touches it
warning: in the working copy of 'node_modules/@electron/osx-sign/dist/cjs/flat.js', LF will be replaced by CRLF the next time Git touches it
warning: in the working copy of 'node_modules/@electron/osx-sign/dist/cjs/index.d.ts', LF will be replaced by CRLF the next time Git touches it
warning: in the working copy of 'node_modules/@electron/osx-sign/dist/cjs/index.js', LF will be replaced by CRLF the next time Git touches it
warning: in the working copy of 'node_modules/@electron/osx-sign/dist/cjs/sign.d.ts', LF will be replaced by CRLF the next time Git touches it
warning: in the working copy of 'node_modules/@electron/osx-sign/dist/cjs/sign.js', LF will be replaced by CRLF the next time Git touches it
warning: in the working copy of 'node_modules/@electron/osx-sign/dist/cjs/types.d.ts', LF will be replaced by CRLF the next time Git touches it
warning: in the working copy of 'node_modules/@electron/osx-sign/dist/cjs/types.js', LF will be replaced by CRLF the next time Git touches it
warning: in the working copy of 'node_modules/@electron/osx-sign/dist/cjs/util-entitlements.d.ts', LF will be replaced by CRLF the next time Git touches it
warning: in the working copy of 'node_modules/@electron/osx-sign/dist/cjs/util-entitlements.js', LF will be replaced by CRLF the next time Git touches it
warning: in the working copy of 'node_modules/@electron/osx-sign/dist/cjs/util-identities.d.ts', LF will be replaced by CRLF the next time Git touches it
warning: in the working copy of 'node_modules/@electron/osx-sign/dist/cjs/util-identities.js', LF will be replaced by CRLF the next time Git touches it
warning: in the working copy of 'node_modules/@electron/osx-sign/dist/cjs/util-provisioning-profiles.d.ts', LF will be replaced by CRLF the next time Git touches it
warning: in the working copy of 'node_modules/@electron/osx-sign/dist/cjs/util-provisioning-profiles.js', LF will be replaced by CRLF the next time Git touches it
warning: in the working copy of 'node_modules/@electron/osx-sign/dist/cjs/util.d.ts', LF will be replaced by CRLF the next time Git touches it
warning: in the working copy of 'node_modules/@electron/osx-sign/dist/cjs/util.js', LF will be replaced by CRLF the next time Git touches it
warning: in the working copy of 'node_modules/@electron/osx-sign/dist/esm/flat.d.ts', LF will be replaced by CRLF the next time Git touches it
warning: in the working copy of 'node_modules/@electron/osx-sign/dist/esm/flat.js', LF will be replaced by CRLF the next time Git touches it
warning: in the working copy of 'node_modules/@electron/osx-sign/dist/esm/index.d.ts', LF will be replaced by CRLF the next time Git touches it
warning: in the working copy of 'node_modules/@electron/osx-sign/dist/esm/index.js', LF will be replaced by CRLF the next time Git touches it
warning: in the working copy of 'node_modules/@electron/osx-sign/dist/esm/sign.d.ts', LF will be replaced by CRLF the next time Git touches it
warning: in the working copy of 'node_modules/@electron/osx-sign/dist/esm/sign.js', LF will be replaced by CRLF the next time Git touches it
warning: in the working copy of 'node_modules/@electron/osx-sign/dist/esm/types.d.ts', LF will be replaced by CRLF the next time Git touches it
warning: in the working copy of 'node_modules/@electron/osx-sign/dist/esm/types.js', LF will be replaced by CRLF the next time Git touches it
warning: in the working copy of 'node_modules/@electron/osx-sign/dist/esm/util-entitlements.d.ts', LF will be replaced by CRLF the next time Git touches it
warning: in the working copy of 'node_modules/@electron/osx-sign/dist/esm/util-entitlements.js', LF will be replaced by CRLF the next time Git touches it
warning: in the working copy of 'node_modules/@electron/osx-sign/dist/esm/util-identities.d.ts', LF will be replaced by CRLF the next time Git touches it
warning: in the working copy of 'node_modules/@electron/osx-sign/dist/esm/util-identities.js', LF will be replaced by CRLF the next time Git touches it
warning: in the working copy of 'node_modules/@electron/osx-sign/dist/esm/util-provisioning-profiles.d.ts', LF will be replaced by CRLF the next time Git touches it
warning: in the working copy of 'node_modules/@electron/osx-sign/dist/esm/util-provisioning-profiles.js', LF will be replaced by CRLF the next time Git touches it
warning: in the working copy of 'node_modules/@electron/osx-sign/dist/esm/util.d.ts', LF will be replaced by CRLF the next time Git touches it
warning: in the working copy of 'node_modules/@electron/osx-sign/dist/esm/util.js', LF will be replaced by CRLF the next time Git touches it
warning: in the working copy of 'node_modules/@electron/osx-sign/entitlements/default.darwin.gpu.plist', LF will be replaced by CRLF the next time Git touches it
warning: in the working copy of 'node_modules/@electron/osx-sign/entitlements/default.darwin.plist', LF will be replaced by CRLF the next time Git touches it
warning: in the working copy of 'node_modules/@electron/osx-sign/entitlements/default.darwin.plugin.plist', LF will be replaced by CRLF the next time Git touches it
warning: in the working copy of 'node_modules/@electron/osx-sign/entitlements/default.darwin.renderer.plist', LF will be replaced by CRLF the next time Git touches it
warning: in the working copy of 'node_modules/@electron/osx-sign/entitlements/default.mas.child.plist', LF will be replaced by CRLF the next time Git touches it
warning: in the working copy of 'node_modules/@electron/osx-sign/entitlements/default.mas.plist', LF will be replaced by CRLF the next time Git touches it
warning: in the working copy of 'node_modules/@electron/osx-sign/node_modules/isbinaryfile/LICENSE.txt', LF will be replaced by CRLF the next time Git touches it
warning: in the working copy of 'node_modules/@electron/osx-sign/node_modules/isbinaryfile/README.md', LF will be replaced by CRLF the next time Git touches it
warning: in the working copy of 'node_modules/@electron/osx-sign/node_modules/isbinaryfile/lib/index.d.ts', LF will be replaced by CRLF the next time Git touches it
warning: in the working copy of 'node_modules/@electron/osx-sign/node_modules/isbinaryfile/lib/index.js', LF will be replaced by CRLF the next time Git touches it
warning: in the working copy of 'node_modules/@electron/osx-sign/node_modules/isbinaryfile/package.json', LF will be replaced by CRLF the next time Git touches it
warning: in the working copy of 'node_modules/@electron/osx-sign/package.json', LF will be replaced by CRLF the next time Git touches it
warning: in the working copy of 'node_modules/@electron/rebuild/LICENSE', LF will be replaced by CRLF the next time Git touches it
warning: in the working copy of 'node_modules/@electron/rebuild/README.md', LF will be replaced by CRLF the next time Git touches it
warning: in the working copy of 'node_modules/@electron/rebuild/lib/arch.d.ts', LF will be replaced by CRLF the next time Git touches it
warning: in the working copy of 'node_modules/@electron/rebuild/lib/arch.js', LF will be replaced by CRLF the next time Git touches it
warning: in the working copy of 'node_modules/@electron/rebuild/lib/cache.d.ts', LF will be replaced by CRLF the next time Git touches it
warning: in the working copy of 'node_modules/@electron/rebuild/lib/cache.js', LF will be replaced by CRLF the next time Git touches it
warning: in the working copy of 'node_modules/@electron/rebuild/lib/clang-fetcher.d.ts', LF will be replaced by CRLF the next time Git touches it
warning: in the working copy of 'node_modules/@electron/rebuild/lib/clang-fetcher.js', LF will be replaced by CRLF the next time Git touches it
warning: in the working copy of 'node_modules/@electron/rebuild/lib/cli.d.ts', LF will be replaced by CRLF the next time Git touches it
warning: in the working copy of 'node_modules/@electron/rebuild/lib/cli.js', LF will be replaced by CRLF the next time Git touches it
warning: in the working copy of 'node_modules/@electron/rebuild/lib/constants.d.ts', LF will be replaced by CRLF the next time Git touches it
warning: in the working copy of 'node_modules/@electron/rebuild/lib/constants.js', LF will be replaced by CRLF the next time Git touches it
warning: in the working copy of 'node_modules/@electron/rebuild/lib/detect-libc.d.ts', LF will be replaced by CRLF the next time Git touches it
warning: in the working copy of 'node_modules/@electron/rebuild/lib/detect-libc.js', LF will be replaced by CRLF the next time Git touches it
warning: in the working copy of 'node_modules/@electron/rebuild/lib/electron-locator.d.ts', LF will be replaced by CRLF the next time Git touches it
warning: in the working copy of 'node_modules/@electron/rebuild/lib/electron-locator.js', LF will be replaced by CRLF the next time Git touches it
warning: in the working copy of 'node_modules/@electron/rebuild/lib/fetcher.d.ts', LF will be replaced by CRLF the next time Git touches it
warning: in the working copy of 'node_modules/@electron/rebuild/lib/fetcher.js', LF will be replaced by CRLF the next time Git touches it
warning: in the working copy of 'node_modules/@electron/rebuild/lib/main.d.ts', LF will be replaced by CRLF the next time Git touches it
warning: in the working copy of 'node_modules/@electron/rebuild/lib/main.js', LF will be replaced by CRLF the next time Git touches it
warning: in the working copy of 'node_modules/@electron/rebuild/lib/module-rebuilder.d.ts', LF will be replaced by CRLF the next time Git touches it
warning: in the working copy of 'node_modules/@electron/rebuild/lib/module-rebuilder.js', LF will be replaced by CRLF the next time Git touches it
warning: in the working copy of 'node_modules/@electron/rebuild/lib/module-type/index.d.ts', LF will be replaced by CRLF the next time Git touches it
warning: in the working copy of 'node_modules/@electron/rebuild/lib/module-type/index.js', LF will be replaced by CRLF the next time Git touches it
warning: in the working copy of 'node_modules/@electron/rebuild/lib/module-type/node-gyp/node-gyp.d.ts', LF will be replaced by CRLF the next time Git touches it
warning: in the working copy of 'node_modules/@electron/rebuild/lib/module-type/node-gyp/node-gyp.js', LF will be replaced by CRLF the next time Git touches it
warning: in the working copy of 'node_modules/@electron/rebuild/lib/module-type/node-gyp/worker.d.ts', LF will be replaced by CRLF the next time Git touches it
warning: in the working copy of 'node_modules/@electron/rebuild/lib/module-type/node-gyp/worker.js', LF will be replaced by CRLF the next time Git touches it
warning: in the working copy of 'node_modules/@electron/rebuild/lib/module-type/node-pre-gyp.d.ts', LF will be replaced by CRLF the next time Git touches it
warning: in the working copy of 'node_modules/@electron/rebuild/lib/module-type/node-pre-gyp.js', LF will be replaced by CRLF the next time Git touches it
warning: in the working copy of 'node_modules/@electron/rebuild/lib/module-type/prebuild-install.d.ts', LF will be replaced by CRLF the next time Git touches it
warning: in the working copy of 'node_modules/@electron/rebuild/lib/module-type/prebuild-install.js', LF will be replaced by CRLF the next time Git touches it
warning: in the working copy of 'node_modules/@electron/rebuild/lib/module-type/prebuildify.d.ts', LF will be replaced by CRLF the next time Git touches it
warning: in the working copy of 'node_modules/@electron/rebuild/lib/module-type/prebuildify.js', LF will be replaced by CRLF the next time Git touches it
warning: in the working copy of 'node_modules/@electron/rebuild/lib/module-walker.d.ts', LF will be replaced by CRLF the next time Git touches it
warning: in the working copy of 'node_modules/@electron/rebuild/lib/module-walker.js', LF will be replaced by CRLF the next time Git touches it
warning: in the working copy of 'node_modules/@electron/rebuild/lib/node-api.d.ts', LF will be replaced by CRLF the next time Git touches it
warning: in the working copy of 'node_modules/@electron/rebuild/lib/node-api.js', LF will be replaced by CRLF the next time Git touches it
warning: in the working copy of 'node_modules/@electron/rebuild/lib/prebuild-shim.d.ts', LF will be replaced by CRLF the next time Git touches it
warning: in the working copy of 'node_modules/@electron/rebuild/lib/prebuild-shim.js', LF will be replaced by CRLF the next time Git touches it
warning: in the working copy of 'node_modules/@electron/rebuild/lib/read-package-json.d.ts', LF will be replaced by CRLF the next time Git touches it
warning: in the working copy of 'node_modules/@electron/rebuild/lib/read-package-json.js', LF will be replaced by CRLF the next time Git touches it
warning: in the working copy of 'node_modules/@electron/rebuild/lib/rebuild.d.ts', LF will be replaced by CRLF the next time Git touches it
warning: in the working copy of 'node_modules/@electron/rebuild/lib/rebuild.js', LF will be replaced by CRLF the next time Git touches it
warning: in the working copy of 'node_modules/@electron/rebuild/lib/search-module.d.ts', LF will be replaced by CRLF the next time Git touches it
warning: in the working copy of 'node_modules/@electron/rebuild/lib/search-module.js', LF will be replaced by CRLF the next time Git touches it
warning: in the working copy of 'node_modules/@electron/rebuild/lib/sysroot-fetcher.d.ts', LF will be replaced by CRLF the next time Git touches it
warning: in the working copy of 'node_modules/@electron/rebuild/lib/sysroot-fetcher.js', LF will be replaced by CRLF the next time Git touches it
warning: in the working copy of 'node_modules/@electron/rebuild/lib/types.d.ts', LF will be replaced by CRLF the next time Git touches it
warning: in the working copy of 'node_modules/@electron/rebuild/lib/types.js', LF will be replaced by CRLF the next time Git touches it
warning: in the working copy of 'node_modules/@electron/rebuild/package.json', LF will be replaced by CRLF the next time Git touches it
warning: in the working copy of 'node_modules/@electron/universal/LICENSE', LF will be replaced by CRLF the next time Git touches it
warning: in the working copy of 'node_modules/@electron/universal/README.md', LF will be replaced by CRLF the next time Git touches it
warning: in the working copy of 'node_modules/@electron/universal/dist/cjs/asar-utils.d.ts', LF will be replaced by CRLF the next time Git touches it
warning: in the working copy of 'node_modules/@electron/universal/dist/cjs/asar-utils.js', LF will be replaced by CRLF the next time Git touches it
warning: in the working copy of 'node_modules/@electron/universal/dist/cjs/debug.d.ts', LF will be replaced by CRLF the next time Git touches it
warning: in the working copy of 'node_modules/@electron/universal/dist/cjs/debug.js', LF will be replaced by CRLF the next time Git touches it
warning: in the working copy of 'node_modules/@electron/universal/dist/cjs/file-utils.d.ts', LF will be replaced by CRLF the next time Git touches it
warning: in the working copy of 'node_modules/@electron/universal/dist/cjs/file-utils.js', LF will be replaced by CRLF the next time Git touches it
warning: in the working copy of 'node_modules/@electron/universal/dist/cjs/index.d.ts', LF will be replaced by CRLF the next time Git touches it
warning: in the working copy of 'node_modules/@electron/universal/dist/cjs/index.js', LF will be replaced by CRLF the next time Git touches it
warning: in the working copy of 'node_modules/@electron/universal/dist/cjs/integrity.d.ts', LF will be replaced by CRLF the next time Git touches it
warning: in the working copy of 'node_modules/@electron/universal/dist/cjs/integrity.js', LF will be replaced by CRLF the next time Git touches it
warning: in the working copy of 'node_modules/@electron/universal/dist/cjs/sha.d.ts', LF will be replaced by CRLF the next time Git touches it
warning: in the working copy of 'node_modules/@electron/universal/dist/cjs/sha.js', LF will be replaced by CRLF the next time Git touches it
warning: in the working copy of 'node_modules/@electron/universal/dist/esm/asar-utils.d.ts', LF will be replaced by CRLF the next time Git touches it
warning: in the working copy of 'node_modules/@electron/universal/dist/esm/asar-utils.js', LF will be replaced by CRLF the next time Git touches it
warning: in the working copy of 'node_modules/@electron/universal/dist/esm/debug.d.ts', LF will be replaced by CRLF the next time Git touches it
warning: in the working copy of 'node_modules/@electron/universal/dist/esm/debug.js', LF will be replaced by CRLF the next time Git touches it
warning: in the working copy of 'node_modules/@electron/universal/dist/esm/file-utils.d.ts', LF will be replaced by CRLF the next time Git touches it
warning: in the working copy of 'node_modules/@electron/universal/dist/esm/file-utils.js', LF will be replaced by CRLF the next time Git touches it
warning: in the working copy of 'node_modules/@electron/universal/dist/esm/index.d.ts', LF will be replaced by CRLF the next time Git touches it
warning: in the working copy of 'node_modules/@electron/universal/dist/esm/index.js', LF will be replaced by CRLF the next time Git touches it
warning: in the working copy of 'node_modules/@electron/universal/dist/esm/integrity.d.ts', LF will be replaced by CRLF the next time Git touches it
warning: in the working copy of 'node_modules/@electron/universal/dist/esm/integrity.js', LF will be replaced by CRLF the next time Git touches it
warning: in the working copy of 'node_modules/@electron/universal/dist/esm/sha.d.ts', LF will be replaced by CRLF the next time Git touches it
warning: in the working copy of 'node_modules/@electron/universal/dist/esm/sha.js', LF will be replaced by CRLF the next time Git touches it
warning: in the working copy of 'node_modules/@electron/universal/entry-asar/has-asar.js', LF will be replaced by CRLF the next time Git touches it
warning: in the working copy of 'node_modules/@electron/universal/entry-asar/no-asar.js', LF will be replaced by CRLF the next time Git touches it
warning: in the working copy of 'node_modules/@electron/universal/node_modules/balanced-match/.github/FUNDING.yml', LF will be replaced by CRLF the next time Git touches it
warning: in the working copy of 'node_modules/@electron/universal/node_modules/balanced-match/LICENSE.md', LF will be replaced by CRLF the next time Git touches it
warning: in the working copy of 'node_modules/@electron/universal/node_modules/balanced-match/README.md', LF will be replaced by CRLF the next time Git touches it
warning: in the working copy of 'node_modules/@electron/universal/node_modules/balanced-match/index.js', LF will be replaced by CRLF the next time Git touches it
warning: in the working copy of 'node_modules/@electron/universal/node_modules/balanced-match/package.json', LF will be replaced by CRLF the next time Git touches it
warning: in the working copy of 'node_modules/@electron/universal/node_modules/brace-expansion/.github/FUNDING.yml', LF will be replaced by CRLF the next time Git touches it
warning: in the working copy of 'node_modules/@electron/universal/node_modules/brace-expansion/LICENSE', LF will be replaced by CRLF the next time Git touches it
warning: in the working copy of 'node_modules/@electron/universal/node_modules/brace-expansion/README.md', LF will be replaced by CRLF the next time Git touches it
warning: in the working copy of 'node_modules/@electron/universal/node_modules/brace-expansion/index.js', LF will be replaced by CRLF the next time Git touches it
warning: in the working copy of 'node_modules/@electron/universal/node_modules/brace-expansion/package.json', LF will be replaced by CRLF the next time Git touches it
warning: in the working copy of 'node_modules/@electron/universal/node_modules/fs-extra/LICENSE', LF will be replaced by CRLF the next time Git touches it
warning: in the working copy of 'node_modules/@electron/universal/node_modules/fs-extra/README.md', LF will be replaced by CRLF the next time Git touches it
warning: in the working copy of 'node_modules/@electron/universal/node_modules/fs-extra/lib/copy/copy-sync.js', LF will be replaced by CRLF the next time Git touches it
warning: in the working copy of 'node_modules/@electron/universal/node_modules/fs-extra/lib/copy/copy.js', LF will be replaced by CRLF the next time Git touches it
warning: in the working copy of 'node_modules/@electron/universal/node_modules/fs-extra/lib/copy/index.js', LF will be replaced by CRLF the next time Git touches it
warning: in the working copy of 'node_modules/@electron/universal/node_modules/fs-extra/lib/empty/index.js', LF will be replaced by CRLF the next time Git touches it
warning: in the working copy of 'node_modules/@electron/universal/node_modules/fs-extra/lib/ensure/file.js', LF will be replaced by CRLF the next time Git touches it
warning: in the working copy of 'node_modules/@electron/universal/node_modules/fs-extra/lib/ensure/index.js', LF will be replaced by CRLF the next time Git touches it
warning: in the working copy of 'node_modules/@electron/universal/node_modules/fs-extra/lib/ensure/link.js', LF will be replaced by CRLF the next time Git touches it
warning: in the working copy of 'node_modules/@electron/universal/node_modules/fs-extra/lib/ensure/symlink-paths.js', LF will be replaced by CRLF the next time Git touches it
warning: in the working copy of 'node_modules/@electron/universal/node_modules/fs-extra/lib/ensure/symlink-type.js', LF will be replaced by CRLF the next time Git touches it
warning: in the working copy of 'node_modules/@electron/universal/node_modules/fs-extra/lib/ensure/symlink.js', LF will be replaced by CRLF the next time Git touches it
warning: in the working copy of 'node_modules/@electron/universal/node_modules/fs-extra/lib/esm.mjs', LF will be replaced by CRLF the next time Git touches it
warning: in the working copy of 'node_modules/@electron/universal/node_modules/fs-extra/lib/fs/index.js', LF will be replaced by CRLF the next time Git touches it
warning: in the working copy of 'node_modules/@electron/universal/node_modules/fs-extra/lib/index.js', LF will be replaced by CRLF the next time Git touches it
warning: in the working copy of 'node_modules/@electron/universal/node_modules/fs-extra/lib/json/index.js', LF will be replaced by CRLF the next time Git touches it
warning: in the working copy of 'node_modules/@electron/universal/node_modules/fs-extra/lib/json/jsonfile.js', LF will be replaced by CRLF the next time Git touches it
warning: in the working copy of 'node_modules/@electron/universal/node_modules/fs-extra/lib/json/output-json-sync.js', LF will be replaced by CRLF the next time Git touches it
warning: in the working copy of 'node_modules/@electron/universal/node_modules/fs-extra/lib/json/output-json.js', LF will be replaced by CRLF the next time Git touches it
warning: in the working copy of 'node_modules/@electron/universal/node_modules/fs-extra/lib/mkdirs/index.js', LF will be replaced by CRLF the next time Git touches it
warning: in the working copy of 'node_modules/@electron/universal/node_modules/fs-extra/lib/mkdirs/make-dir.js', LF will be replaced by CRLF the next time Git touches it
warning: in the working copy of 'node_modules/@electron/universal/node_modules/fs-extra/lib/mkdirs/utils.js', LF will be replaced by CRLF the next time Git touches it
warning: in the working copy of 'node_modules/@electron/universal/node_modules/fs-extra/lib/move/index.js', LF will be replaced by CRLF the next time Git touches it
warning: in the working copy of 'node_modules/@electron/universal/node_modules/fs-extra/lib/move/move-sync.js', LF will be replaced by CRLF the next time Git touches it
warning: in the working copy of 'node_modules/@electron/universal/node_modules/fs-extra/lib/move/move.js', LF will be replaced by CRLF the next time Git touches it
warning: in the working copy of 'node_modules/@electron/universal/node_modules/fs-extra/lib/output-file/index.js', LF will be replaced by CRLF the next time Git touches it
warning: in the working copy of 'node_modules/@electron/universal/node_modules/fs-extra/lib/path-exists/index.js', LF will be replaced by CRLF the next time Git touches it
warning: in the working copy of 'node_modules/@electron/universal/node_modules/fs-extra/lib/remove/index.js', LF will be replaced by CRLF the next time Git touches it
warning: in the working copy of 'node_modules/@electron/universal/node_modules/fs-extra/lib/util/async.js', LF will be replaced by CRLF the next time Git touches it
warning: in the working copy of 'node_modules/@electron/universal/node_modules/fs-extra/lib/util/stat.js', LF will be replaced by CRLF the next time Git touches it
warning: in the working copy of 'node_modules/@electron/universal/node_modules/fs-extra/lib/util/utimes.js', LF will be replaced by CRLF the next time Git touches it
warning: in the working copy of 'node_modules/@electron/universal/node_modules/fs-extra/package.json', LF will be replaced by CRLF the next time Git touches it
warning: in the working copy of 'node_modules/@electron/universal/node_modules/minimatch/LICENSE', LF will be replaced by CRLF the next time Git touches it
warning: in the working copy of 'node_modules/@electron/universal/node_modules/minimatch/README.md', LF will be replaced by CRLF the next time Git touches it
warning: in the working copy of 'node_modules/@electron/universal/node_modules/minimatch/dist/commonjs/assert-valid-pattern.d.ts', LF will be replaced by CRLF the next time Git touches it
warning: in the working copy of 'node_modules/@electron/universal/node_modules/minimatch/dist/commonjs/assert-valid-pattern.js', LF will be replaced by CRLF the next time Git touches it
warning: in the working copy of 'node_modules/@electron/universal/node_modules/minimatch/dist/commonjs/ast.d.ts', LF will be replaced by CRLF the next time Git touches it
warning: in the working copy of 'node_modules/@electron/universal/node_modules/minimatch/dist/commonjs/ast.js', LF will be replaced by CRLF the next time Git touches it
warning: in the working copy of 'node_modules/@electron/universal/node_modules/minimatch/dist/commonjs/brace-expressions.d.ts', LF will be replaced by CRLF the next time Git touches it
warning: in the working copy of 'node_modules/@electron/universal/node_modules/minimatch/dist/commonjs/brace-expressions.js', LF will be replaced by CRLF the next time Git touches it
warning: in the working copy of 'node_modules/@electron/universal/node_modules/minimatch/dist/commonjs/escape.d.ts', LF will be replaced by CRLF the next time Git touches it
warning: in the working copy of 'node_modules/@electron/universal/node_modules/minimatch/dist/commonjs/escape.js', LF will be replaced by CRLF the next time Git touches it
warning: in the working copy of 'node_modules/@electron/universal/node_modules/minimatch/dist/commonjs/index.d.ts', LF will be replaced by CRLF the next time Git touches it
warning: in the working copy of 'node_modules/@electron/universal/node_modules/minimatch/dist/commonjs/index.js', LF will be replaced by CRLF the next time Git touches it
warning: in the working copy of 'node_modules/@electron/universal/node_modules/minimatch/dist/commonjs/package.json', LF will be replaced by CRLF the next time Git touches it
warning: in the working copy of 'node_modules/@electron/universal/node_modules/minimatch/dist/commonjs/unescape.d.ts', LF will be replaced by CRLF the next time Git touches it
warning: in the working copy of 'node_modules/@electron/universal/node_modules/minimatch/dist/commonjs/unescape.js', LF will be replaced by CRLF the next time Git touches it
warning: in the working copy of 'node_modules/@electron/universal/node_modules/minimatch/dist/esm/assert-valid-pattern.d.ts', LF will be replaced by CRLF the next time Git touches it
warning: in the working copy of 'node_modules/@electron/universal/node_modules/minimatch/dist/esm/assert-valid-pattern.js', LF will be replaced by CRLF the next time Git touches it
warning: in the working copy of 'node_modules/@electron/universal/node_modules/minimatch/dist/esm/ast.d.ts', LF will be replaced by CRLF the next time Git touches it
warning: in the working copy of 'node_modules/@electron/universal/node_modules/minimatch/dist/esm/ast.js', LF will be replaced by CRLF the next time Git touches it
warning: in the working copy of 'node_modules/@electron/universal/node_modules/minimatch/dist/esm/brace-expressions.d.ts', LF will be replaced by CRLF the next time Git touches it
warning: in the working copy of 'node_modules/@electron/universal/node_modules/minimatch/dist/esm/brace-expressions.js', LF will be replaced by CRLF the next time Git touches it
warning: in the working copy of 'node_modules/@electron/universal/node_modules/minimatch/dist/esm/escape.d.ts', LF will be replaced by CRLF the next time Git touches it
warning: in the working copy of 'node_modules/@electron/universal/node_modules/minimatch/dist/esm/escape.js', LF will be replaced by CRLF the next time Git touches it
warning: in the working copy of 'node_modules/@electron/universal/node_modules/minimatch/dist/esm/index.d.ts', LF will be replaced by CRLF the next time Git touches it
warning: in the working copy of 'node_modules/@electron/universal/node_modules/minimatch/dist/esm/index.js', LF will be replaced by CRLF the next time Git touches it
warning: in the working copy of 'node_modules/@electron/universal/node_modules/minimatch/dist/esm/package.json', LF will be replaced by CRLF the next time Git touches it
warning: in the working copy of 'node_modules/@electron/universal/node_modules/minimatch/dist/esm/unescape.d.ts', LF will be replaced by CRLF the next time Git touches it
warning: in the working copy of 'node_modules/@electron/universal/node_modules/minimatch/dist/esm/unescape.js', LF will be replaced by CRLF the next time Git touches it
warning: in the working copy of 'node_modules/@electron/universal/node_modules/minimatch/package.json', LF will be replaced by CRLF the next time Git touches it
warning: in the working copy of 'node_modules/@electron/universal/package.json', LF will be replaced by CRLF the next time Git touches it
warning: in the working copy of 'node_modules/@electron/windows-sign/LICENSE', LF will be replaced by CRLF the next time Git touches it
warning: in the working copy of 'node_modules/@electron/windows-sign/README.md', LF will be replaced by CRLF the next time Git touches it
warning: in the working copy of 'node_modules/@electron/windows-sign/bin/electron-windows-sign-usage.txt', LF will be replaced by CRLF the next time Git touches it
warning: in the working copy of 'node_modules/@electron/windows-sign/bin/electron-windows-sign.js', LF will be replaced by CRLF the next time Git touches it
warning: in the working copy of 'node_modules/@electron/windows-sign/dist/cjs/files.d.ts', LF will be replaced by CRLF the next time Git touches it
warning: in the working copy of 'node_modules/@electron/windows-sign/dist/cjs/files.js', LF will be replaced by CRLF the next time Git touches it
warning: in the working copy of 'node_modules/@electron/windows-sign/dist/cjs/index.d.ts', LF will be replaced by CRLF the next time Git touches it
warning: in the working copy of 'node_modules/@electron/windows-sign/dist/cjs/index.js', LF will be replaced by CRLF the next time Git touches it
warning: in the working copy of 'node_modules/@electron/windows-sign/dist/cjs/sea.d.ts', LF will be replaced by CRLF the next time Git touches it
warning: in the working copy of 'node_modules/@electron/windows-sign/dist/cjs/sea.js', LF will be replaced by CRLF the next time Git touches it
warning: in the working copy of 'node_modules/@electron/windows-sign/dist/cjs/sign-with-hook.d.ts', LF will be replaced by CRLF the next time Git touches it
warning: in the working copy of 'node_modules/@electron/windows-sign/dist/cjs/sign-with-hook.js', LF will be replaced by CRLF the next time Git touches it
warning: in the working copy of 'node_modules/@electron/windows-sign/dist/cjs/sign-with-signtool.d.ts', LF will be replaced by CRLF the next time Git touches it
warning: in the working copy of 'node_modules/@electron/windows-sign/dist/cjs/sign-with-signtool.js', LF will be replaced by CRLF the next time Git touches it
warning: in the working copy of 'node_modules/@electron/windows-sign/dist/cjs/sign.d.ts', LF will be replaced by CRLF the next time Git touches it
warning: in the working copy of 'node_modules/@electron/windows-sign/dist/cjs/sign.js', LF will be replaced by CRLF the next time Git touches it
warning: in the working copy of 'node_modules/@electron/windows-sign/dist/cjs/spawn.d.ts', LF will be replaced by CRLF the next time Git touches it
warning: in the working copy of 'node_modules/@electron/windows-sign/dist/cjs/spawn.js', LF will be replaced by CRLF the next time Git touches it
warning: in the working copy of 'node_modules/@electron/windows-sign/dist/cjs/types.d.ts', LF will be replaced by CRLF the next time Git touches it
warning: in the working copy of 'node_modules/@electron/windows-sign/dist/cjs/types.js', LF will be replaced by CRLF the next time Git touches it
warning: in the working copy of 'node_modules/@electron/windows-sign/dist/cjs/utils/log.d.ts', LF will be replaced by CRLF the next time Git touches it
warning: in the working copy of 'node_modules/@electron/windows-sign/dist/cjs/utils/log.js', LF will be replaced by CRLF the next time Git touches it
warning: in the working copy of 'node_modules/@electron/windows-sign/dist/cjs/utils/parse-env.d.ts', LF will be replaced by CRLF the next time Git touches it
warning: in the working copy of 'node_modules/@electron/windows-sign/dist/cjs/utils/parse-env.js', LF will be replaced by CRLF the next time Git touches it
warning: in the working copy of 'node_modules/@electron/windows-sign/dist/esm/files.d.ts', LF will be replaced by CRLF the next time Git touches it
warning: in the working copy of 'node_modules/@electron/windows-sign/dist/esm/files.js', LF will be replaced by CRLF the next time Git touches it
warning: in the working copy of 'node_modules/@electron/windows-sign/dist/esm/index.d.ts', LF will be replaced by CRLF the next time Git touches it
warning: in the working copy of 'node_modules/@electron/windows-sign/dist/esm/index.js', LF will be replaced by CRLF the next time Git touches it
warning: in the working copy of 'node_modules/@electron/windows-sign/dist/esm/sea.d.ts', LF will be replaced by CRLF the next time Git touches it
warning: in the working copy of 'node_modules/@electron/windows-sign/dist/esm/sea.js', LF will be replaced by CRLF the next time Git touches it
warning: in the working copy of 'node_modules/@electron/windows-sign/dist/esm/sign-with-hook.d.ts', LF will be replaced by CRLF the next time Git touches it
warning: in the working copy of 'node_modules/@electron/windows-sign/dist/esm/sign-with-hook.js', LF will be replaced by CRLF the next time Git touches it
warning: in the working copy of 'node_modules/@electron/windows-sign/dist/esm/sign-with-signtool.d.ts', LF will be replaced by CRLF the next time Git touches it
warning: in the working copy of 'node_modules/@electron/windows-sign/dist/esm/sign-with-signtool.js', LF will be replaced by CRLF the next time Git touches it
warning: in the working copy of 'node_modules/@electron/windows-sign/dist/esm/sign.d.ts', LF will be replaced by CRLF the next time Git touches it
warning: in the working copy of 'node_modules/@electron/windows-sign/dist/esm/sign.js', LF will be replaced by CRLF the next time Git touches it
warning: in the working copy of 'node_modules/@electron/windows-sign/dist/esm/spawn.d.ts', LF will be replaced by CRLF the next time Git touches it
warning: in the working copy of 'node_modules/@electron/windows-sign/dist/esm/spawn.js', LF will be replaced by CRLF the next time Git touches it
warning: in the working copy of 'node_modules/@electron/windows-sign/dist/esm/types.d.ts', LF will be replaced by CRLF the next time Git touches it
warning: in the working copy of 'node_modules/@electron/windows-sign/dist/esm/types.js', LF will be replaced by CRLF the next time Git touches it
warning: in the working copy of 'node_modules/@electron/windows-sign/dist/esm/utils/log.d.ts', LF will be replaced by CRLF the next time Git touches it
warning: in the working copy of 'node_modules/@electron/windows-sign/dist/esm/utils/log.js', LF will be replaced by CRLF the next time Git touches it
warning: in the working copy of 'node_modules/@electron/windows-sign/dist/esm/utils/parse-env.d.ts', LF will be replaced by CRLF the next time Git touches it
warning: in the working copy of 'node_modules/@electron/windows-sign/dist/esm/utils/parse-env.js', LF will be replaced by CRLF the next time Git touches it
warning: in the working copy of 'node_modules/@electron/windows-sign/node_modules/fs-extra/LICENSE', LF will be replaced by CRLF the next time Git touches it
warning: in the working copy of 'node_modules/@electron/windows-sign/node_modules/fs-extra/README.md', LF will be replaced by CRLF the next time Git touches it
warning: in the working copy of 'node_modules/@electron/windows-sign/node_modules/fs-extra/lib/copy/copy-sync.js', LF will be replaced by CRLF the next time Git touches it
warning: in the working copy of 'node_modules/@electron/windows-sign/node_modules/fs-extra/lib/copy/copy.js', LF will be replaced by CRLF the next time Git touches it
warning: in the working copy of 'node_modules/@electron/windows-sign/node_modules/fs-extra/lib/copy/index.js', LF will be replaced by CRLF the next time Git touches it
warning: in the working copy of 'node_modules/@electron/windows-sign/node_modules/fs-extra/lib/empty/index.js', LF will be replaced by CRLF the next time Git touches it
warning: in the working copy of 'node_modules/@electron/windows-sign/node_modules/fs-extra/lib/ensure/file.js', LF will be replaced by CRLF the next time Git touches it
warning: in the working copy of 'node_modules/@electron/windows-sign/node_modules/fs-extra/lib/ensure/index.js', LF will be replaced by CRLF the next time Git touches it
warning: in the working copy of 'node_modules/@electron/windows-sign/node_modules/fs-extra/lib/ensure/link.js', LF will be replaced by CRLF the next time Git touches it
warning: in the working copy of 'node_modules/@electron/windows-sign/node_modules/fs-extra/lib/ensure/symlink-paths.js', LF will be replaced by CRLF the next time Git touches it
warning: in the working copy of 'node_modules/@electron/windows-sign/node_modules/fs-extra/lib/ensure/symlink-type.js', LF will be replaced by CRLF the next time Git touches it
warning: in the working copy of 'node_modules/@electron/windows-sign/node_modules/fs-extra/lib/ensure/symlink.js', LF will be replaced by CRLF the next time Git touches it
warning: in the working copy of 'node_modules/@electron/windows-sign/node_modules/fs-extra/lib/esm.mjs', LF will be replaced by CRLF the next time Git touches it
warning: in the working copy of 'node_modules/@electron/windows-sign/node_modules/fs-extra/lib/fs/index.js', LF will be replaced by CRLF the next time Git touches it
warning: in the working copy of 'node_modules/@electron/windows-sign/node_modules/fs-extra/lib/index.js', LF will be replaced by CRLF the next time Git touches it
warning: in the working copy of 'node_modules/@electron/windows-sign/node_modules/fs-extra/lib/json/index.js', LF will be replaced by CRLF the next time Git touches it
warning: in the working copy of 'node_modules/@electron/windows-sign/node_modules/fs-extra/lib/json/jsonfile.js', LF will be replaced by CRLF the next time Git touches it
warning: in the working copy of 'node_modules/@electron/windows-sign/node_modules/fs-extra/lib/json/output-json-sync.js', LF will be replaced by CRLF the next time Git touches it
warning: in the working copy of 'node_modules/@electron/windows-sign/node_modules/fs-extra/lib/json/output-json.js', LF will be replaced by CRLF the next time Git touches it
warning: in the working copy of 'node_modules/@electron/windows-sign/node_modules/fs-extra/lib/mkdirs/index.js', LF will be replaced by CRLF the next time Git touches it
warning: in the working copy of 'node_modules/@electron/windows-sign/node_modules/fs-extra/lib/mkdirs/make-dir.js', LF will be replaced by CRLF the next time Git touches it
warning: in the working copy of 'node_modules/@electron/windows-sign/node_modules/fs-extra/lib/mkdirs/utils.js', LF will be replaced by CRLF the next time Git touches it
warning: in the working copy of 'node_modules/@electron/windows-sign/node_modules/fs-extra/lib/move/index.js', LF will be replaced by CRLF the next time Git touches it
warning: in the working copy of 'node_modules/@electron/windows-sign/node_modules/fs-extra/lib/move/move-sync.js', LF will be replaced by CRLF the next time Git touches it
warning: in the working copy of 'node_modules/@electron/windows-sign/node_modules/fs-extra/lib/move/move.js', LF will be replaced by CRLF the next time Git touches it
warning: in the working copy of 'node_modules/@electron/windows-sign/node_modules/fs-extra/lib/output-file/index.js', LF will be replaced by CRLF the next time Git touches it
warning: in the working copy of 'node_modules/@electron/windows-sign/node_modules/fs-extra/lib/path-exists/index.js', LF will be replaced by CRLF the next time Git touches it
warning: in the working copy of 'node_modules/@electron/windows-sign/node_modules/fs-extra/lib/remove/index.js', LF will be replaced by CRLF the next time Git touches it
warning: in the working copy of 'node_modules/@electron/windows-sign/node_modules/fs-extra/lib/util/async.js', LF will be replaced by CRLF the next time Git touches it
warning: in the working copy of 'node_modules/@electron/windows-sign/node_modules/fs-extra/lib/util/stat.js', LF will be replaced by CRLF the next time Git touches it
warning: in the working copy of 'node_modules/@electron/windows-sign/node_modules/fs-extra/lib/util/utimes.js', LF will be replaced by CRLF the next time Git touches it
warning: in the working copy of 'node_modules/@electron/windows-sign/node_modules/fs-extra/package.json', LF will be replaced by CRLF the next time Git touches it
warning: in the working copy of 'node_modules/@electron/windows-sign/package.json', LF will be replaced by CRLF the next time Git touches it
warning: in the working copy of 'node_modules/@isaacs/fs-minipass/LICENSE', LF will be replaced by CRLF the next time Git touches it
warning: in the working copy of 'node_modules/@isaacs/fs-minipass/README.md', LF will be replaced by CRLF the next time Git touches it
warning: in the working copy of 'node_modules/@isaacs/fs-minipass/dist/commonjs/index.d.ts', LF will be replaced by CRLF the next time Git touches it
warning: in the working copy of 'node_modules/@isaacs/fs-minipass/dist/commonjs/index.js', LF will be replaced by CRLF the next time Git touches it
warning: in the working copy of 'node_modules/@isaacs/fs-minipass/dist/commonjs/package.json', LF will be replaced by CRLF the next time Git touches it
warning: in the working copy of 'node_modules/@isaacs/fs-minipass/dist/esm/index.d.ts', LF will be replaced by CRLF the next time Git touches it
warning: in the working copy of 'node_modules/@isaacs/fs-minipass/dist/esm/index.js', LF will be replaced by CRLF the next time Git touches it
warning: in the working copy of 'node_modules/@isaacs/fs-minipass/dist/esm/package.json', LF will be replaced by CRLF the next time Git touches it
warning: in the working copy of 'node_modules/@isaacs/fs-minipass/package.json', LF will be replaced by CRLF the next time Git touches it
warning: in the working copy of 'node_modules/@malept/cross-spawn-promise/LICENSE', LF will be replaced by CRLF the next time Git touches it
warning: in the working copy of 'node_modules/@malept/cross-spawn-promise/README.md', LF will be replaced by CRLF the next time Git touches it
warning: in the working copy of 'node_modules/@malept/cross-spawn-promise/dist/src/index.d.ts', LF will be replaced by CRLF the next time Git touches it
warning: in the working copy of 'node_modules/@malept/cross-spawn-promise/dist/src/index.js', LF will be replaced by CRLF the next time Git touches it
warning: in the working copy of 'node_modules/@malept/cross-spawn-promise/package.json', LF will be replaced by CRLF the next time Git touches it
warning: in the working copy of 'node_modules/@malept/flatpak-bundler/LICENSE', LF will be replaced by CRLF the next time Git touches it
warning: in the working copy of 'node_modules/@malept/flatpak-bundler/README.md', LF will be replaced by CRLF the next time Git touches it
warning: in the working copy of 'node_modules/@malept/flatpak-bundler/index.js', LF will be replaced by CRLF the next time Git touches it
warning: in the working copy of 'node_modules/@malept/flatpak-bundler/node_modules/fs-extra/CHANGELOG.md', LF will be replaced by CRLF the next time Git touches it
warning: in the working copy of 'node_modules/@malept/flatpak-bundler/node_modules/fs-extra/LICENSE', LF will be replaced by CRLF the next time Git touches it
warning: in the working copy of 'node_modules/@malept/flatpak-bundler/node_modules/fs-extra/README.md', LF will be replaced by CRLF the next time Git touches it
warning: in the working copy of 'node_modules/@malept/flatpak-bundler/node_modules/fs-extra/lib/copy-sync/copy-sync.js', LF will be replaced by CRLF the next time Git touches it
warning: in the working copy of 'node_modules/@malept/flatpak-bundler/node_modules/fs-extra/lib/copy-sync/index.js', LF will be replaced by CRLF the next time Git touches it
warning: in the working copy of 'node_modules/@malept/flatpak-bundler/node_modules/fs-extra/lib/copy/copy.js', LF will be replaced by CRLF the next time Git touches it
warning: in the working copy of 'node_modules/@malept/flatpak-bundler/node_modules/fs-extra/lib/copy/index.js', LF will be replaced by CRLF the next time Git touches it
warning: in the working copy of 'node_modules/@malept/flatpak-bundler/node_modules/fs-extra/lib/empty/index.js', LF will be replaced by CRLF the next time Git touches it
warning: in the working copy of 'node_modules/@malept/flatpak-bundler/node_modules/fs-extra/lib/ensure/file.js', LF will be replaced by CRLF the next time Git touches it
warning: in the working copy of 'node_modules/@malept/flatpak-bundler/node_modules/fs-extra/lib/ensure/index.js', LF will be replaced by CRLF the next time Git touches it
warning: in the working copy of 'node_modules/@malept/flatpak-bundler/node_modules/fs-extra/lib/ensure/link.js', LF will be replaced by CRLF the next time Git touches it
warning: in the working copy of 'node_modules/@malept/flatpak-bundler/node_modules/fs-extra/lib/ensure/symlink-paths.js', LF will be replaced by CRLF the next time Git touches it
warning: in the working copy of 'node_modules/@malept/flatpak-bundler/node_modules/fs-extra/lib/ensure/symlink-type.js', LF will be replaced by CRLF the next time Git touches it
warning: in the working copy of 'node_modules/@malept/flatpak-bundler/node_modules/fs-extra/lib/ensure/symlink.js', LF will be replaced by CRLF the next time Git touches it
warning: in the working copy of 'node_modules/@malept/flatpak-bundler/node_modules/fs-extra/lib/fs/index.js', LF will be replaced by CRLF the next time Git touches it
warning: in the working copy of 'node_modules/@malept/flatpak-bundler/node_modules/fs-extra/lib/index.js', LF will be replaced by CRLF the next time Git touches it
warning: in the working copy of 'node_modules/@malept/flatpak-bundler/node_modules/fs-extra/lib/json/index.js', LF will be replaced by CRLF the next time Git touches it
warning: in the working copy of 'node_modules/@malept/flatpak-bundler/node_modules/fs-extra/lib/json/jsonfile.js', LF will be replaced by CRLF the next time Git touches it
warning: in the working copy of 'node_modules/@malept/flatpak-bundler/node_modules/fs-extra/lib/json/output-json-sync.js', LF will be replaced by CRLF the next time Git touches it
warning: in the working copy of 'node_modules/@malept/flatpak-bundler/node_modules/fs-extra/lib/json/output-json.js', LF will be replaced by CRLF the next time Git touches it
warning: in the working copy of 'node_modules/@malept/flatpak-bundler/node_modules/fs-extra/lib/mkdirs/index.js', LF will be replaced by CRLF the next time Git touches it
warning: in the working copy of 'node_modules/@malept/flatpak-bundler/node_modules/fs-extra/lib/mkdirs/make-dir.js', LF will be replaced by CRLF the next time Git touches it
warning: in the working copy of 'node_modules/@malept/flatpak-bundler/node_modules/fs-extra/lib/move-sync/index.js', LF will be replaced by CRLF the next time Git touches it
warning: in the working copy of 'node_modules/@malept/flatpak-bundler/node_modules/fs-extra/lib/move-sync/move-sync.js', LF will be replaced by CRLF the next time Git touches it
warning: in the working copy of 'node_modules/@malept/flatpak-bundler/node_modules/fs-extra/lib/move/index.js', LF will be replaced by CRLF the next time Git touches it
warning: in the working copy of 'node_modules/@malept/flatpak-bundler/node_modules/fs-extra/lib/move/move.js', LF will be replaced by CRLF the next time Git touches it
warning: in the working copy of 'node_modules/@malept/flatpak-bundler/node_modules/fs-extra/lib/output/index.js', LF will be replaced by CRLF the next time Git touches it
warning: in the working copy of 'node_modules/@malept/flatpak-bundler/node_modules/fs-extra/lib/path-exists/index.js', LF will be replaced by CRLF the next time Git touches it
warning: in the working copy of 'node_modules/@malept/flatpak-bundler/node_modules/fs-extra/lib/remove/index.js', LF will be replaced by CRLF the next time Git touches it
warning: in the working copy of 'node_modules/@malept/flatpak-bundler/node_modules/fs-extra/lib/remove/rimraf.js', LF will be replaced by CRLF the next time Git touches it
warning: in the working copy of 'node_modules/@malept/flatpak-bundler/node_modules/fs-extra/lib/util/stat.js', LF will be replaced by CRLF the next time Git touches it
warning: in the working copy of 'node_modules/@malept/flatpak-bundler/node_modules/fs-extra/lib/util/utimes.js', LF will be replaced by CRLF the next time Git touches it
warning: in the working copy of 'node_modules/@malept/flatpak-bundler/node_modules/fs-extra/package.json', LF will be replaced by CRLF the next time Git touches it
warning: in the working copy of 'node_modules/@malept/flatpak-bundler/package.json', LF will be replaced by CRLF the next time Git touches it
warning: in the working copy of 'node_modules/@noble/hashes/LICENSE', LF will be replaced by CRLF the next time Git touches it
warning: in the working copy of 'node_modules/@noble/hashes/README.md', LF will be replaced by CRLF the next time Git touches it
warning: in the working copy of 'node_modules/@noble/hashes/_blake.d.ts', LF will be replaced by CRLF the next time Git touches it
warning: in the working copy of 'node_modules/@noble/hashes/_blake.js', LF will be replaced by CRLF the next time Git touches it
warning: in the working copy of 'node_modules/@noble/hashes/_md.d.ts', LF will be replaced by CRLF the next time Git touches it
warning: in the working copy of 'node_modules/@noble/hashes/_md.js', LF will be replaced by CRLF the next time Git touches it
warning: in the working copy of 'node_modules/@noble/hashes/_u64.d.ts', LF will be replaced by CRLF the next time Git touches it
warning: in the working copy of 'node_modules/@noble/hashes/_u64.js', LF will be replaced by CRLF the next time Git touches it
warning: in the working copy of 'node_modules/@noble/hashes/argon2.d.ts', LF will be replaced by CRLF the next time Git touches it
warning: in the working copy of 'node_modules/@noble/hashes/argon2.js', LF will be replaced by CRLF the next time Git touches it
warning: in the working copy of 'node_modules/@noble/hashes/blake1.d.ts', LF will be replaced by CRLF the next time Git touches it
warning: in the working copy of 'node_modules/@noble/hashes/blake1.js', LF will be replaced by CRLF the next time Git touches it
warning: in the working copy of 'node_modules/@noble/hashes/blake2.d.ts', LF will be replaced by CRLF the next time Git touches it
warning: in the working copy of 'node_modules/@noble/hashes/blake2.js', LF will be replaced by CRLF the next time Git touches it
warning: in the working copy of 'node_modules/@noble/hashes/blake3.d.ts', LF will be replaced by CRLF the next time Git touches it
warning: in the working copy of 'node_modules/@noble/hashes/blake3.js', LF will be replaced by CRLF the next time Git touches it
warning: in the working copy of 'node_modules/@noble/hashes/eskdf.d.ts', LF will be replaced by CRLF the next time Git touches it
warning: in the working copy of 'node_modules/@noble/hashes/eskdf.js', LF will be replaced by CRLF the next time Git touches it
warning: in the working copy of 'node_modules/@noble/hashes/hkdf.d.ts', LF will be replaced by CRLF the next time Git touches it
warning: in the working copy of 'node_modules/@noble/hashes/hkdf.js', LF will be replaced by CRLF the next time Git touches it
warning: in the working copy of 'node_modules/@noble/hashes/hmac.d.ts', LF will be replaced by CRLF the next time Git touches it
warning: in the working copy of 'node_modules/@noble/hashes/hmac.js', LF will be replaced by CRLF the next time Git touches it
warning: in the working copy of 'node_modules/@noble/hashes/index.d.ts', LF will be replaced by CRLF the next time Git touches it
warning: in the working copy of 'node_modules/@noble/hashes/index.js', LF will be replaced by CRLF the next time Git touches it
warning: in the working copy of 'node_modules/@noble/hashes/legacy.d.ts', LF will be replaced by CRLF the next time Git touches it
warning: in the working copy of 'node_modules/@noble/hashes/legacy.js', LF will be replaced by CRLF the next time Git touches it
warning: in the working copy of 'node_modules/@noble/hashes/package.json', LF will be replaced by CRLF the next time Git touches it
warning: in the working copy of 'node_modules/@noble/hashes/pbkdf2.d.ts', LF will be replaced by CRLF the next time Git touches it
warning: in the working copy of 'node_modules/@noble/hashes/pbkdf2.js', LF will be replaced by CRLF the next time Git touches it
warning: in the working copy of 'node_modules/@noble/hashes/scrypt.d.ts', LF will be replaced by CRLF the next time Git touches it
warning: in the working copy of 'node_modules/@noble/hashes/scrypt.js', LF will be replaced by CRLF the next time Git touches it
warning: in the working copy of 'node_modules/@noble/hashes/sha2.d.ts', LF will be replaced by CRLF the next time Git touches it
warning: in the working copy of 'node_modules/@noble/hashes/sha2.js', LF will be replaced by CRLF the next time Git touches it
warning: in the working copy of 'node_modules/@noble/hashes/sha3-addons.d.ts', LF will be replaced by CRLF the next time Git touches it
warning: in the working copy of 'node_modules/@noble/hashes/sha3-addons.js', LF will be replaced by CRLF the next time Git touches it
warning: in the working copy of 'node_modules/@noble/hashes/sha3.d.ts', LF will be replaced by CRLF the next time Git touches it
warning: in the working copy of 'node_modules/@noble/hashes/sha3.js', LF will be replaced by CRLF the next time Git touches it
warning: in the working copy of 'node_modules/@noble/hashes/src/_blake.ts', LF will be replaced by CRLF the next time Git touches it
warning: in the working copy of 'node_modules/@noble/hashes/src/_md.ts', LF will be replaced by CRLF the next time Git touches it
warning: in the working copy of 'node_modules/@noble/hashes/src/_u64.ts', LF will be replaced by CRLF the next time Git touches it
warning: in the working copy of 'node_modules/@noble/hashes/src/argon2.ts', LF will be replaced by CRLF the next time Git touches it
warning: in the working copy of 'node_modules/@noble/hashes/src/blake1.ts', LF will be replaced by CRLF the next time Git touches it
warning: in the working copy of 'node_modules/@noble/hashes/src/blake2.ts', LF will be replaced by CRLF the next time Git touches it
warning: in the working copy of 'node_modules/@noble/hashes/src/blake3.ts', LF will be replaced by CRLF the next time Git touches it
warning: in the working copy of 'node_modules/@noble/hashes/src/eskdf.ts', LF will be replaced by CRLF the next time Git touches it
warning: in the working copy of 'node_modules/@noble/hashes/src/hkdf.ts', LF will be replaced by CRLF the next time Git touches it
warning: in the working copy of 'node_modules/@noble/hashes/src/hmac.ts', LF will be replaced by CRLF the next time Git touches it
warning: in the working copy of 'node_modules/@noble/hashes/src/index.ts', LF will be replaced by CRLF the next time Git touches it
warning: in the working copy of 'node_modules/@noble/hashes/src/legacy.ts', LF will be replaced by CRLF the next time Git touches it
warning: in the working copy of 'node_modules/@noble/hashes/src/pbkdf2.ts', LF will be replaced by CRLF the next time Git touches it
warning: in the working copy of 'node_modules/@noble/hashes/src/scrypt.ts', LF will be replaced by CRLF the next time Git touches it
warning: in the working copy of 'node_modules/@noble/hashes/src/sha2.ts', LF will be replaced by CRLF the next time Git touches it
warning: in the working copy of 'node_modules/@noble/hashes/src/sha3-addons.ts', LF will be replaced by CRLF the next time Git touches it
warning: in the working copy of 'node_modules/@noble/hashes/src/sha3.ts', LF will be replaced by CRLF the next time Git touches it
warning: in the working copy of 'node_modules/@noble/hashes/src/utils.ts', LF will be replaced by CRLF the next time Git touches it
warning: in the working copy of 'node_modules/@noble/hashes/src/webcrypto.ts', LF will be replaced by CRLF the next time Git touches it
warning: in the working copy of 'node_modules/@noble/hashes/utils.d.ts', LF will be replaced by CRLF the next time Git touches it
warning: in the working copy of 'node_modules/@noble/hashes/utils.js', LF will be replaced by CRLF the next time Git touches it
warning: in the working copy of 'node_modules/@noble/hashes/webcrypto.d.ts', LF will be replaced by CRLF the next time Git touches it
warning: in the working copy of 'node_modules/@noble/hashes/webcrypto.js', LF will be replaced by CRLF the next time Git touches it
warning: in the working copy of 'node_modules/@peculiar/asn1-schema/LICENSE', LF will be replaced by CRLF the next time Git touches it
warning: in the working copy of 'node_modules/@peculiar/asn1-schema/README.md', LF will be replaced by CRLF the next time Git touches it
warning: in the working copy of 'node_modules/@peculiar/asn1-schema/build/cjs/convert.js', LF will be replaced by CRLF the next time Git touches it
warning: in the working copy of 'node_modules/@peculiar/asn1-schema/build/cjs/converters.js', LF will be replaced by CRLF the next time Git touches it
warning: in the working copy of 'node_modules/@peculiar/asn1-schema/build/cjs/decorators.js', LF will be replaced by CRLF the next time Git touches it
warning: in the working copy of 'node_modules/@peculiar/asn1-schema/build/cjs/enums.js', LF will be replaced by CRLF the next time Git touches it
warning: in the working copy of 'node_modules/@peculiar/asn1-schema/build/cjs/errors/index.js', LF will be replaced by CRLF the next time Git touches it
warning: in the working copy of 'node_modules/@peculiar/asn1-schema/build/cjs/errors/schema_validation.js', LF will be replaced by CRLF the next time Git touches it
warning: in the working copy of 'node_modules/@peculiar/asn1-schema/build/cjs/helper.js', LF will be replaced by CRLF the next time Git touches it
warning: in the working copy of 'node_modules/@peculiar/asn1-schema/build/cjs/index.js', LF will be replaced by CRLF the next time Git touches it
warning: in the working copy of 'node_modules/@peculiar/asn1-schema/build/cjs/objects.js', LF will be replaced by CRLF the next time Git touches it
warning: in the working copy of 'node_modules/@peculiar/asn1-schema/build/cjs/parser.js', LF will be replaced by CRLF the next time Git touches it
warning: in the working copy of 'node_modules/@peculiar/asn1-schema/build/cjs/schema.js', LF will be replaced by CRLF the next time Git touches it
warning: in the working copy of 'node_modules/@peculiar/asn1-schema/build/cjs/serializer.js', LF will be replaced by CRLF the next time Git touches it
warning: in the working copy of 'node_modules/@peculiar/asn1-schema/build/cjs/storage.js', LF will be replaced by CRLF the next time Git touches it
warning: in the working copy of 'node_modules/@peculiar/asn1-schema/build/cjs/types.js', LF will be replaced by CRLF the next time Git touches it
warning: in the working copy of 'node_modules/@peculiar/asn1-schema/build/cjs/types/bit_string.js', LF will be replaced by CRLF the next time Git touches it
warning: in the working copy of 'node_modules/@peculiar/asn1-schema/build/cjs/types/index.js', LF will be replaced by CRLF the next time Git touches it
warning: in the working copy of 'node_modules/@peculiar/asn1-schema/build/cjs/types/octet_string.js', LF will be replaced by CRLF the next time Git touches it
warning: in the working copy of 'node_modules/@peculiar/asn1-schema/build/es2015/convert.js', LF will be replaced by CRLF the next time Git touches it
warning: in the working copy of 'node_modules/@peculiar/asn1-schema/build/es2015/converters.js', LF will be replaced by CRLF the next time Git touches it
warning: in the working copy of 'node_modules/@peculiar/asn1-schema/build/es2015/decorators.js', LF will be replaced by CRLF the next time Git touches it
warning: in the working copy of 'node_modules/@peculiar/asn1-schema/build/es2015/enums.js', LF will be replaced by CRLF the next time Git touches it
warning: in the working copy of 'node_modules/@peculiar/asn1-schema/build/es2015/errors/index.js', LF will be replaced by CRLF the next time Git touches it
warning: in the working copy of 'node_modules/@peculiar/asn1-schema/build/es2015/errors/schema_validation.js', LF will be replaced by CRLF the next time Git touches it
warning: in the working copy of 'node_modules/@peculiar/asn1-schema/build/es2015/helper.js', LF will be replaced by CRLF the next time Git touches it
warning: in the working copy of 'node_modules/@peculiar/asn1-schema/build/es2015/index.js', LF will be replaced by CRLF the next time Git touches it
warning: in the working copy of 'node_modules/@peculiar/asn1-schema/build/es2015/objects.js', LF will be replaced by CRLF the next time Git touches it
warning: in the working copy of 'node_modules/@peculiar/asn1-schema/build/es2015/package.json', LF will be replaced by CRLF the next time Git touches it
warning: in the working copy of 'node_modules/@peculiar/asn1-schema/build/es2015/parser.js', LF will be replaced by CRLF the next time Git touches it
warning: in the working copy of 'node_modules/@peculiar/asn1-schema/build/es2015/schema.js', LF will be replaced by CRLF the next time Git touches it
warning: in the working copy of 'node_modules/@peculiar/asn1-schema/build/es2015/serializer.js', LF will be replaced by CRLF the next time Git touches it
warning: in the working copy of 'node_modules/@peculiar/asn1-schema/build/es2015/storage.js', LF will be replaced by CRLF the next time Git touches it
warning: in the working copy of 'node_modules/@peculiar/asn1-schema/build/es2015/types.js', LF will be replaced by CRLF the next time Git touches it
warning: in the working copy of 'node_modules/@peculiar/asn1-schema/build/es2015/types/bit_string.js', LF will be replaced by CRLF the next time Git touches it
warning: in the working copy of 'node_modules/@peculiar/asn1-schema/build/es2015/types/index.js', LF will be replaced by CRLF the next time Git touches it
warning: in the working copy of 'node_modules/@peculiar/asn1-schema/build/es2015/types/octet_string.js', LF will be replaced by CRLF the next time Git touches it
warning: in the working copy of 'node_modules/@peculiar/asn1-schema/build/types/convert.d.ts', LF will be replaced by CRLF the next time Git touches it
warning: in the working copy of 'node_modules/@peculiar/asn1-schema/build/types/converters.d.ts', LF will be replaced by CRLF the next time Git touches it
warning: in the working copy of 'node_modules/@peculiar/asn1-schema/build/types/decorators.d.ts', LF will be replaced by CRLF the next time Git touches it
warning: in the working copy of 'node_modules/@peculiar/asn1-schema/build/types/enums.d.ts', LF will be replaced by CRLF the next time Git touches it
warning: in the working copy of 'node_modules/@peculiar/asn1-schema/build/types/errors/index.d.ts', LF will be replaced by CRLF the next time Git touches it
warning: in the working copy of 'node_modules/@peculiar/asn1-schema/build/types/errors/schema_validation.d.ts', LF will be replaced by CRLF the next time Git touches it
warning: in the working copy of 'node_modules/@peculiar/asn1-schema/build/types/helper.d.ts', LF will be replaced by CRLF the next time Git touches it
warning: in the working copy of 'node_modules/@peculiar/asn1-schema/build/types/index.d.ts', LF will be replaced by CRLF the next time Git touches it
warning: in the working copy of 'node_modules/@peculiar/asn1-schema/build/types/objects.d.ts', LF will be replaced by CRLF the next time Git touches it
warning: in the working copy of 'node_modules/@peculiar/asn1-schema/build/types/parser.d.ts', LF will be replaced by CRLF the next time Git touches it
warning: in the working copy of 'node_modules/@peculiar/asn1-schema/build/types/schema.d.ts', LF will be replaced by CRLF the next time Git touches it
warning: in the working copy of 'node_modules/@peculiar/asn1-schema/build/types/serializer.d.ts', LF will be replaced by CRLF the next time Git touches it
warning: in the working copy of 'node_modules/@peculiar/asn1-schema/build/types/storage.d.ts', LF will be replaced by CRLF the next time Git touches it
warning: in the working copy of 'node_modules/@peculiar/asn1-schema/build/types/types.d.ts', LF will be replaced by CRLF the next time Git touches it
warning: in the working copy of 'node_modules/@peculiar/asn1-schema/build/types/types/bit_string.d.ts', LF will be replaced by CRLF the next time Git touches it
warning: in the working copy of 'node_modules/@peculiar/asn1-schema/build/types/types/index.d.ts', LF will be replaced by CRLF the next time Git touches it
warning: in the working copy of 'node_modules/@peculiar/asn1-schema/build/types/types/octet_string.d.ts', LF will be replaced by CRLF the next time Git touches it
warning: in the working copy of 'node_modules/@peculiar/asn1-schema/package.json', LF will be replaced by CRLF the next time Git touches it
warning: in the working copy of 'node_modules/@peculiar/json-schema/LICENSE', LF will be replaced by CRLF the next time Git touches it
warning: in the working copy of 'node_modules/@peculiar/json-schema/README.md', LF will be replaced by CRLF the next time Git touches it
warning: in the working copy of 'node_modules/@peculiar/json-schema/build/index.es.js', LF will be replaced by CRLF the next time Git touches it
warning: in the working copy of 'node_modules/@peculiar/json-schema/build/index.js', LF will be replaced by CRLF the next time Git touches it
warning: in the working copy of 'node_modules/@peculiar/json-schema/build/types/decorators.d.ts', LF will be replaced by CRLF the next time Git touches it
warning: in the working copy of 'node_modules/@peculiar/json-schema/build/types/errors/index.d.ts', LF will be replaced by CRLF the next time Git touches it
warning: in the working copy of 'node_modules/@peculiar/json-schema/build/types/errors/json_error.d.ts', LF will be replaced by CRLF the next time Git touches it
warning: in the working copy of 'node_modules/@peculiar/json-schema/build/types/errors/key_error.d.ts', LF will be replaced by CRLF the next time Git touches it
warning: in the working copy of 'node_modules/@peculiar/json-schema/build/types/errors/parser_error.d.ts', LF will be replaced by CRLF the next time Git touches it
warning: in the working copy of 'node_modules/@peculiar/json-schema/build/types/errors/serializer_error.d.ts', LF will be replaced by CRLF the next time Git touches it
warning: in the working copy of 'node_modules/@peculiar/json-schema/build/types/errors/transform_error.d.ts', LF will be replaced by CRLF the next time Git touches it
warning: in the working copy of 'node_modules/@peculiar/json-schema/build/types/errors/validation_error.d.ts', LF will be replaced by CRLF the next time Git touches it
warning: in the working copy of 'node_modules/@peculiar/json-schema/build/types/helper.d.ts', LF will be replaced by CRLF the next time Git touches it
warning: in the working copy of 'node_modules/@peculiar/json-schema/build/types/index.d.ts', LF will be replaced by CRLF the next time Git touches it
warning: in the working copy of 'node_modules/@peculiar/json-schema/build/types/parser.d.ts', LF will be replaced by CRLF the next time Git touches it
warning: in the working copy of 'node_modules/@peculiar/json-schema/build/types/prop_types.d.ts', LF will be replaced by CRLF the next time Git touches it
warning: in the working copy of 'node_modules/@peculiar/json-schema/build/types/schema.d.ts', LF will be replaced by CRLF the next time Git touches it
warning: in the working copy of 'node_modules/@peculiar/json-schema/build/types/serializer.d.ts', LF will be replaced by CRLF the next time Git touches it
warning: in the working copy of 'node_modules/@peculiar/json-schema/build/types/storage.d.ts', LF will be replaced by CRLF the next time Git touches it
warning: in the working copy of 'node_modules/@peculiar/json-schema/build/types/transform.d.ts', LF will be replaced by CRLF the next time Git touches it
warning: in the working copy of 'node_modules/@peculiar/json-schema/build/types/types.d.ts', LF will be replaced by CRLF the next time Git touches it
warning: in the working copy of 'node_modules/@peculiar/json-schema/build/types/validations/enumeration.d.ts', LF will be replaced by CRLF the next time Git touches it
warning: in the working copy of 'node_modules/@peculiar/json-schema/build/types/validations/exclusive.d.ts', LF will be replaced by CRLF the next time Git touches it
warning: in the working copy of 'node_modules/@peculiar/json-schema/build/types/validations/inclusive.d.ts', LF will be replaced by CRLF the next time Git touches it
warning: in the working copy of 'node_modules/@peculiar/json-schema/build/types/validations/index.d.ts', LF will be replaced by CRLF the next time Git touches it
warning: in the working copy of 'node_modules/@peculiar/json-schema/build/types/validations/length.d.ts', LF will be replaced by CRLF the next time Git touches it
warning: in the working copy of 'node_modules/@peculiar/json-schema/build/types/validations/pattern.d.ts', LF will be replaced by CRLF the next time Git touches it
warning: in the working copy of 'node_modules/@peculiar/json-schema/package.json', LF will be replaced by CRLF the next time Git touches it
warning: in the working copy of 'node_modules/@peculiar/utils/LICENSE', LF will be replaced by CRLF the next time Git touches it
warning: in the working copy of 'node_modules/@peculiar/utils/README.md', LF will be replaced by CRLF the next time Git touches it
warning: in the working copy of 'node_modules/@peculiar/utils/build/cjs/bytes/buffer-source.js', LF will be replaced by CRLF the next time Git touches it
warning: in the working copy of 'node_modules/@peculiar/utils/build/cjs/bytes/concat.js', LF will be replaced by CRLF the next time Git touches it
warning: in the working copy of 'node_modules/@peculiar/utils/build/cjs/bytes/equal.js', LF will be replaced by CRLF the next time Git touches it
warning: in the working copy of 'node_modules/@peculiar/utils/build/cjs/bytes/index.js', LF will be replaced by CRLF the next time Git touches it
warning: in the working copy of 'node_modules/@peculiar/utils/build/cjs/bytes/sequence.js', LF will be replaced by CRLF the next time Git touches it
warning: in the working copy of 'node_modules/@peculiar/utils/build/cjs/bytes/types.js', LF will be replaced by CRLF the next time Git touches it
warning: in the working copy of 'node_modules/@peculiar/utils/build/cjs/converters/convert.js', LF will be replaced by CRLF the next time Git touches it
warning: in the working copy of 'node_modules/@peculiar/utils/build/cjs/converters/defaults.js', LF will be replaced by CRLF the next time Git touches it
warning: in the working copy of 'node_modules/@peculiar/utils/build/cjs/converters/index.js', LF will be replaced by CRLF the next time Git touches it
warning: in the working copy of 'node_modules/@peculiar/utils/build/cjs/converters/registry.js', LF will be replaced by CRLF the next time Git touches it
warning: in the working copy of 'node_modules/@peculiar/utils/build/cjs/converters/types.js', LF will be replaced by CRLF the next time Git touches it
warning: in the working copy of 'node_modules/@peculiar/utils/build/cjs/encoding/base64.js', LF will be replaced by CRLF the next time Git touches it
warning: in the working copy of 'node_modules/@peculiar/utils/build/cjs/encoding/base64url.js', LF will be replaced by CRLF the next time Git touches it
warning: in the working copy of 'node_modules/@peculiar/utils/build/cjs/encoding/binary.js', LF will be replaced by CRLF the next time Git touches it
warning: in the working copy of 'node_modules/@peculiar/utils/build/cjs/encoding/hex.js', LF will be replaced by CRLF the next time Git touches it
warning: in the working copy of 'node_modules/@peculiar/utils/build/cjs/encoding/index.js', LF will be replaced by CRLF the next time Git touches it
warning: in the working copy of 'node_modules/@peculiar/utils/build/cjs/encoding/utf16.js', LF will be replaced by CRLF the next time Git touches it
warning: in the working copy of 'node_modules/@peculiar/utils/build/cjs/encoding/utf8.js', LF will be replaced by CRLF the next time Git touches it
warning: in the working copy of 'node_modules/@peculiar/utils/build/cjs/index.js', LF will be replaced by CRLF the next time Git touches it
warning: in the working copy of 'node_modules/@peculiar/utils/build/cjs/legacy/buffer-source-converter.js', LF will be replaced by CRLF the next time Git touches it
warning: in the working copy of 'node_modules/@peculiar/utils/build/cjs/legacy/convert.js', LF will be replaced by CRLF the next time Git touches it
warning: in the working copy of 'node_modules/@peculiar/utils/build/cjs/legacy/functions.js', LF will be replaced by CRLF the next time Git touches it
warning: in the working copy of 'node_modules/@peculiar/utils/build/cjs/legacy/index.js', LF will be replaced by CRLF the next time Git touches it
warning: in the working copy of 'node_modules/@peculiar/utils/build/cjs/package.json', LF will be replaced by CRLF the next time Git touches it
warning: in the working copy of 'node_modules/@peculiar/utils/build/cjs/pem/index.js', LF will be replaced by CRLF the next time Git touches it
warning: in the working copy of 'node_modules/@peculiar/utils/build/cjs/pem/pem.js', LF will be replaced by CRLF the next time Git touches it
warning: in the working copy of 'node_modules/@peculiar/utils/build/cjs/pem/types.js', LF will be replaced by CRLF the next time Git touches it
warning: in the working copy of 'node_modules/@peculiar/utils/build/esm/bytes/buffer-source.js', LF will be replaced by CRLF the next time Git touches it
warning: in the working copy of 'node_modules/@peculiar/utils/build/esm/bytes/concat.js', LF will be replaced by CRLF the next time Git touches it
warning: in the working copy of 'node_modules/@peculiar/utils/build/esm/bytes/equal.js', LF will be replaced by CRLF the next time Git touches it
warning: in the working copy of 'node_modules/@peculiar/utils/build/esm/bytes/index.js', LF will be replaced by CRLF the next time Git touches it
warning: in the working copy of 'node_modules/@peculiar/utils/build/esm/bytes/sequence.js', LF will be replaced by CRLF the next time Git touches it
warning: in the working copy of 'node_modules/@peculiar/utils/build/esm/bytes/types.js', LF will be replaced by CRLF the next time Git touches it
warning: in the working copy of 'node_modules/@peculiar/utils/build/esm/converters/convert.js', LF will be replaced by CRLF the next time Git touches it
warning: in the working copy of 'node_modules/@peculiar/utils/build/esm/converters/defaults.js', LF will be replaced by CRLF the next time Git touches it
warning: in the working copy of 'node_modules/@peculiar/utils/build/esm/converters/index.js', LF will be replaced by CRLF the next time Git touches it
warning: in the working copy of 'node_modules/@peculiar/utils/build/esm/converters/registry.js', LF will be replaced by CRLF the next time Git touches it
warning: in the working copy of 'node_modules/@peculiar/utils/build/esm/converters/types.js', LF will be replaced by CRLF the next time Git touches it
warning: in the working copy of 'node_modules/@peculiar/utils/build/esm/encoding/base64.js', LF will be replaced by CRLF the next time Git touches it
warning: in the working copy of 'node_modules/@peculiar/utils/build/esm/encoding/base64url.js', LF will be replaced by CRLF the next time Git touches it
warning: in the working copy of 'node_modules/@peculiar/utils/build/esm/encoding/binary.js', LF will be replaced by CRLF the next time Git touches it
warning: in the working copy of 'node_modules/@peculiar/utils/build/esm/encoding/hex.js', LF will be replaced by CRLF the next time Git touches it
warning: in the working copy of 'node_modules/@peculiar/utils/build/esm/encoding/index.js', LF will be replaced by CRLF the next time Git touches it
warning: in the working copy of 'node_modules/@peculiar/utils/build/esm/encoding/utf16.js', LF will be replaced by CRLF the next time Git touches it
warning: in the working copy of 'node_modules/@peculiar/utils/build/esm/encoding/utf8.js', LF will be replaced by CRLF the next time Git touches it
warning: in the working copy of 'node_modules/@peculiar/utils/build/esm/index.js', LF will be replaced by CRLF the next time Git touches it
warning: in the working copy of 'node_modules/@peculiar/utils/build/esm/legacy/buffer-source-converter.js', LF will be replaced by CRLF the next time Git touches it
warning: in the working copy of 'node_modules/@peculiar/utils/build/esm/legacy/convert.js', LF will be replaced by CRLF the next time Git touches it
warning: in the working copy of 'node_modules/@peculiar/utils/build/esm/legacy/functions.js', LF will be replaced by CRLF the next time Git touches it
warning: in the working copy of 'node_modules/@peculiar/utils/build/esm/legacy/index.js', LF will be replaced by CRLF the next time Git touches it
warning: in the working copy of 'node_modules/@peculiar/utils/build/esm/pem/index.js', LF will be replaced by CRLF the next time Git touches it
warning: in the working copy of 'node_modules/@peculiar/utils/build/esm/pem/pem.js', LF will be replaced by CRLF the next time Git touches it
warning: in the working copy of 'node_modules/@peculiar/utils/build/esm/pem/types.js', LF will be replaced by CRLF the next time Git touches it
warning: in the working copy of 'node_modules/@peculiar/utils/build/types/bytes/buffer-source.d.ts', LF will be replaced by CRLF the next time Git touches it
warning: in the working copy of 'node_modules/@peculiar/utils/build/types/bytes/concat.d.ts', LF will be replaced by CRLF the next time Git touches it
warning: in the working copy of 'node_modules/@peculiar/utils/build/types/bytes/equal.d.ts', LF will be replaced by CRLF the next time Git touches it
warning: in the working copy of 'node_modules/@peculiar/utils/build/types/bytes/index.d.ts', LF will be replaced by CRLF the next time Git touches it
warning: in the working copy of 'node_modules/@peculiar/utils/build/types/bytes/sequence.d.ts', LF will be replaced by CRLF the next time Git touches it
warning: in the working copy of 'node_modules/@peculiar/utils/build/types/bytes/types.d.ts', LF will be replaced by CRLF the next time Git touches it
warning: in the working copy of 'node_modules/@peculiar/utils/build/types/converters/convert.d.ts', LF will be replaced by CRLF the next time Git touches it
warning: in the working copy of 'node_modules/@peculiar/utils/build/types/converters/defaults.d.ts', LF will be replaced by CRLF the next time Git touches it
warning: in the working copy of 'node_modules/@peculiar/utils/build/types/converters/index.d.ts', LF will be replaced by CRLF the next time Git touches it
warning: in the working copy of 'node_modules/@peculiar/utils/build/types/converters/registry.d.ts', LF will be replaced by CRLF the next time Git touches it
warning: in the working copy of 'node_modules/@peculiar/utils/build/types/converters/types.d.ts', LF will be replaced by CRLF the next time Git touches it
warning: in the working copy of 'node_modules/@peculiar/utils/build/types/encoding/base64.d.ts', LF will be replaced by CRLF the next time Git touches it
warning: in the working copy of 'node_modules/@peculiar/utils/build/types/encoding/base64url.d.ts', LF will be replaced by CRLF the next time Git touches it
warning: in the working copy of 'node_modules/@peculiar/utils/build/types/encoding/binary.d.ts', LF will be replaced by CRLF the next time Git touches it
warning: in the working copy of 'node_modules/@peculiar/utils/build/types/encoding/hex.d.ts', LF will be replaced by CRLF the next time Git touches it
warning: in the working copy of 'node_modules/@peculiar/utils/build/types/encoding/index.d.ts', LF will be replaced by CRLF the next time Git touches it
warning: in the working copy of 'node_modules/@peculiar/utils/build/types/encoding/utf16.d.ts', LF will be replaced by CRLF the next time Git touches it
warning: in the working copy of 'node_modules/@peculiar/utils/build/types/encoding/utf8.d.ts', LF will be replaced by CRLF the next time Git touches it
warning: in the working copy of 'node_modules/@peculiar/utils/build/types/index.d.ts', LF will be replaced by CRLF the next time Git touches it
warning: in the working copy of 'node_modules/@peculiar/utils/build/types/legacy/buffer-source-converter.d.ts', LF will be replaced by CRLF the next time Git touches it
warning: in the working copy of 'node_modules/@peculiar/utils/build/types/legacy/convert.d.ts', LF will be replaced by CRLF the next time Git touches it
warning: in the working copy of 'node_modules/@peculiar/utils/build/types/legacy/functions.d.ts', LF will be replaced by CRLF the next time Git touches it
warning: in the working copy of 'node_modules/@peculiar/utils/build/types/legacy/index.d.ts', LF will be replaced by CRLF the next time Git touches it
warning: in the working copy of 'node_modules/@peculiar/utils/build/types/pem/index.d.ts', LF will be replaced by CRLF the next time Git touches it
warning: in the working copy of 'node_modules/@peculiar/utils/build/types/pem/pem.d.ts', LF will be replaced by CRLF the next time Git touches it
warning: in the working copy of 'node_modules/@peculiar/utils/build/types/pem/types.d.ts', LF will be replaced by CRLF the next time Git touches it
warning: in the working copy of 'node_modules/@peculiar/utils/package.json', LF will be replaced by CRLF the next time Git touches it
warning: in the working copy of 'node_modules/@peculiar/webcrypto/LICENSE.md', LF will be replaced by CRLF the next time Git touches it
warning: in the working copy of 'node_modules/@peculiar/webcrypto/README.md', LF will be replaced by CRLF the next time Git touches it
warning: in the working copy of 'node_modules/@peculiar/webcrypto/build/webcrypto.es.js', LF will be replaced by CRLF the next time Git touches it
warning: in the working copy of 'node_modules/@peculiar/webcrypto/build/webcrypto.js', LF will be replaced by CRLF the next time Git touches it
warning: in the working copy of 'node_modules/@peculiar/webcrypto/index.d.ts', LF will be replaced by CRLF the next time Git touches it
warning: in the working copy of 'node_modules/@peculiar/webcrypto/package.json', LF will be replaced by CRLF the next time Git touches it
warning: in the working copy of 'node_modules/@sindresorhus/is/dist/index.d.ts', LF will be replaced by CRLF the next time Git touches it
warning: in the working copy of 'node_modules/@sindresorhus/is/dist/index.js', LF will be replaced by CRLF the next time Git touches it
warning: in the working copy of 'node_modules/@sindresorhus/is/dist/types.d.ts', LF will be replaced by CRLF the next time Git touches it
warning: in the working copy of 'node_modules/@sindresorhus/is/dist/types.js', LF will be replaced by CRLF the next time Git touches it
warning: in the working copy of 'node_modules/@sindresorhus/is/license', LF will be replaced by CRLF the next time Git touches it
warning: in the working copy of 'node_modules/@sindresorhus/is/package.json', LF will be replaced by CRLF the next time Git touches it
warning: in the working copy of 'node_modules/@sindresorhus/is/readme.md', LF will be replaced by CRLF the next time Git touches it
warning: in the working copy of 'node_modules/@szmarczak/http-timer/LICENSE', LF will be replaced by CRLF the next time Git touches it
warning: in the working copy of 'node_modules/@szmarczak/http-timer/README.md', LF will be replaced by CRLF the next time Git touches it
warning: in the working copy of 'node_modules/@szmarczak/http-timer/dist/source/index.d.ts', LF will be replaced by CRLF the next time Git touches it
warning: in the working copy of 'node_modules/@szmarczak/http-timer/dist/source/index.js', LF will be replaced by CRLF the next time Git touches it
warning: in the working copy of 'node_modules/@szmarczak/http-timer/package.json', LF will be replaced by CRLF the next time Git touches it
warning: in the working copy of 'node_modules/@types/cacheable-request/LICENSE', LF will be replaced by CRLF the next time Git touches it
warning: in the working copy of 'node_modules/@types/cacheable-request/index.d.ts', LF will be replaced by CRLF the next time Git touches it
warning: in the working copy of 'node_modules/@types/cacheable-request/package.json', LF will be replaced by CRLF the next time Git touches it
warning: in the working copy of 'node_modules/@types/debug/LICENSE', LF will be replaced by CRLF the next time Git touches it
warning: in the working copy of 'node_modules/@types/debug/README.md', LF will be replaced by CRLF the next time Git touches it
warning: in the working copy of 'node_modules/@types/debug/index.d.ts', LF will be replaced by CRLF the next time Git touches it
warning: in the working copy of 'node_modules/@types/debug/package.json', LF will be replaced by CRLF the next time Git touches it
warning: in the working copy of 'node_modules/@types/fs-extra/LICENSE', LF will be replaced by CRLF the next time Git touches it
warning: in the working copy of 'node_modules/@types/fs-extra/index.d.ts', LF will be replaced by CRLF the next time Git touches it
warning: in the working copy of 'node_modules/@types/fs-extra/package.json', LF will be replaced by CRLF the next time Git touches it
warning: in the working copy of 'node_modules/@types/http-cache-semantics/LICENSE', LF will be replaced by CRLF the next time Git touches it
warning: in the working copy of 'node_modules/@types/http-cache-semantics/index.d.ts', LF will be replaced by CRLF the next time Git touches it
warning: in the working copy of 'node_modules/@types/http-cache-semantics/package.json', LF will be replaced by CRLF the next time Git touches it
warning: in the working copy of 'node_modules/@types/keyv/LICENSE', LF will be replaced by CRLF the next time Git touches it
warning: in the working copy of 'node_modules/@types/keyv/index.d.ts', LF will be replaced by CRLF the next time Git touches it
warning: in the working copy of 'node_modules/@types/keyv/package.json', LF will be replaced by CRLF the next time Git touches it
warning: in the working copy of 'node_modules/@types/ms/LICENSE', LF will be replaced by CRLF the next time Git touches it
warning: in the working copy of 'node_modules/@types/ms/README.md', LF will be replaced by CRLF the next time Git touches it
warning: in the working copy of 'node_modules/@types/ms/index.d.ts', LF will be replaced by CRLF the next time Git touches it
warning: in the working copy of 'node_modules/@types/ms/package.json', LF will be replaced by CRLF the next time Git touches it
warning: in the working copy of 'node_modules/@types/node/LICENSE', LF will be replaced by CRLF the next time Git touches it
warning: in the working copy of 'node_modules/@types/node/assert.d.ts', LF will be replaced by CRLF the next time Git touches it
warning: in the working copy of 'node_modules/@types/node/assert/strict.d.ts', LF will be replaced by CRLF the next time Git touches it
warning: in the working copy of 'node_modules/@types/node/async_hooks.d.ts', LF will be replaced by CRLF the next time Git touches it
warning: in the working copy of 'node_modules/@types/node/buffer.buffer.d.ts', LF will be replaced by CRLF the next time Git touches it
warning: in the working copy of 'node_modules/@types/node/buffer.d.ts', LF will be replaced by CRLF the next time Git touches it
warning: in the working copy of 'node_modules/@types/node/child_process.d.ts', LF will be replaced by CRLF the next time Git touches it
warning: in the working copy of 'node_modules/@types/node/cluster.d.ts', LF will be replaced by CRLF the next time Git touches it
warning: in the working copy of 'node_modules/@types/node/compatibility/iterators.d.ts', LF will be replaced by CRLF the next time Git touches it
warning: in the working copy of 'node_modules/@types/node/console.d.ts', LF will be replaced by CRLF the next time Git touches it
warning: in the working copy of 'node_modules/@types/node/constants.d.ts', LF will be replaced by CRLF the next time Git touches it
warning: in the working copy of 'node_modules/@types/node/crypto.d.ts', LF will be replaced by CRLF the next time Git touches it
warning: in the working copy of 'node_modules/@types/node/dgram.d.ts', LF will be replaced by CRLF the next time Git touches it
warning: in the working copy of 'node_modules/@types/node/diagnostics_channel.d.ts', LF will be replaced by CRLF the next time Git touches it
warning: in the working copy of 'node_modules/@types/node/dns.d.ts', LF will be replaced by CRLF the next time Git touches it
warning: in the working copy of 'node_modules/@types/node/dns/promises.d.ts', LF will be replaced by CRLF the next time Git touches it
warning: in the working copy of 'node_modules/@types/node/domain.d.ts', LF will be replaced by CRLF the next time Git touches it
warning: in the working copy of 'node_modules/@types/node/events.d.ts', LF will be replaced by CRLF the next time Git touches it
warning: in the working copy of 'node_modules/@types/node/fs.d.ts', LF will be replaced by CRLF the next time Git touches it
warning: in the working copy of 'node_modules/@types/node/fs/promises.d.ts', LF will be replaced by CRLF the next time Git touches it
warning: in the working copy of 'node_modules/@types/node/globals.d.ts', LF will be replaced by CRLF the next time Git touches it
warning: in the working copy of 'node_modules/@types/node/globals.typedarray.d.ts', LF will be replaced by CRLF the next time Git touches it
warning: in the working copy of 'node_modules/@types/node/http.d.ts', LF will be replaced by CRLF the next time Git touches it
warning: in the working copy of 'node_modules/@types/node/http2.d.ts', LF will be replaced by CRLF the next time Git touches it
warning: in the working copy of 'node_modules/@types/node/https.d.ts', LF will be replaced by CRLF the next time Git touches it
warning: in the working copy of 'node_modules/@types/node/index.d.ts', LF will be replaced by CRLF the next time Git touches it
warning: in the working copy of 'node_modules/@types/node/inspector.d.ts', LF will be replaced by CRLF the next time Git touches it
warning: in the working copy of 'node_modules/@types/node/inspector.generated.d.ts', LF will be replaced by CRLF the next time Git touches it
warning: in the working copy of 'node_modules/@types/node/module.d.ts', LF will be replaced by CRLF the next time Git touches it
warning: in the working copy of 'node_modules/@types/node/net.d.ts', LF will be replaced by CRLF the next time Git touches it
warning: in the working copy of 'node_modules/@types/node/os.d.ts', LF will be replaced by CRLF the next time Git touches it
warning: in the working copy of 'node_modules/@types/node/package.json', LF will be replaced by CRLF the next time Git touches it
warning: in the working copy of 'node_modules/@types/node/path.d.ts', LF will be replaced by CRLF the next time Git touches it
warning: in the working copy of 'node_modules/@types/node/perf_hooks.d.ts', LF will be replaced by CRLF the next time Git touches it
warning: in the working copy of 'node_modules/@types/node/process.d.ts', LF will be replaced by CRLF the next time Git touches it
warning: in the working copy of 'node_modules/@types/node/punycode.d.ts', LF will be replaced by CRLF the next time Git touches it
warning: in the working copy of 'node_modules/@types/node/querystring.d.ts', LF will be replaced by CRLF the next time Git touches it
warning: in the working copy of 'node_modules/@types/node/readline.d.ts', LF will be replaced by CRLF the next time Git touches it
warning: in the working copy of 'node_modules/@types/node/readline/promises.d.ts', LF will be replaced by CRLF the next time Git touches it
warning: in the working copy of 'node_modules/@types/node/repl.d.ts', LF will be replaced by CRLF the next time Git touches it
warning: in the working copy of 'node_modules/@types/node/sea.d.ts', LF will be replaced by CRLF the next time Git touches it
warning: in the working copy of 'node_modules/@types/node/sqlite.d.ts', LF will be replaced by CRLF the next time Git touches it
warning: in the working copy of 'node_modules/@types/node/stream.d.ts', LF will be replaced by CRLF the next time Git touches it
warning: in the working copy of 'node_modules/@types/node/stream/consumers.d.ts', LF will be replaced by CRLF the next time Git touches it
warning: in the working copy of 'node_modules/@types/node/stream/promises.d.ts', LF will be replaced by CRLF the next time Git touches it
warning: in the working copy of 'node_modules/@types/node/stream/web.d.ts', LF will be replaced by CRLF the next time Git touches it
warning: in the working copy of 'node_modules/@types/node/string_decoder.d.ts', LF will be replaced by CRLF the next time Git touches it
warning: in the working copy of 'node_modules/@types/node/test.d.ts', LF will be replaced by CRLF the next time Git touches it
warning: in the working copy of 'node_modules/@types/node/timers.d.ts', LF will be replaced by CRLF the next time Git touches it
warning: in the working copy of 'node_modules/@types/node/timers/promises.d.ts', LF will be replaced by CRLF the next time Git touches it
warning: in the working copy of 'node_modules/@types/node/tls.d.ts', LF will be replaced by CRLF the next time Git touches it
warning: in the working copy of 'node_modules/@types/node/trace_events.d.ts', LF will be replaced by CRLF the next time Git touches it
warning: in the working copy of 'node_modules/@types/node/ts5.6/buffer.buffer.d.ts', LF will be replaced by CRLF the next time Git touches it
warning: in the working copy of 'node_modules/@types/node/ts5.6/compatibility/float16array.d.ts', LF will be replaced by CRLF the next time Git touches it
warning: in the working copy of 'node_modules/@types/node/ts5.6/globals.typedarray.d.ts', LF will be replaced by CRLF the next time Git touches it
warning: in the working copy of 'node_modules/@types/node/ts5.6/index.d.ts', LF will be replaced by CRLF the next time Git touches it
warning: in the working copy of 'node_modules/@types/node/ts5.7/compatibility/float16array.d.ts', LF will be replaced by CRLF the next time Git touches it
warning: in the working copy of 'node_modules/@types/node/ts5.7/index.d.ts', LF will be replaced by CRLF the next time Git touches it
warning: in the working copy of 'node_modules/@types/node/tty.d.ts', LF will be replaced by CRLF the next time Git touches it
warning: in the working copy of 'node_modules/@types/node/url.d.ts', LF will be replaced by CRLF the next time Git touches it
warning: in the working copy of 'node_modules/@types/node/util.d.ts', LF will be replaced by CRLF the next time Git touches it
warning: in the working copy of 'node_modules/@types/node/v8.d.ts', LF will be replaced by CRLF the next time Git touches it
warning: in the working copy of 'node_modules/@types/node/vm.d.ts', LF will be replaced by CRLF the next time Git touches it
warning: in the working copy of 'node_modules/@types/node/wasi.d.ts', LF will be replaced by CRLF the next time Git touches it
warning: in the working copy of 'node_modules/@types/node/web-globals/abortcontroller.d.ts', LF will be replaced by CRLF the next time Git touches it
warning: in the working copy of 'node_modules/@types/node/web-globals/crypto.d.ts', LF will be replaced by CRLF the next time Git touches it
warning: in the working copy of 'node_modules/@types/node/web-globals/domexception.d.ts', LF will be replaced by CRLF the next time Git touches it
warning: in the working copy of 'node_modules/@types/node/web-globals/events.d.ts', LF will be replaced by CRLF the next time Git touches it
warning: in the working copy of 'node_modules/@types/node/web-globals/fetch.d.ts', LF will be replaced by CRLF the next time Git touches it
warning: in the working copy of 'node_modules/@types/node/web-globals/navigator.d.ts', LF will be replaced by CRLF the next time Git touches it
warning: in the working copy of 'node_modules/@types/node/web-globals/storage.d.ts', LF will be replaced by CRLF the next time Git touches it
warning: in the working copy of 'node_modules/@types/node/web-globals/streams.d.ts', LF will be replaced by CRLF the next time Git touches it
warning: in the working copy of 'node_modules/@types/node/worker_threads.d.ts', LF will be replaced by CRLF the next time Git touches it
warning: in the working copy of 'node_modules/@types/node/zlib.d.ts', LF will be replaced by CRLF the next time Git touches it
warning: in the working copy of 'node_modules/@types/responselike/LICENSE', LF will be replaced by CRLF the next time Git touches it
warning: in the working copy of 'node_modules/@types/responselike/README.md', LF will be replaced by CRLF the next time Git touches it
warning: in the working copy of 'node_modules/@types/responselike/index.d.ts', LF will be replaced by CRLF the next time Git touches it
warning: in the working copy of 'node_modules/@types/responselike/package.json', LF will be replaced by CRLF the next time Git touches it
warning: in the working copy of 'node_modules/@xmldom/xmldom/CHANGELOG.md', LF will be replaced by CRLF the next time Git touches it
warning: in the working copy of 'node_modules/@xmldom/xmldom/LICENSE', LF will be replaced by CRLF the next time Git touches it
warning: in the working copy of 'node_modules/@xmldom/xmldom/SECURITY.md', LF will be replaced by CRLF the next time Git touches it
warning: in the working copy of 'node_modules/@xmldom/xmldom/index.d.ts', LF will be replaced by CRLF the next time Git touches it
warning: in the working copy of 'node_modules/@xmldom/xmldom/lib/.eslintrc.yml', LF will be replaced by CRLF the next time Git touches it
warning: in the working copy of 'node_modules/@xmldom/xmldom/lib/conventions.js', LF will be replaced by CRLF the next time Git touches it
warning: in the working copy of 'node_modules/@xmldom/xmldom/lib/dom-parser.js', LF will be replaced by CRLF the next time Git touches it
warning: in the working copy of 'node_modules/@xmldom/xmldom/lib/dom.js', LF will be replaced by CRLF the next time Git touches it
warning: in the working copy of 'node_modules/@xmldom/xmldom/lib/entities.js', LF will be replaced by CRLF the next time Git touches it
warning: in the working copy of 'node_modules/@xmldom/xmldom/lib/index.js', LF will be replaced by CRLF the next time Git touches it
warning: in the working copy of 'node_modules/@xmldom/xmldom/lib/sax.js', LF will be replaced by CRLF the next time Git touches it
warning: in the working copy of 'node_modules/@xmldom/xmldom/package.json', LF will be replaced by CRLF the next time Git touches it
warning: in the working copy of 'node_modules/@xmldom/xmldom/readme.md', LF will be replaced by CRLF the next time Git touches it
warning: in the working copy of 'node_modules/abbrev/LICENSE', LF will be replaced by CRLF the next time Git touches it
warning: in the working copy of 'node_modules/abbrev/README.md', LF will be replaced by CRLF the next time Git touches it
warning: in the working copy of 'node_modules/abbrev/lib/index.js', LF will be replaced by CRLF the next time Git touches it
warning: in the working copy of 'node_modules/abbrev/package.json', LF will be replaced by CRLF the next time Git touches it
warning: in the working copy of 'node_modules/agent-base/LICENSE', LF will be replaced by CRLF the next time Git touches it
warning: in the working copy of 'node_modules/agent-base/README.md', LF will be replaced by CRLF the next time Git touches it
warning: in the working copy of 'node_modules/agent-base/dist/helpers.d.ts', LF will be replaced by CRLF the next time Git touches it
warning: in the working copy of 'node_modules/agent-base/dist/helpers.js', LF will be replaced by CRLF the next time Git touches it
warning: in the working copy of 'node_modules/agent-base/dist/index.d.ts', LF will be replaced by CRLF the next time Git touches it
warning: in the working copy of 'node_modules/agent-base/dist/index.js', LF will be replaced by CRLF the next time Git touches it
warning: in the working copy of 'node_modules/agent-base/package.json', LF will be replaced by CRLF the next time Git touches it
warning: in the working copy of 'node_modules/ajv/.runkit_example.js', LF will be replaced by CRLF the next time Git touches it
warning: in the working copy of 'node_modules/ajv/LICENSE', LF will be replaced by CRLF the next time Git touches it
warning: in the working copy of 'node_modules/ajv/README.md', LF will be replaced by CRLF the next time Git touches it
warning: in the working copy of 'node_modules/ajv/dist/2019.d.ts', LF will be replaced by CRLF the next time Git touches it
warning: in the working copy of 'node_modules/ajv/dist/2019.js', LF will be replaced by CRLF the next time Git touches it
warning: in the working copy of 'node_modules/ajv/dist/2020.d.ts', LF will be replaced by CRLF the next time Git touches it
warning: in the working copy of 'node_modules/ajv/dist/2020.js', LF will be replaced by CRLF the next time Git touches it
warning: in the working copy of 'node_modules/ajv/dist/ajv.d.ts', LF will be replaced by CRLF the next time Git touches it
warning: in the working copy of 'node_modules/ajv/dist/ajv.js', LF will be replaced by CRLF the next time Git touches it
warning: in the working copy of 'node_modules/ajv/dist/compile/codegen/code.d.ts', LF will be replaced by CRLF the next time Git touches it
warning: in the working copy of 'node_modules/ajv/dist/compile/codegen/code.js', LF will be replaced by CRLF the next time Git touches it
warning: in the working copy of 'node_modules/ajv/dist/compile/codegen/index.d.ts', LF will be replaced by CRLF the next time Git touches it
warning: in the working copy of 'node_modules/ajv/dist/compile/codegen/index.js', LF will be replaced by CRLF the next time Git touches it
warning: in the working copy of 'node_modules/ajv/dist/compile/codegen/scope.d.ts', LF will be replaced by CRLF the next time Git touches it
warning: in the working copy of 'node_modules/ajv/dist/compile/codegen/scope.js', LF will be replaced by CRLF the next time Git touches it
warning: in the working copy of 'node_modules/ajv/dist/compile/errors.d.ts', LF will be replaced by CRLF the next time Git touches it
warning: in the working copy of 'node_modules/ajv/dist/compile/errors.js', LF will be replaced by CRLF the next time Git touches it
warning: in the working copy of 'node_modules/ajv/dist/compile/index.d.ts', LF will be replaced by CRLF the next time Git touches it
warning: in the working copy of 'node_modules/ajv/dist/compile/index.js', LF will be replaced by CRLF the next time Git touches it
warning: in the working copy of 'node_modules/ajv/dist/compile/jtd/parse.d.ts', LF will be replaced by CRLF the next time Git touches it
warning: in the working copy of 'node_modules/ajv/dist/compile/jtd/parse.js', LF will be replaced by CRLF the next time Git touches it
warning: in the working copy of 'node_modules/ajv/dist/compile/jtd/serialize.d.ts', LF will be replaced by CRLF the next time Git touches it
warning: in the working copy of 'node_modules/ajv/dist/compile/jtd/serialize.js', LF will be replaced by CRLF the next time Git touches it
warning: in the working copy of 'node_modules/ajv/dist/compile/jtd/types.d.ts', LF will be replaced by CRLF the next time Git touches it
warning: in the working copy of 'node_modules/ajv/dist/compile/jtd/types.js', LF will be replaced by CRLF the next time Git touches it
warning: in the working copy of 'node_modules/ajv/dist/compile/names.d.ts', LF will be replaced by CRLF the next time Git touches it
warning: in the working copy of 'node_modules/ajv/dist/compile/names.js', LF will be replaced by CRLF the next time Git touches it
warning: in the working copy of 'node_modules/ajv/dist/compile/ref_error.d.ts', LF will be replaced by CRLF the next time Git touches it
warning: in the working copy of 'node_modules/ajv/dist/compile/ref_error.js', LF will be replaced by CRLF the next time Git touches it
warning: in the working copy of 'node_modules/ajv/dist/compile/resolve.d.ts', LF will be replaced by CRLF the next time Git touches it
warning: in the working copy of 'node_modules/ajv/dist/compile/resolve.js', LF will be replaced by CRLF the next time Git touches it
warning: in the working copy of 'node_modules/ajv/dist/compile/rules.d.ts', LF will be replaced by CRLF the next time Git touches it
warning: in the working copy of 'node_modules/ajv/dist/compile/rules.js', LF will be replaced by CRLF the next time Git touches it
warning: in the working copy of 'node_modules/ajv/dist/compile/util.d.ts', LF will be replaced by CRLF the next time Git touches it
warning: in the working copy of 'node_modules/ajv/dist/compile/util.js', LF will be replaced by CRLF the next time Git touches it
warning: in the working copy of 'node_modules/ajv/dist/compile/validate/applicability.d.ts', LF will be replaced by CRLF the next time Git touches it
warning: in the working copy of 'node_modules/ajv/dist/compile/validate/applicability.js', LF will be replaced by CRLF the next time Git touches it
warning: in the working copy of 'node_modules/ajv/dist/compile/validate/boolSchema.d.ts', LF will be replaced by CRLF the next time Git touches it
warning: in the working copy of 'node_modules/ajv/dist/compile/validate/boolSchema.js', LF will be replaced by CRLF the next time Git touches it
warning: in the working copy of 'node_modules/ajv/dist/compile/validate/dataType.d.ts', LF will be replaced by CRLF the next time Git touches it
warning: in the working copy of 'node_modules/ajv/dist/compile/validate/dataType.js', LF will be replaced by CRLF the next time Git touches it
warning: in the working copy of 'node_modules/ajv/dist/compile/validate/defaults.d.ts', LF will be replaced by CRLF the next time Git touches it
warning: in the working copy of 'node_modules/ajv/dist/compile/validate/defaults.js', LF will be replaced by CRLF the next time Git touches it
warning: in the working copy of 'node_modules/ajv/dist/compile/validate/index.d.ts', LF will be replaced by CRLF the next time Git touches it
warning: in the working copy of 'node_modules/ajv/dist/compile/validate/index.js', LF will be replaced by CRLF the next time Git touches it
warning: in the working copy of 'node_modules/ajv/dist/compile/validate/keyword.d.ts', LF will be replaced by CRLF the next time Git touches it
warning: in the working copy of 'node_modules/ajv/dist/compile/validate/keyword.js', LF will be replaced by CRLF the next time Git touches it
warning: in the working copy of 'node_modules/ajv/dist/compile/validate/subschema.d.ts', LF will be replaced by CRLF the next time Git touches it
warning: in the working copy of 'node_modules/ajv/dist/compile/validate/subschema.js', LF will be replaced by CRLF the next time Git touches it
warning: in the working copy of 'node_modules/ajv/dist/core.d.ts', LF will be replaced by CRLF the next time Git touches it
warning: in the working copy of 'node_modules/ajv/dist/core.js', LF will be replaced by CRLF the next time Git touches it
warning: in the working copy of 'node_modules/ajv/dist/jtd.d.ts', LF will be replaced by CRLF the next time Git touches it
warning: in the working copy of 'node_modules/ajv/dist/jtd.js', LF will be replaced by CRLF the next time Git touches it
warning: in the working copy of 'node_modules/ajv/dist/refs/data.json', LF will be replaced by CRLF the next time Git touches it
warning: in the working copy of 'node_modules/ajv/dist/refs/json-schema-2019-09/index.d.ts', LF will be replaced by CRLF the next time Git touches it
warning: in the working copy of 'node_modules/ajv/dist/refs/json-schema-2019-09/index.js', LF will be replaced by CRLF the next time Git touches it
warning: in the working copy of 'node_modules/ajv/dist/refs/json-schema-2019-09/meta/applicator.json', LF will be replaced by CRLF the next time Git touches it
warning: in the working copy of 'node_modules/ajv/dist/refs/json-schema-2019-09/meta/content.json', LF will be replaced by CRLF the next time Git touches it
warning: in the working copy of 'node_modules/ajv/dist/refs/json-schema-2019-09/meta/core.json', LF will be replaced by CRLF the next time Git touches it
warning: in the working copy of 'node_modules/ajv/dist/refs/json-schema-2019-09/meta/format.json', LF will be replaced by CRLF the next time Git touches it
warning: in the working copy of 'node_modules/ajv/dist/refs/json-schema-2019-09/meta/meta-data.json', LF will be replaced by CRLF the next time Git touches it
warning: in the working copy of 'node_modules/ajv/dist/refs/json-schema-2019-09/meta/validation.json', LF will be replaced by CRLF the next time Git touches it
warning: in the working copy of 'node_modules/ajv/dist/refs/json-schema-2019-09/schema.json', LF will be replaced by CRLF the next time Git touches it
warning: in the working copy of 'node_modules/ajv/dist/refs/json-schema-2020-12/index.d.ts', LF will be replaced by CRLF the next time Git touches it
warning: in the working copy of 'node_modules/ajv/dist/refs/json-schema-2020-12/index.js', LF will be replaced by CRLF the next time Git touches it
warning: in the working copy of 'node_modules/ajv/dist/refs/json-schema-2020-12/meta/applicator.json', LF will be replaced by CRLF the next time Git touches it
warning: in the working copy of 'node_modules/ajv/dist/refs/json-schema-2020-12/meta/content.json', LF will be replaced by CRLF the next time Git touches it
warning: in the working copy of 'node_modules/ajv/dist/refs/json-schema-2020-12/meta/core.json', LF will be replaced by CRLF the next time Git touches it
warning: in the working copy of 'node_modules/ajv/dist/refs/json-schema-2020-12/meta/format-annotation.json', LF will be replaced by CRLF the next time Git touches it
warning: in the working copy of 'node_modules/ajv/dist/refs/json-schema-2020-12/meta/meta-data.json', LF will be replaced by CRLF the next time Git touches it
warning: in the working copy of 'node_modules/ajv/dist/refs/json-schema-2020-12/meta/unevaluated.json', LF will be replaced by CRLF the next time Git touches it
warning: in the working copy of 'node_modules/ajv/dist/refs/json-schema-2020-12/meta/validation.json', LF will be replaced by CRLF the next time Git touches it
warning: in the working copy of 'node_modules/ajv/dist/refs/json-schema-2020-12/schema.json', LF will be replaced by CRLF the next time Git touches it
warning: in the working copy of 'node_modules/ajv/dist/refs/json-schema-draft-06.json', LF will be replaced by CRLF the next time Git touches it
warning: in the working copy of 'node_modules/ajv/dist/refs/json-schema-draft-07.json', LF will be replaced by CRLF the next time Git touches it
warning: in the working copy of 'node_modules/ajv/dist/refs/json-schema-secure.json', LF will be replaced by CRLF the next time Git touches it
warning: in the working copy of 'node_modules/ajv/dist/refs/jtd-schema.d.ts', LF will be replaced by CRLF the next time Git touches it
warning: in the working copy of 'node_modules/ajv/dist/refs/jtd-schema.js', LF will be replaced by CRLF the next time Git touches it
warning: in the working copy of 'node_modules/ajv/dist/runtime/equal.d.ts', LF will be replaced by CRLF the next time Git touches it
warning: in the working copy of 'node_modules/ajv/dist/runtime/equal.js', LF will be replaced by CRLF the next time Git touches it
warning: in the working copy of 'node_modules/ajv/dist/runtime/parseJson.d.ts', LF will be replaced by CRLF the next time Git touches it
warning: in the working copy of 'node_modules/ajv/dist/runtime/parseJson.js', LF will be replaced by CRLF the next time Git touches it
warning: in the working copy of 'node_modules/ajv/dist/runtime/quote.d.ts', LF will be replaced by CRLF the next time Git touches it
warning: in the working copy of 'node_modules/ajv/dist/runtime/quote.js', LF will be replaced by CRLF the next time Git touches it
warning: in the working copy of 'node_modules/ajv/dist/runtime/re2.d.ts', LF will be replaced by CRLF the next time Git touches it
warning: in the working copy of 'node_modules/ajv/dist/runtime/re2.js', LF will be replaced by CRLF the next time Git touches it
warning: in the working copy of 'node_modules/ajv/dist/runtime/timestamp.d.ts', LF will be replaced by CRLF the next time Git touches it
warning: in the working copy of 'node_modules/ajv/dist/runtime/timestamp.js', LF will be replaced by CRLF the next time Git touches it
warning: in the working copy of 'node_modules/ajv/dist/runtime/ucs2length.d.ts', LF will be replaced by CRLF the next time Git touches it
warning: in the working copy of 'node_modules/ajv/dist/runtime/ucs2length.js', LF will be replaced by CRLF the next time Git touches it
warning: in the working copy of 'node_modules/ajv/dist/runtime/uri.d.ts', LF will be replaced by CRLF the next time Git touches it
warning: in the working copy of 'node_modules/ajv/dist/runtime/uri.js', LF will be replaced by CRLF the next time Git touches it
warning: in the working copy of 'node_modules/ajv/dist/runtime/validation_error.d.ts', LF will be replaced by CRLF the next time Git touches it
warning: in the working copy of 'node_modules/ajv/dist/runtime/validation_error.js', LF will be replaced by CRLF the next time Git touches it
warning: in the working copy of 'node_modules/ajv/dist/standalone/index.d.ts', LF will be replaced by CRLF the next time Git touches it
warning: in the working copy of 'node_modules/ajv/dist/standalone/index.js', LF will be replaced by CRLF the next time Git touches it
warning: in the working copy of 'node_modules/ajv/dist/standalone/instance.d.ts', LF will be replaced by CRLF the next time Git touches it
warning: in the working copy of 'node_modules/ajv/dist/standalone/instance.js', LF will be replaced by CRLF the next time Git touches it
warning: in the working copy of 'node_modules/ajv/dist/types/index.d.ts', LF will be replaced by CRLF the next time Git touches it
warning: in the working copy of 'node_modules/ajv/dist/types/index.js', LF will be replaced by CRLF the next time Git touches it
warning: in the working copy of 'node_modules/ajv/dist/types/json-schema.d.ts', LF will be replaced by CRLF the next time Git touches it
warning: in the working copy of 'node_modules/ajv/dist/types/json-schema.js', LF will be replaced by CRLF the next time Git touches it
warning: in the working copy of 'node_modules/ajv/dist/types/jtd-schema.d.ts', LF will be replaced by CRLF the next time Git touches it
warning: in the working copy of 'node_modules/ajv/dist/types/jtd-schema.js', LF will be replaced by CRLF the next time Git touches it
warning: in the working copy of 'node_modules/ajv/dist/vocabularies/applicator/additionalItems.d.ts', LF will be replaced by CRLF the next time Git touches it
warning: in the working copy of 'node_modules/ajv/dist/vocabularies/applicator/additionalItems.js', LF will be replaced by CRLF the next time Git touches it
warning: in the working copy of 'node_modules/ajv/dist/vocabularies/applicator/additionalProperties.d.ts', LF will be replaced by CRLF the next time Git touches it
warning: in the working copy of 'node_modules/ajv/dist/vocabularies/applicator/additionalProperties.js', LF will be replaced by CRLF the next time Git touches it
warning: in the working copy of 'node_modules/ajv/dist/vocabularies/applicator/allOf.d.ts', LF will be replaced by CRLF the next time Git touches it
warning: in the working copy of 'node_modules/ajv/dist/vocabularies/applicator/allOf.js', LF will be replaced by CRLF the next time Git touches it
warning: in the working copy of 'node_modules/ajv/dist/vocabularies/applicator/anyOf.d.ts', LF will be replaced by CRLF the next time Git touches it
warning: in the working copy of 'node_modules/ajv/dist/vocabularies/applicator/anyOf.js', LF will be replaced by CRLF the next time Git touches it
warning: in the working copy of 'node_modules/ajv/dist/vocabularies/applicator/contains.d.ts', LF will be replaced by CRLF the next time Git touches it
warning: in the working copy of 'node_modules/ajv/dist/vocabularies/applicator/contains.js', LF will be replaced by CRLF the next time Git touches it
warning: in the working copy of 'node_modules/ajv/dist/vocabularies/applicator/dependencies.d.ts', LF will be replaced by CRLF the next time Git touches it
warning: in the working copy of 'node_modules/ajv/dist/vocabularies/applicator/dependencies.js', LF will be replaced by CRLF the next time Git touches it
warning: in the working copy of 'node_modules/ajv/dist/vocabularies/applicator/dependentSchemas.d.ts', LF will be replaced by CRLF the next time Git touches it
warning: in the working copy of 'node_modules/ajv/dist/vocabularies/applicator/dependentSchemas.js', LF will be replaced by CRLF the next time Git touches it
warning: in the working copy of 'node_modules/ajv/dist/vocabularies/applicator/if.d.ts', LF will be replaced by CRLF the next time Git touches it
warning: in the working copy of 'node_modules/ajv/dist/vocabularies/applicator/if.js', LF will be replaced by CRLF the next time Git touches it
warning: in the working copy of 'node_modules/ajv/dist/vocabularies/applicator/index.d.ts', LF will be replaced by CRLF the next time Git touches it
warning: in the working copy of 'node_modules/ajv/dist/vocabularies/applicator/index.js', LF will be replaced by CRLF the next time Git touches it
warning: in the working copy of 'node_modules/ajv/dist/vocabularies/applicator/items.d.ts', LF will be replaced by CRLF the next time Git touches it
warning: in the working copy of 'node_modules/ajv/dist/vocabularies/applicator/items.js', LF will be replaced by CRLF the next time Git touches it
warning: in the working copy of 'node_modules/ajv/dist/vocabularies/applicator/items2020.d.ts', LF will be replaced by CRLF the next time Git touches it
warning: in the working copy of 'node_modules/ajv/dist/vocabularies/applicator/items2020.js', LF will be replaced by CRLF the next time Git touches it
warning: in the working copy of 'node_modules/ajv/dist/vocabularies/applicator/not.d.ts', LF will be replaced by CRLF the next time Git touches it
warning: in the working copy of 'node_modules/ajv/dist/vocabularies/applicator/not.js', LF will be replaced by CRLF the next time Git touches it
warning: in the working copy of 'node_modules/ajv/dist/vocabularies/applicator/oneOf.d.ts', LF will be replaced by CRLF the next time Git touches it
warning: in the working copy of 'node_modules/ajv/dist/vocabularies/applicator/oneOf.js', LF will be replaced by CRLF the next time Git touches it
warning: in the working copy of 'node_modules/ajv/dist/vocabularies/applicator/patternProperties.d.ts', LF will be replaced by CRLF the next time Git touches it
warning: in the working copy of 'node_modules/ajv/dist/vocabularies/applicator/patternProperties.js', LF will be replaced by CRLF the next time Git touches it
warning: in the working copy of 'node_modules/ajv/dist/vocabularies/applicator/prefixItems.d.ts', LF will be replaced by CRLF the next time Git touches it
warning: in the working copy of 'node_modules/ajv/dist/vocabularies/applicator/prefixItems.js', LF will be replaced by CRLF the next time Git touches it
warning: in the working copy of 'node_modules/ajv/dist/vocabularies/applicator/properties.d.ts', LF will be replaced by CRLF the next time Git touches it
warning: in the working copy of 'node_modules/ajv/dist/vocabularies/applicator/properties.js', LF will be replaced by CRLF the next time Git touches it
warning: in the working copy of 'node_modules/ajv/dist/vocabularies/applicator/propertyNames.d.ts', LF will be replaced by CRLF the next time Git touches it
warning: in the working copy of 'node_modules/ajv/dist/vocabularies/applicator/propertyNames.js', LF will be replaced by CRLF the next time Git touches it
warning: in the working copy of 'node_modules/ajv/dist/vocabularies/applicator/thenElse.d.ts', LF will be replaced by CRLF the next time Git touches it
warning: in the working copy of 'node_modules/ajv/dist/vocabularies/applicator/thenElse.js', LF will be replaced by CRLF the next time Git touches it
warning: in the working copy of 'node_modules/ajv/dist/vocabularies/code.d.ts', LF will be replaced by CRLF the next time Git touches it
warning: in the working copy of 'node_modules/ajv/dist/vocabularies/code.js', LF will be replaced by CRLF the next time Git touches it
warning: in the working copy of 'node_modules/ajv/dist/vocabularies/core/id.d.ts', LF will be replaced by CRLF the next time Git touches it
warning: in the working copy of 'node_modules/ajv/dist/vocabularies/core/id.js', LF will be replaced by CRLF the next time Git touches it
warning: in the working copy of 'node_modules/ajv/dist/vocabularies/core/index.d.ts', LF will be replaced by CRLF the next time Git touches it
warning: in the working copy of 'node_modules/ajv/dist/vocabularies/core/index.js', LF will be replaced by CRLF the next time Git touches it
warning: in the working copy of 'node_modules/ajv/dist/vocabularies/core/ref.d.ts', LF will be replaced by CRLF the next time Git touches it
warning: in the working copy of 'node_modules/ajv/dist/vocabularies/core/ref.js', LF will be replaced by CRLF the next time Git touches it
warning: in the working copy of 'node_modules/ajv/dist/vocabularies/discriminator/index.d.ts', LF will be replaced by CRLF the next time Git touches it
warning: in the working copy of 'node_modules/ajv/dist/vocabularies/discriminator/index.js', LF will be replaced by CRLF the next time Git touches it
warning: in the working copy of 'node_modules/ajv/dist/vocabularies/discriminator/types.d.ts', LF will be replaced by CRLF the next time Git touches it
warning: in the working copy of 'node_modules/ajv/dist/vocabularies/discriminator/types.js', LF will be replaced by CRLF the next time Git touches it
warning: in the working copy of 'node_modules/ajv/dist/vocabularies/draft2020.d.ts', LF will be replaced by CRLF the next time Git touches it
warning: in the working copy of 'node_modules/ajv/dist/vocabularies/draft2020.js', LF will be replaced by CRLF the next time Git touches it
warning: in the working copy of 'node_modules/ajv/dist/vocabularies/draft7.d.ts', LF will be replaced by CRLF the next time Git touches it
warning: in the working copy of 'node_modules/ajv/dist/vocabularies/draft7.js', LF will be replaced by CRLF the next time Git touches it
warning: in the working copy of 'node_modules/ajv/dist/vocabularies/dynamic/dynamicAnchor.d.ts', LF will be replaced by CRLF the next time Git touches it
warning: in the working copy of 'node_modules/ajv/dist/vocabularies/dynamic/dynamicAnchor.js', LF will be replaced by CRLF the next time Git touches it
warning: in the working copy of 'node_modules/ajv/dist/vocabularies/dynamic/dynamicRef.d.ts', LF will be replaced by CRLF the next time Git touches it
warning: in the working copy of 'node_modules/ajv/dist/vocabularies/dynamic/dynamicRef.js', LF will be replaced by CRLF the next time Git touches it
warning: in the working copy of 'node_modules/ajv/dist/vocabularies/dynamic/index.d.ts', LF will be replaced by CRLF the next time Git touches it
warning: in the working copy of 'node_modules/ajv/dist/vocabularies/dynamic/index.js', LF will be replaced by CRLF the next time Git touches it
warning: in the working copy of 'node_modules/ajv/dist/vocabularies/dynamic/recursiveAnchor.d.ts', LF will be replaced by CRLF the next time Git touches it
warning: in the working copy of 'node_modules/ajv/dist/vocabularies/dynamic/recursiveAnchor.js', LF will be replaced by CRLF the next time Git touches it
warning: in the working copy of 'node_modules/ajv/dist/vocabularies/dynamic/recursiveRef.d.ts', LF will be replaced by CRLF the next time Git touches it
warning: in the working copy of 'node_modules/ajv/dist/vocabularies/dynamic/recursiveRef.js', LF will be replaced by CRLF the next time Git touches it
warning: in the working copy of 'node_modules/ajv/dist/vocabularies/errors.d.ts', LF will be replaced by CRLF the next time Git touches it
warning: in the working copy of 'node_modules/ajv/dist/vocabularies/errors.js', LF will be replaced by CRLF the next time Git touches it
warning: in the working copy of 'node_modules/ajv/dist/vocabularies/format/format.d.ts', LF will be replaced by CRLF the next time Git touches it
warning: in the working copy of 'node_modules/ajv/dist/vocabularies/format/format.js', LF will be replaced by CRLF the next time Git touches it
warning: in the working copy of 'node_modules/ajv/dist/vocabularies/format/index.d.ts', LF will be replaced by CRLF the next time Git touches it
warning: in the working copy of 'node_modules/ajv/dist/vocabularies/format/index.js', LF will be replaced by CRLF the next time Git touches it
warning: in the working copy of 'node_modules/ajv/dist/vocabularies/jtd/discriminator.d.ts', LF will be replaced by CRLF the next time Git touches it
warning: in the working copy of 'node_modules/ajv/dist/vocabularies/jtd/discriminator.js', LF will be replaced by CRLF the next time Git touches it
warning: in the working copy of 'node_modules/ajv/dist/vocabularies/jtd/elements.d.ts', LF will be replaced by CRLF the next time Git touches it
warning: in the working copy of 'node_modules/ajv/dist/vocabularies/jtd/elements.js', LF will be replaced by CRLF the next time Git touches it
warning: in the working copy of 'node_modules/ajv/dist/vocabularies/jtd/enum.d.ts', LF will be replaced by CRLF the next time Git touches it
warning: in the working copy of 'node_modules/ajv/dist/vocabularies/jtd/enum.js', LF will be replaced by CRLF the next time Git touches it
warning: in the working copy of 'node_modules/ajv/dist/vocabularies/jtd/error.d.ts', LF will be replaced by CRLF the next time Git touches it
warning: in the working copy of 'node_modules/ajv/dist/vocabularies/jtd/error.js', LF will be replaced by CRLF the next time Git touches it
warning: in the working copy of 'node_modules/ajv/dist/vocabularies/jtd/index.d.ts', LF will be replaced by CRLF the next time Git touches it
warning: in the working copy of 'node_modules/ajv/dist/vocabularies/jtd/index.js', LF will be replaced by CRLF the next time Git touches it
warning: in the working copy of 'node_modules/ajv/dist/vocabularies/jtd/metadata.d.ts', LF will be replaced by CRLF the next time Git touches it
warning: in the working copy of 'node_modules/ajv/dist/vocabularies/jtd/metadata.js', LF will be replaced by CRLF the next time Git touches it
warning: in the working copy of 'node_modules/ajv/dist/vocabularies/jtd/nullable.d.ts', LF will be replaced by CRLF the next time Git touches it
warning: in the working copy of 'node_modules/ajv/dist/vocabularies/jtd/nullable.js', LF will be replaced by CRLF the next time Git touches it
warning: in the working copy of 'node_modules/ajv/dist/vocabularies/jtd/optionalProperties.d.ts', LF will be replaced by CRLF the next time Git touches it
warning: in the working copy of 'node_modules/ajv/dist/vocabularies/jtd/optionalProperties.js', LF will be replaced by CRLF the next time Git touches it
warning: in the working copy of 'node_modules/ajv/dist/vocabularies/jtd/properties.d.ts', LF will be replaced by CRLF the next time Git touches it
warning: in the working copy of 'node_modules/ajv/dist/vocabularies/jtd/properties.js', LF will be replaced by CRLF the next time Git touches it
warning: in the working copy of 'node_modules/ajv/dist/vocabularies/jtd/ref.d.ts', LF will be replaced by CRLF the next time Git touches it
warning: in the working copy of 'node_modules/ajv/dist/vocabularies/jtd/ref.js', LF will be replaced by CRLF the next time Git touches it
warning: in the working copy of 'node_modules/ajv/dist/vocabularies/jtd/type.d.ts', LF will be replaced by CRLF the next time Git touches it
warning: in the working copy of 'node_modules/ajv/dist/vocabularies/jtd/type.js', LF will be replaced by CRLF the next time Git touches it
warning: in the working copy of 'node_modules/ajv/dist/vocabularies/jtd/union.d.ts', LF will be replaced by CRLF the next time Git touches it
warning: in the working copy of 'node_modules/ajv/dist/vocabularies/jtd/union.js', LF will be replaced by CRLF the next time Git touches it
warning: in the working copy of 'node_modules/ajv/dist/vocabularies/jtd/values.d.ts', LF will be replaced by CRLF the next time Git touches it
warning: in the working copy of 'node_modules/ajv/dist/vocabularies/jtd/values.js', LF will be replaced by CRLF the next time Git touches it
warning: in the working copy of 'node_modules/ajv/dist/vocabularies/metadata.d.ts', LF will be replaced by CRLF the next time Git touches it
warning: in the working copy of 'node_modules/ajv/dist/vocabularies/metadata.js', LF will be replaced by CRLF the next time Git touches it
warning: in the working copy of 'node_modules/ajv/dist/vocabularies/next.d.ts', LF will be replaced by CRLF the next time Git touches it
warning: in the working copy of 'node_modules/ajv/dist/vocabularies/next.js', LF will be replaced by CRLF the next time Git touches it
warning: in the working copy of 'node_modules/ajv/dist/vocabularies/unevaluated/index.d.ts', LF will be replaced by CRLF the next time Git touches it
warning: in the working copy of 'node_modules/ajv/dist/vocabularies/unevaluated/index.js', LF will be replaced by CRLF the next time Git touches it
warning: in the working copy of 'node_modules/ajv/dist/vocabularies/unevaluated/unevaluatedItems.d.ts', LF will be replaced by CRLF the next time Git touches it
warning: in the working copy of 'node_modules/ajv/dist/vocabularies/unevaluated/unevaluatedItems.js', LF will be replaced by CRLF the next time Git touches it
warning: in the working copy of 'node_modules/ajv/dist/vocabularies/unevaluated/unevaluatedProperties.d.ts', LF will be replaced by CRLF the next time Git touches it
warning: in the working copy of 'node_modules/ajv/dist/vocabularies/unevaluated/unevaluatedProperties.js', LF will be replaced by CRLF the next time Git touches it
warning: in the working copy of 'node_modules/ajv/dist/vocabularies/validation/const.d.ts', LF will be replaced by CRLF the next time Git touches it
warning: in the working copy of 'node_modules/ajv/dist/vocabularies/validation/const.js', LF will be replaced by CRLF the next time Git touches it
warning: in the working copy of 'node_modules/ajv/dist/vocabularies/validation/dependentRequired.d.ts', LF will be replaced by CRLF the next time Git touches it
warning: in the working copy of 'node_modules/ajv/dist/vocabularies/validation/dependentRequired.js', LF will be replaced by CRLF the next time Git touches it
warning: in the working copy of 'node_modules/ajv/dist/vocabularies/validation/enum.d.ts', LF will be replaced by CRLF the next time Git touches it
warning: in the working copy of 'node_modules/ajv/dist/vocabularies/validation/enum.js', LF will be replaced by CRLF the next time Git touches it
warning: in the working copy of 'node_modules/ajv/dist/vocabularies/validation/index.d.ts', LF will be replaced by CRLF the next time Git touches it
warning: in the working copy of 'node_modules/ajv/dist/vocabularies/validation/index.js', LF will be replaced by CRLF the next time Git touches it
warning: in the working copy of 'node_modules/ajv/dist/vocabularies/validation/limitContains.d.ts', LF will be replaced by CRLF the next time Git touches it
warning: in the working copy of 'node_modules/ajv/dist/vocabularies/validation/limitContains.js', LF will be replaced by CRLF the next time Git touches it
warning: in the working copy of 'node_modules/ajv/dist/vocabularies/validation/limitItems.d.ts', LF will be replaced by CRLF the next time Git touches it
warning: in the working copy of 'node_modules/ajv/dist/vocabularies/validation/limitItems.js', LF will be replaced by CRLF the next time Git touches it
warning: in the working copy of 'node_modules/ajv/dist/vocabularies/validation/limitLength.d.ts', LF will be replaced by CRLF the next time Git touches it
warning: in the working copy of 'node_modules/ajv/dist/vocabularies/validation/limitLength.js', LF will be replaced by CRLF the next time Git touches it
warning: in the working copy of 'node_modules/ajv/dist/vocabularies/validation/limitNumber.d.ts', LF will be replaced by CRLF the next time Git touches it
warning: in the working copy of 'node_modules/ajv/dist/vocabularies/validation/limitNumber.js', LF will be replaced by CRLF the next time Git touches it
warning: in the working copy of 'node_modules/ajv/dist/vocabularies/validation/limitProperties.d.ts', LF will be replaced by CRLF the next time Git touches it
warning: in the working copy of 'node_modules/ajv/dist/vocabularies/validation/limitProperties.js', LF will be replaced by CRLF the next time Git touches it
warning: in the working copy of 'node_modules/ajv/dist/vocabularies/validation/multipleOf.d.ts', LF will be replaced by CRLF the next time Git touches it
warning: in the working copy of 'node_modules/ajv/dist/vocabularies/validation/multipleOf.js', LF will be replaced by CRLF the next time Git touches it
warning: in the working copy of 'node_modules/ajv/dist/vocabularies/validation/pattern.d.ts', LF will be replaced by CRLF the next time Git touches it
warning: in the working copy of 'node_modules/ajv/dist/vocabularies/validation/pattern.js', LF will be replaced by CRLF the next time Git touches it
warning: in the working copy of 'node_modules/ajv/dist/vocabularies/validation/required.d.ts', LF will be replaced by CRLF the next time Git touches it
warning: in the working copy of 'node_modules/ajv/dist/vocabularies/validation/required.js', LF will be replaced by CRLF the next time Git touches it
warning: in the working copy of 'node_modules/ajv/dist/vocabularies/validation/uniqueItems.d.ts', LF will be replaced by CRLF the next time Git touches it
warning: in the working copy of 'node_modules/ajv/dist/vocabularies/validation/uniqueItems.js', LF will be replaced by CRLF the next time Git touches it
warning: in the working copy of 'node_modules/ajv/lib/2019.ts', LF will be replaced by CRLF the next time Git touches it
warning: in the working copy of 'node_modules/ajv/lib/2020.ts', LF will be replaced by CRLF the next time Git touches it
warning: in the working copy of 'node_modules/ajv/lib/ajv.ts', LF will be replaced by CRLF the next time Git touches it
warning: in the working copy of 'node_modules/ajv/lib/compile/codegen/code.ts', LF will be replaced by CRLF the next time Git touches it
warning: in the working copy of 'node_modules/ajv/lib/compile/codegen/index.ts', LF will be replaced by CRLF the next time Git touches it
warning: in the working copy of 'node_modules/ajv/lib/compile/codegen/scope.ts', LF will be replaced by CRLF the next time Git touches it
warning: in the working copy of 'node_modules/ajv/lib/compile/errors.ts', LF will be replaced by CRLF the next time Git touches it
warning: in the working copy of 'node_modules/ajv/lib/compile/index.ts', LF will be replaced by CRLF the next time Git touches it
warning: in the working copy of 'node_modules/ajv/lib/compile/jtd/parse.ts', LF will be replaced by CRLF the next time Git touches it
warning: in the working copy of 'node_modules/ajv/lib/compile/jtd/serialize.ts', LF will be replaced by CRLF the next time Git touches it
warning: in the working copy of 'node_modules/ajv/lib/compile/jtd/types.ts', LF will be replaced by CRLF the next time Git touches it
warning: in the working copy of 'node_modules/ajv/lib/compile/names.ts', LF will be replaced by CRLF the next time Git touches it
warning: in the working copy of 'node_modules/ajv/lib/compile/ref_error.ts', LF will be replaced by CRLF the next time Git touches it
warning: in the working copy of 'node_modules/ajv/lib/compile/resolve.ts', LF will be replaced by CRLF the next time Git touches it
warning: in the working copy of 'node_modules/ajv/lib/compile/rules.ts', LF will be replaced by CRLF the next time Git touches it
warning: in the working copy of 'node_modules/ajv/lib/compile/util.ts', LF will be replaced by CRLF the next time Git touches it
warning: in the working copy of 'node_modules/ajv/lib/compile/validate/applicability.ts', LF will be replaced by CRLF the next time Git touches it
warning: in the working copy of 'node_modules/ajv/lib/compile/validate/boolSchema.ts', LF will be replaced by CRLF the next time Git touches it
warning: in the working copy of 'node_modules/ajv/lib/compile/validate/dataType.ts', LF will be replaced by CRLF the next time Git touches it
warning: in the working copy of 'node_modules/ajv/lib/compile/validate/defaults.ts', LF will be replaced by CRLF the next time Git touches it
warning: in the working copy of 'node_modules/ajv/lib/compile/validate/index.ts', LF will be replaced by CRLF the next time Git touches it
warning: in the working copy of 'node_modules/ajv/lib/compile/validate/keyword.ts', LF will be replaced by CRLF the next time Git touches it
warning: in the working copy of 'node_modules/ajv/lib/compile/validate/subschema.ts', LF will be replaced by CRLF the next time Git touches it
warning: in the working copy of 'node_modules/ajv/lib/core.ts', LF will be replaced by CRLF the next time Git touches it
warning: in the working copy of 'node_modules/ajv/lib/jtd.ts', LF will be replaced by CRLF the next time Git touches it
warning: in the working copy of 'node_modules/ajv/lib/refs/data.json', LF will be replaced by CRLF the next time Git touches it
warning: in the working copy of 'node_modules/ajv/lib/refs/json-schema-2019-09/index.ts', LF will be replaced by CRLF the next time Git touches it
warning: in the working copy of 'node_modules/ajv/lib/refs/json-schema-2019-09/meta/applicator.json', LF will be replaced by CRLF the next time Git touches it
warning: in the working copy of 'node_modules/ajv/lib/refs/json-schema-2019-09/meta/content.json', LF will be replaced by CRLF the next time Git touches it
warning: in the working copy of 'node_modules/ajv/lib/refs/json-schema-2019-09/meta/core.json', LF will be replaced by CRLF the next time Git touches it
warning: in the working copy of 'node_modules/ajv/lib/refs/json-schema-2019-09/meta/format.json', LF will be replaced by CRLF the next time Git touches it
warning: in the working copy of 'node_modules/ajv/lib/refs/json-schema-2019-09/meta/meta-data.json', LF will be replaced by CRLF the next time Git touches it
warning: in the working copy of 'node_modules/ajv/lib/refs/json-schema-2019-09/meta/validation.json', LF will be replaced by CRLF the next time Git touches it
warning: in the working copy of 'node_modules/ajv/lib/refs/json-schema-2019-09/schema.json', LF will be replaced by CRLF the next time Git touches it
warning: in the working copy of 'node_modules/ajv/lib/refs/json-schema-2020-12/index.ts', LF will be replaced by CRLF the next time Git touches it
warning: in the working copy of 'node_modules/ajv/lib/refs/json-schema-2020-12/meta/applicator.json', LF will be replaced by CRLF the next time Git touches it
warning: in the working copy of 'node_modules/ajv/lib/refs/json-schema-2020-12/meta/content.json', LF will be replaced by CRLF the next time Git touches it
warning: in the working copy of 'node_modules/ajv/lib/refs/json-schema-2020-12/meta/core.json', LF will be replaced by CRLF the next time Git touches it
warning: in the working copy of 'node_modules/ajv/lib/refs/json-schema-2020-12/meta/format-annotation.json', LF will be replaced by CRLF the next time Git touches it
warning: in the working copy of 'node_modules/ajv/lib/refs/json-schema-2020-12/meta/meta-data.json', LF will be replaced by CRLF the next time Git touches it
warning: in the working copy of 'node_modules/ajv/lib/refs/json-schema-2020-12/meta/unevaluated.json', LF will be replaced by CRLF the next time Git touches it
warning: in the working copy of 'node_modules/ajv/lib/refs/json-schema-2020-12/meta/validation.json', LF will be replaced by CRLF the next time Git touches it
warning: in the working copy of 'node_modules/ajv/lib/refs/json-schema-2020-12/schema.json', LF will be replaced by CRLF the next time Git touches it
warning: in the working copy of 'node_modules/ajv/lib/refs/json-schema-draft-06.json', LF will be replaced by CRLF the next time Git touches it
warning: in the working copy of 'node_modules/ajv/lib/refs/json-schema-draft-07.json', LF will be replaced by CRLF the next time Git touches it
warning: in the working copy of 'node_modules/ajv/lib/refs/json-schema-secure.json', LF will be replaced by CRLF the next time Git touches it
warning: in the working copy of 'node_modules/ajv/lib/refs/jtd-schema.ts', LF will be replaced by CRLF the next time Git touches it
warning: in the working copy of 'node_modules/ajv/lib/runtime/equal.ts', LF will be replaced by CRLF the next time Git touches it
warning: in the working copy of 'node_modules/ajv/lib/runtime/parseJson.ts', LF will be replaced by CRLF the next time Git touches it
warning: in the working copy of 'node_modules/ajv/lib/runtime/quote.ts', LF will be replaced by CRLF the next time Git touches it
warning: in the working copy of 'node_modules/ajv/lib/runtime/re2.ts', LF will be replaced by CRLF the next time Git touches it
warning: in the working copy of 'node_modules/ajv/lib/runtime/timestamp.ts', LF will be replaced by CRLF the next time Git touches it
warning: in the working copy of 'node_modules/ajv/lib/runtime/ucs2length.ts', LF will be replaced by CRLF the next time Git touches it
warning: in the working copy of 'node_modules/ajv/lib/runtime/uri.ts', LF will be replaced by CRLF the next time Git touches it
warning: in the working copy of 'node_modules/ajv/lib/runtime/validation_error.ts', LF will be replaced by CRLF the next time Git touches it
warning: in the working copy of 'node_modules/ajv/lib/standalone/index.ts', LF will be replaced by CRLF the next time Git touches it
warning: in the working copy of 'node_modules/ajv/lib/standalone/instance.ts', LF will be replaced by CRLF the next time Git touches it
warning: in the working copy of 'node_modules/ajv/lib/types/index.ts', LF will be replaced by CRLF the next time Git touches it
warning: in the working copy of 'node_modules/ajv/lib/types/json-schema.ts', LF will be replaced by CRLF the next time Git touches it
warning: in the working copy of 'node_modules/ajv/lib/types/jtd-schema.ts', LF will be replaced by CRLF the next time Git touches it
warning: in the working copy of 'node_modules/ajv/lib/vocabularies/applicator/additionalItems.ts', LF will be replaced by CRLF the next time Git touches it
warning: in the working copy of 'node_modules/ajv/lib/vocabularies/applicator/additionalProperties.ts', LF will be replaced by CRLF the next time Git touches it
warning: in the working copy of 'node_modules/ajv/lib/vocabularies/applicator/allOf.ts', LF will be replaced by CRLF the next time Git touches it
warning: in the working copy of 'node_modules/ajv/lib/vocabularies/applicator/anyOf.ts', LF will be replaced by CRLF the next time Git touches it
warning: in the working copy of 'node_modules/ajv/lib/vocabularies/applicator/contains.ts', LF will be replaced by CRLF the next time Git touches it
warning: in the working copy of 'node_modules/ajv/lib/vocabularies/applicator/dependencies.ts', LF will be replaced by CRLF the next time Git touches it
warning: in the working copy of 'node_modules/ajv/lib/vocabularies/applicator/dependentSchemas.ts', LF will be replaced by CRLF the next time Git touches it
warning: in the working copy of 'node_modules/ajv/lib/vocabularies/applicator/if.ts', LF will be replaced by CRLF the next time Git touches it
warning: in the working copy of 'node_modules/ajv/lib/vocabularies/applicator/index.ts', LF will be replaced by CRLF the next time Git touches it
warning: in the working copy of 'node_modules/ajv/lib/vocabularies/applicator/items.ts', LF will be replaced by CRLF the next time Git touches it
warning: in the working copy of 'node_modules/ajv/lib/vocabularies/applicator/items2020.ts', LF will be replaced by CRLF the next time Git touches it
warning: in the working copy of 'node_modules/ajv/lib/vocabularies/applicator/not.ts', LF will be replaced by CRLF the next time Git touches it
warning: in the working copy of 'node_modules/ajv/lib/vocabularies/applicator/oneOf.ts', LF will be replaced by CRLF the next time Git touches it
warning: in the working copy of 'node_modules/ajv/lib/vocabularies/applicator/patternProperties.ts', LF will be replaced by CRLF the next time Git touches it
warning: in the working copy of 'node_modules/ajv/lib/vocabularies/applicator/prefixItems.ts', LF will be replaced by CRLF the next time Git touches it
warning: in the working copy of 'node_modules/ajv/lib/vocabularies/applicator/properties.ts', LF will be replaced by CRLF the next time Git touches it
warning: in the working copy of 'node_modules/ajv/lib/vocabularies/applicator/propertyNames.ts', LF will be replaced by CRLF the next time Git touches it
warning: in the working copy of 'node_modules/ajv/lib/vocabularies/applicator/thenElse.ts', LF will be replaced by CRLF the next time Git touches it
warning: in the working copy of 'node_modules/ajv/lib/vocabularies/code.ts', LF will be replaced by CRLF the next time Git touches it
warning: in the working copy of 'node_modules/ajv/lib/vocabularies/core/id.ts', LF will be replaced by CRLF the next time Git touches it
warning: in the working copy of 'node_modules/ajv/lib/vocabularies/core/index.ts', LF will be replaced by CRLF the next time Git touches it
warning: in the working copy of 'node_modules/ajv/lib/vocabularies/core/ref.ts', LF will be replaced by CRLF the next time Git touches it
warning: in the working copy of 'node_modules/ajv/lib/vocabularies/discriminator/index.ts', LF will be replaced by CRLF the next time Git touches it
warning: in the working copy of 'node_modules/ajv/lib/vocabularies/discriminator/types.ts', LF will be replaced by CRLF the next time Git touches it
warning: in the working copy of 'node_modules/ajv/lib/vocabularies/draft2020.ts', LF will be replaced by CRLF the next time Git touches it
warning: in the working copy of 'node_modules/ajv/lib/vocabularies/draft7.ts', LF will be replaced by CRLF the next time Git touches it
warning: in the working copy of 'node_modules/ajv/lib/vocabularies/dynamic/dynamicAnchor.ts', LF will be replaced by CRLF the next time Git touches it
warning: in the working copy of 'node_modules/ajv/lib/vocabularies/dynamic/dynamicRef.ts', LF will be replaced by CRLF the next time Git touches it
warning: in the working copy of 'node_modules/ajv/lib/vocabularies/dynamic/index.ts', LF will be replaced by CRLF the next time Git touches it
warning: in the working copy of 'node_modules/ajv/lib/vocabularies/dynamic/recursiveAnchor.ts', LF will be replaced by CRLF the next time Git touches it
warning: in the working copy of 'node_modules/ajv/lib/vocabularies/dynamic/recursiveRef.ts', LF will be replaced by CRLF the next time Git touches it
warning: in the working copy of 'node_modules/ajv/lib/vocabularies/errors.ts', LF will be replaced by CRLF the next time Git touches it
warning: in the working copy of 'node_modules/ajv/lib/vocabularies/format/format.ts', LF will be replaced by CRLF the next time Git touches it
warning: in the working copy of 'node_modules/ajv/lib/vocabularies/format/index.ts', LF will be replaced by CRLF the next time Git touches it
warning: in the working copy of 'node_modules/ajv/lib/vocabularies/jtd/discriminator.ts', LF will be replaced by CRLF the next time Git touches it
warning: in the working copy of 'node_modules/ajv/lib/vocabularies/jtd/elements.ts', LF will be replaced by CRLF the next time Git touches it
warning: in the working copy of 'node_modules/ajv/lib/vocabularies/jtd/enum.ts', LF will be replaced by CRLF the next time Git touches it
warning: in the working copy of 'node_modules/ajv/lib/vocabularies/jtd/error.ts', LF will be replaced by CRLF the next time Git touches it
warning: in the working copy of 'node_modules/ajv/lib/vocabularies/jtd/index.ts', LF will be replaced by CRLF the next time Git touches it
warning: in the working copy of 'node_modules/ajv/lib/vocabularies/jtd/metadata.ts', LF will be replaced by CRLF the next time Git touches it
warning: in the working copy of 'node_modules/ajv/lib/vocabularies/jtd/nullable.ts', LF will be replaced by CRLF the next time Git touches it
warning: in the working copy of 'node_modules/ajv/lib/vocabularies/jtd/optionalProperties.ts', LF will be replaced by CRLF the next time Git touches it
warning: in the working copy of 'node_modules/ajv/lib/vocabularies/jtd/properties.ts', LF will be replaced by CRLF the next time Git touches it
warning: in the working copy of 'node_modules/ajv/lib/vocabularies/jtd/ref.ts', LF will be replaced by CRLF the next time Git touches it
warning: in the working copy of 'node_modules/ajv/lib/vocabularies/jtd/type.ts', LF will be replaced by CRLF the next time Git touches it
warning: in the working copy of 'node_modules/ajv/lib/vocabularies/jtd/union.ts', LF will be replaced by CRLF the next time Git touches it
warning: in the working copy of 'node_modules/ajv/lib/vocabularies/jtd/values.ts', LF will be replaced by CRLF the next time Git touches it
warning: in the working copy of 'node_modules/ajv/lib/vocabularies/metadata.ts', LF will be replaced by CRLF the next time Git touches it
warning: in the working copy of 'node_modules/ajv/lib/vocabularies/next.ts', LF will be replaced by CRLF the next time Git touches it
warning: in the working copy of 'node_modules/ajv/lib/vocabularies/unevaluated/index.ts', LF will be replaced by CRLF the next time Git touches it
warning: in the working copy of 'node_modules/ajv/lib/vocabularies/unevaluated/unevaluatedItems.ts', LF will be replaced by CRLF the next time Git touches it
warning: in the working copy of 'node_modules/ajv/lib/vocabularies/unevaluated/unevaluatedProperties.ts', LF will be replaced by CRLF the next time Git touches it
warning: in the working copy of 'node_modules/ajv/lib/vocabularies/validation/const.ts', LF will be replaced by CRLF the next time Git touches it
warning: in the working copy of 'node_modules/ajv/lib/vocabularies/validation/dependentRequired.ts', LF will be replaced by CRLF the next time Git touches it
warning: in the working copy of 'node_modules/ajv/lib/vocabularies/validation/enum.ts', LF will be replaced by CRLF the next time Git touches it
warning: in the working copy of 'node_modules/ajv/lib/vocabularies/validation/index.ts', LF will be replaced by CRLF the next time Git touches it
warning: in the working copy of 'node_modules/ajv/lib/vocabularies/validation/limitContains.ts', LF will be replaced by CRLF the next time Git touches it
warning: in the working copy of 'node_modules/ajv/lib/vocabularies/validation/limitItems.ts', LF will be replaced by CRLF the next time Git touches it
warning: in the working copy of 'node_modules/ajv/lib/vocabularies/validation/limitLength.ts', LF will be replaced by CRLF the next time Git touches it
warning: in the working copy of 'node_modules/ajv/lib/vocabularies/validation/limitNumber.ts', LF will be replaced by CRLF the next time Git touches it
warning: in the working copy of 'node_modules/ajv/lib/vocabularies/validation/limitProperties.ts', LF will be replaced by CRLF the next time Git touches it
warning: in the working copy of 'node_modules/ajv/lib/vocabularies/validation/multipleOf.ts', LF will be replaced by CRLF the next time Git touches it
warning: in the working copy of 'node_modules/ajv/lib/vocabularies/validation/pattern.ts', LF will be replaced by CRLF the next time Git touches it
warning: in the working copy of 'node_modules/ajv/lib/vocabularies/validation/required.ts', LF will be replaced by CRLF the next time Git touches it
warning: in the working copy of 'node_modules/ajv/lib/vocabularies/validation/uniqueItems.ts', LF will be replaced by CRLF the next time Git touches it
warning: in the working copy of 'node_modules/ajv/package.json', LF will be replaced by CRLF the next time Git touches it
warning: in the working copy of 'node_modules/ansi-regex/index.d.ts', LF will be replaced by CRLF the next time Git touches it
warning: in the working copy of 'node_modules/ansi-regex/index.js', LF will be replaced by CRLF the next time Git touches it
warning: in the working copy of 'node_modules/ansi-regex/license', LF will be replaced by CRLF the next time Git touches it
warning: in the working copy of 'node_modules/ansi-regex/package.json', LF will be replaced by CRLF the next time Git touches it
warning: in the working copy of 'node_modules/ansi-regex/readme.md', LF will be replaced by CRLF the next time Git touches it
warning: in the working copy of 'node_modules/ansi-styles/index.d.ts', LF will be replaced by CRLF the next time Git touches it
warning: in the working copy of 'node_modules/ansi-styles/index.js', LF will be replaced by CRLF the next time Git touches it
warning: in the working copy of 'node_modules/ansi-styles/license', LF will be replaced by CRLF the next time Git touches it
warning: in the working copy of 'node_modules/ansi-styles/package.json', LF will be replaced by CRLF the next time Git touches it
warning: in the working copy of 'node_modules/ansi-styles/readme.md', LF will be replaced by CRLF the next time Git touches it
warning: in the working copy of 'node_modules/app-builder-lib/README.md', LF will be replaced by CRLF the next time Git touches it
warning: in the working copy of 'node_modules/app-builder-lib/helpers/dynamic-import.d.ts', LF will be replaced by CRLF the next time Git touches it
warning: in the working copy of 'node_modules/app-builder-lib/helpers/dynamic-import.js', LF will be replaced by CRLF the next time Git touches it
warning: in the working copy of 'node_modules/app-builder-lib/helpers/remote-rebuild.js', LF will be replaced by CRLF the next time Git touches it
warning: in the working copy of 'node_modules/app-builder-lib/node_modules/.bin/semver', LF will be replaced by CRLF the next time Git touches it
warning: in the working copy of 'node_modules/app-builder-lib/node_modules/.bin/semver.ps1', LF will be replaced by CRLF the next time Git touches it
warning: in the working copy of 'node_modules/app-builder-lib/node_modules/@electron/get/LICENSE', LF will be replaced by CRLF the next time Git touches it
warning: in the working copy of 'node_modules/app-builder-lib/node_modules/@electron/get/README.md', LF will be replaced by CRLF the next time Git touches it
warning: in the working copy of 'node_modules/app-builder-lib/node_modules/@electron/get/dist/cjs/Cache.d.ts', LF will be replaced by CRLF the next time Git touches it
warning: in the working copy of 'node_modules/app-builder-lib/node_modules/@electron/get/dist/cjs/Cache.js', LF will be replaced by CRLF the next time Git touches it
warning: in the working copy of 'node_modules/app-builder-lib/node_modules/@electron/get/dist/cjs/Downloader.d.ts', LF will be replaced by CRLF the next time Git touches it
warning: in the working copy of 'node_modules/app-builder-lib/node_modules/@electron/get/dist/cjs/Downloader.js', LF will be replaced by CRLF the next time Git touches it
warning: in the working copy of 'node_modules/app-builder-lib/node_modules/@electron/get/dist/cjs/GotDownloader.d.ts', LF will be replaced by CRLF the next time Git touches it
warning: in the working copy of 'node_modules/app-builder-lib/node_modules/@electron/get/dist/cjs/GotDownloader.js', LF will be replaced by CRLF the next time Git touches it
warning: in the working copy of 'node_modules/app-builder-lib/node_modules/@electron/get/dist/cjs/artifact-utils.d.ts', LF will be replaced by CRLF the next time Git touches it
warning: in the working copy of 'node_modules/app-builder-lib/node_modules/@electron/get/dist/cjs/artifact-utils.js', LF will be replaced by CRLF the next time Git touches it
warning: in the working copy of 'node_modules/app-builder-lib/node_modules/@electron/get/dist/cjs/downloader-resolver.d.ts', LF will be replaced by CRLF the next time Git touches it
warning: in the working copy of 'node_modules/app-builder-lib/node_modules/@electron/get/dist/cjs/downloader-resolver.js', LF will be replaced by CRLF the next time Git touches it
warning: in the working copy of 'node_modules/app-builder-lib/node_modules/@electron/get/dist/cjs/index.d.ts', LF will be replaced by CRLF the next time Git touches it
warning: in the working copy of 'node_modules/app-builder-lib/node_modules/@electron/get/dist/cjs/index.js', LF will be replaced by CRLF the next time Git touches it
warning: in the working copy of 'node_modules/app-builder-lib/node_modules/@electron/get/dist/cjs/proxy.d.ts', LF will be replaced by CRLF the next time Git touches it
warning: in the working copy of 'node_modules/app-builder-lib/node_modules/@electron/get/dist/cjs/proxy.js', LF will be replaced by CRLF the next time Git touches it
warning: in the working copy of 'node_modules/app-builder-lib/node_modules/@electron/get/dist/cjs/types.d.ts', LF will be replaced by CRLF the next time Git touches it
warning: in the working copy of 'node_modules/app-builder-lib/node_modules/@electron/get/dist/cjs/types.js', LF will be replaced by CRLF the next time Git touches it
warning: in the working copy of 'node_modules/app-builder-lib/node_modules/@electron/get/dist/cjs/utils.d.ts', LF will be replaced by CRLF the next time Git touches it
warning: in the working copy of 'node_modules/app-builder-lib/node_modules/@electron/get/dist/cjs/utils.js', LF will be replaced by CRLF the next time Git touches it
warning: in the working copy of 'node_modules/app-builder-lib/node_modules/@electron/get/dist/esm/Cache.d.ts', LF will be replaced by CRLF the next time Git touches it
warning: in the working copy of 'node_modules/app-builder-lib/node_modules/@electron/get/dist/esm/Cache.js', LF will be replaced by CRLF the next time Git touches it
warning: in the working copy of 'node_modules/app-builder-lib/node_modules/@electron/get/dist/esm/Downloader.d.ts', LF will be replaced by CRLF the next time Git touches it
warning: in the working copy of 'node_modules/app-builder-lib/node_modules/@electron/get/dist/esm/Downloader.js', LF will be replaced by CRLF the next time Git touches it
warning: in the working copy of 'node_modules/app-builder-lib/node_modules/@electron/get/dist/esm/GotDownloader.d.ts', LF will be replaced by CRLF the next time Git touches it
warning: in the working copy of 'node_modules/app-builder-lib/node_modules/@electron/get/dist/esm/GotDownloader.js', LF will be replaced by CRLF the next time Git touches it
warning: in the working copy of 'node_modules/app-builder-lib/node_modules/@electron/get/dist/esm/artifact-utils.d.ts', LF will be replaced by CRLF the next time Git touches it
warning: in the working copy of 'node_modules/app-builder-lib/node_modules/@electron/get/dist/esm/artifact-utils.js', LF will be replaced by CRLF the next time Git touches it
warning: in the working copy of 'node_modules/app-builder-lib/node_modules/@electron/get/dist/esm/downloader-resolver.d.ts', LF will be replaced by CRLF the next time Git touches it
warning: in the working copy of 'node_modules/app-builder-lib/node_modules/@electron/get/dist/esm/downloader-resolver.js', LF will be replaced by CRLF the next time Git touches it
warning: in the working copy of 'node_modules/app-builder-lib/node_modules/@electron/get/dist/esm/index.d.ts', LF will be replaced by CRLF the next time Git touches it
warning: in the working copy of 'node_modules/app-builder-lib/node_modules/@electron/get/dist/esm/index.js', LF will be replaced by CRLF the next time Git touches it
warning: in the working copy of 'node_modules/app-builder-lib/node_modules/@electron/get/dist/esm/proxy.d.ts', LF will be replaced by CRLF the next time Git touches it
warning: in the working copy of 'node_modules/app-builder-lib/node_modules/@electron/get/dist/esm/proxy.js', LF will be replaced by CRLF the next time Git touches it
warning: in the working copy of 'node_modules/app-builder-lib/node_modules/@electron/get/dist/esm/types.d.ts', LF will be replaced by CRLF the next time Git touches it
warning: in the working copy of 'node_modules/app-builder-lib/node_modules/@electron/get/dist/esm/types.js', LF will be replaced by CRLF the next time Git touches it
warning: in the working copy of 'node_modules/app-builder-lib/node_modules/@electron/get/dist/esm/utils.d.ts', LF will be replaced by CRLF the next time Git touches it
warning: in the working copy of 'node_modules/app-builder-lib/node_modules/@electron/get/dist/esm/utils.js', LF will be replaced by CRLF the next time Git touches it
warning: in the working copy of 'node_modules/app-builder-lib/node_modules/@electron/get/node_modules/.bin/semver', LF will be replaced by CRLF the next time Git touches it
warning: in the working copy of 'node_modules/app-builder-lib/node_modules/@electron/get/node_modules/.bin/semver.ps1', LF will be replaced by CRLF the next time Git touches it
warning: in the working copy of 'node_modules/app-builder-lib/node_modules/@electron/get/node_modules/fs-extra/CHANGELOG.md', LF will be replaced by CRLF the next time Git touches it
warning: in the working copy of 'node_modules/app-builder-lib/node_modules/@electron/get/node_modules/fs-extra/LICENSE', LF will be replaced by CRLF the next time Git touches it
warning: in the working copy of 'node_modules/app-builder-lib/node_modules/@electron/get/node_modules/fs-extra/README.md', LF will be replaced by CRLF the next time Git touches it
warning: in the working copy of 'node_modules/app-builder-lib/node_modules/@electron/get/node_modules/fs-extra/lib/copy-sync/copy-sync.js', LF will be replaced by CRLF the next time Git touches it
warning: in the working copy of 'node_modules/app-builder-lib/node_modules/@electron/get/node_modules/fs-extra/lib/copy-sync/index.js', LF will be replaced by CRLF the next time Git touches it
warning: in the working copy of 'node_modules/app-builder-lib/node_modules/@electron/get/node_modules/fs-extra/lib/copy/copy.js', LF will be replaced by CRLF the next time Git touches it
warning: in the working copy of 'node_modules/app-builder-lib/node_modules/@electron/get/node_modules/fs-extra/lib/copy/index.js', LF will be replaced by CRLF the next time Git touches it
warning: in the working copy of 'node_modules/app-builder-lib/node_modules/@electron/get/node_modules/fs-extra/lib/empty/index.js', LF will be replaced by CRLF the next time Git touches it
warning: in the working copy of 'node_modules/app-builder-lib/node_modules/@electron/get/node_modules/fs-extra/lib/ensure/file.js', LF will be replaced by CRLF the next time Git touches it
warning: in the working copy of 'node_modules/app-builder-lib/node_modules/@electron/get/node_modules/fs-extra/lib/ensure/index.js', LF will be replaced by CRLF the next time Git touches it
warning: in the working copy of 'node_modules/app-builder-lib/node_modules/@electron/get/node_modules/fs-extra/lib/ensure/link.js', LF will be replaced by CRLF the next time Git touches it
warning: in the working copy of 'node_modules/app-builder-lib/node_modules/@electron/get/node_modules/fs-extra/lib/ensure/symlink-paths.js', LF will be replaced by CRLF the next time Git touches it
warning: in the working copy of 'node_modules/app-builder-lib/node_modules/@electron/get/node_modules/fs-extra/lib/ensure/symlink-type.js', LF will be replaced by CRLF the next time Git touches it
warning: in the working copy of 'node_modules/app-builder-lib/node_modules/@electron/get/node_modules/fs-extra/lib/ensure/symlink.js', LF will be replaced by CRLF the next time Git touches it
warning: in the working copy of 'node_modules/app-builder-lib/node_modules/@electron/get/node_modules/fs-extra/lib/fs/index.js', LF will be replaced by CRLF the next time Git touches it
warning: in the working copy of 'node_modules/app-builder-lib/node_modules/@electron/get/node_modules/fs-extra/lib/index.js', LF will be replaced by CRLF the next time Git touches it
warning: in the working copy of 'node_modules/app-builder-lib/node_modules/@electron/get/node_modules/fs-extra/lib/json/index.js', LF will be replaced by CRLF the next time Git touches it
warning: in the working copy of 'node_modules/app-builder-lib/node_modules/@electron/get/node_modules/fs-extra/lib/json/jsonfile.js', LF will be replaced by CRLF the next time Git touches it
warning: in the working copy of 'node_modules/app-builder-lib/node_modules/@electron/get/node_modules/fs-extra/lib/json/output-json-sync.js', LF will be replaced by CRLF the next time Git touches it
warning: in the working copy of 'node_modules/app-builder-lib/node_modules/@electron/get/node_modules/fs-extra/lib/json/output-json.js', LF will be replaced by CRLF the next time Git touches it
warning: in the working copy of 'node_modules/app-builder-lib/node_modules/@electron/get/node_modules/fs-extra/lib/mkdirs/index.js', LF will be replaced by CRLF the next time Git touches it
warning: in the working copy of 'node_modules/app-builder-lib/node_modules/@electron/get/node_modules/fs-extra/lib/mkdirs/mkdirs-sync.js', LF will be replaced by CRLF the next time Git touches it
warning: in the working copy of 'node_modules/app-builder-lib/node_modules/@electron/get/node_modules/fs-extra/lib/mkdirs/mkdirs.js', LF will be replaced by CRLF the next time Git touches it
warning: in the working copy of 'node_modules/app-builder-lib/node_modules/@electron/get/node_modules/fs-extra/lib/mkdirs/win32.js', LF will be replaced by CRLF the next time Git touches it
warning: in the working copy of 'node_modules/app-builder-lib/node_modules/@electron/get/node_modules/fs-extra/lib/move-sync/index.js', LF will be replaced by CRLF the next time Git touches it
warning: in the working copy of 'node_modules/app-builder-lib/node_modules/@electron/get/node_modules/fs-extra/lib/move-sync/move-sync.js', LF will be replaced by CRLF the next time Git touches it
warning: in the working copy of 'node_modules/app-builder-lib/node_modules/@electron/get/node_modules/fs-extra/lib/move/index.js', LF will be replaced by CRLF the next time Git touches it
warning: in the working copy of 'node_modules/app-builder-lib/node_modules/@electron/get/node_modules/fs-extra/lib/move/move.js', LF will be replaced by CRLF the next time Git touches it
warning: in the working copy of 'node_modules/app-builder-lib/node_modules/@electron/get/node_modules/fs-extra/lib/output/index.js', LF will be replaced by CRLF the next time Git touches it
warning: in the working copy of 'node_modules/app-builder-lib/node_modules/@electron/get/node_modules/fs-extra/lib/path-exists/index.js', LF will be replaced by CRLF the next time Git touches it
warning: in the working copy of 'node_modules/app-builder-lib/node_modules/@electron/get/node_modules/fs-extra/lib/remove/index.js', LF will be replaced by CRLF the next time Git touches it
warning: in the working copy of 'node_modules/app-builder-lib/node_modules/@electron/get/node_modules/fs-extra/lib/remove/rimraf.js', LF will be replaced by CRLF the next time Git touches it
warning: in the working copy of 'node_modules/app-builder-lib/node_modules/@electron/get/node_modules/fs-extra/lib/util/buffer.js', LF will be replaced by CRLF the next time Git touches it
warning: in the working copy of 'node_modules/app-builder-lib/node_modules/@electron/get/node_modules/fs-extra/lib/util/stat.js', LF will be replaced by CRLF the next time Git touches it
warning: in the working copy of 'node_modules/app-builder-lib/node_modules/@electron/get/node_modules/fs-extra/lib/util/utimes.js', LF will be replaced by CRLF the next time Git touches it
warning: in the working copy of 'node_modules/app-builder-lib/node_modules/@electron/get/node_modules/fs-extra/package.json', LF will be replaced by CRLF the next time Git touches it
warning: in the working copy of 'node_modules/app-builder-lib/node_modules/@electron/get/node_modules/semver/LICENSE', LF will be replaced by CRLF the next time Git touches it
warning: in the working copy of 'node_modules/app-builder-lib/node_modules/@electron/get/node_modules/semver/README.md', LF will be replaced by CRLF the next time Git touches it
warning: in the working copy of 'node_modules/app-builder-lib/node_modules/@electron/get/node_modules/semver/bin/semver.js', LF will be replaced by CRLF the next time Git touches it
warning: in the working copy of 'node_modules/app-builder-lib/node_modules/@electron/get/node_modules/semver/package.json', LF will be replaced by CRLF the next time Git touches it
warning: in the working copy of 'node_modules/app-builder-lib/node_modules/@electron/get/node_modules/semver/range.bnf', LF will be replaced by CRLF the next time Git touches it
warning: in the working copy of 'node_modules/app-builder-lib/node_modules/@electron/get/node_modules/semver/semver.js', LF will be replaced by CRLF the next time Git touches it
warning: in the working copy of 'node_modules/app-builder-lib/node_modules/@electron/get/package.json', LF will be replaced by CRLF the next time Git touches it
warning: in the working copy of 'node_modules/app-builder-lib/node_modules/ci-info/CHANGELOG.md', LF will be replaced by CRLF the next time Git touches it
warning: in the working copy of 'node_modules/app-builder-lib/node_modules/ci-info/LICENSE', LF will be replaced by CRLF the next time Git touches it
warning: in the working copy of 'node_modules/app-builder-lib/node_modules/ci-info/README.md', LF will be replaced by CRLF the next time Git touches it
warning: in the working copy of 'node_modules/app-builder-lib/node_modules/ci-info/index.d.ts', LF will be replaced by CRLF the next time Git touches it
warning: in the working copy of 'node_modules/app-builder-lib/node_modules/ci-info/index.js', LF will be replaced by CRLF the next time Git touches it
warning: in the working copy of 'node_modules/app-builder-lib/node_modules/ci-info/package.json', LF will be replaced by CRLF the next time Git touches it
warning: in the working copy of 'node_modules/app-builder-lib/node_modules/ci-info/vendors.json', LF will be replaced by CRLF the next time Git touches it
warning: in the working copy of 'node_modules/app-builder-lib/node_modules/env-paths/index.d.ts', LF will be replaced by CRLF the next time Git touches it
warning: in the working copy of 'node_modules/app-builder-lib/node_modules/env-paths/index.js', LF will be replaced by CRLF the next time Git touches it
warning: in the working copy of 'node_modules/app-builder-lib/node_modules/env-paths/license', LF will be replaced by CRLF the next time Git touches it
warning: in the working copy of 'node_modules/app-builder-lib/node_modules/env-paths/package.json', LF will be replaced by CRLF the next time Git touches it
warning: in the working copy of 'node_modules/app-builder-lib/node_modules/env-paths/readme.md', LF will be replaced by CRLF the next time Git touches it
warning: in the working copy of 'node_modules/app-builder-lib/node_modules/jsonfile/CHANGELOG.md', LF will be replaced by CRLF the next time Git touches it
warning: in the working copy of 'node_modules/app-builder-lib/node_modules/jsonfile/LICENSE', LF will be replaced by CRLF the next time Git touches it
warning: in the working copy of 'node_modules/app-builder-lib/node_modules/jsonfile/README.md', LF will be replaced by CRLF the next time Git touches it
warning: in the working copy of 'node_modules/app-builder-lib/node_modules/jsonfile/index.js', LF will be replaced by CRLF the next time Git touches it
warning: in the working copy of 'node_modules/app-builder-lib/node_modules/jsonfile/package.json', LF will be replaced by CRLF the next time Git touches it
warning: in the working copy of 'node_modules/app-builder-lib/node_modules/semver/LICENSE', LF will be replaced by CRLF the next time Git touches it
warning: in the working copy of 'node_modules/app-builder-lib/node_modules/semver/README.md', LF will be replaced by CRLF the next time Git touches it
warning: in the working copy of 'node_modules/app-builder-lib/node_modules/semver/bin/semver.js', LF will be replaced by CRLF the next time Git touches it
warning: in the working copy of 'node_modules/app-builder-lib/node_modules/semver/classes/comparator.js', LF will be replaced by CRLF the next time Git touches it
warning: in the working copy of 'node_modules/app-builder-lib/node_modules/semver/classes/index.js', LF will be replaced by CRLF the next time Git touches it
warning: in the working copy of 'node_modules/app-builder-lib/node_modules/semver/classes/range.js', LF will be replaced by CRLF the next time Git touches it
warning: in the working copy of 'node_modules/app-builder-lib/node_modules/semver/classes/semver.js', LF will be replaced by CRLF the next time Git touches it
warning: in the working copy of 'node_modules/app-builder-lib/node_modules/semver/functions/clean.js', LF will be replaced by CRLF the next time Git touches it
warning: in the working copy of 'node_modules/app-builder-lib/node_modules/semver/functions/cmp.js', LF will be replaced by CRLF the next time Git touches it
warning: in the working copy of 'node_modules/app-builder-lib/node_modules/semver/functions/coerce.js', LF will be replaced by CRLF the next time Git touches it
warning: in the working copy of 'node_modules/app-builder-lib/node_modules/semver/functions/compare-build.js', LF will be replaced by CRLF the next time Git touches it
warning: in the working copy of 'node_modules/app-builder-lib/node_modules/semver/functions/compare-loose.js', LF will be replaced by CRLF the next time Git touches it
warning: in the working copy of 'node_modules/app-builder-lib/node_modules/semver/functions/compare.js', LF will be replaced by CRLF the next time Git touches it
warning: in the working copy of 'node_modules/app-builder-lib/node_modules/semver/functions/diff.js', LF will be replaced by CRLF the next time Git touches it
warning: in the working copy of 'node_modules/app-builder-lib/node_modules/semver/functions/eq.js', LF will be replaced by CRLF the next time Git touches it
warning: in the working copy of 'node_modules/app-builder-lib/node_modules/semver/functions/gt.js', LF will be replaced by CRLF the next time Git touches it
warning: in the working copy of 'node_modules/app-builder-lib/node_modules/semver/functions/gte.js', LF will be replaced by CRLF the next time Git touches it
warning: in the working copy of 'node_modules/app-builder-lib/node_modules/semver/functions/inc.js', LF will be replaced by CRLF the next time Git touches it
warning: in the working copy of 'node_modules/app-builder-lib/node_modules/semver/functions/lt.js', LF will be replaced by CRLF the next time Git touches it
warning: in the working copy of 'node_modules/app-builder-lib/node_modules/semver/functions/lte.js', LF will be replaced by CRLF the next time Git touches it
warning: in the working copy of 'node_modules/app-builder-lib/node_modules/semver/functions/major.js', LF will be replaced by CRLF the next time Git touches it
warning: in the working copy of 'node_modules/app-builder-lib/node_modules/semver/functions/minor.js', LF will be replaced by CRLF the next time Git touches it
warning: in the working copy of 'node_modules/app-builder-lib/node_modules/semver/functions/neq.js', LF will be replaced by CRLF the next time Git touches it
warning: in the working copy of 'node_modules/app-builder-lib/node_modules/semver/functions/parse.js', LF will be replaced by CRLF the next time Git touches it
warning: in the working copy of 'node_modules/app-builder-lib/node_modules/semver/functions/patch.js', LF will be replaced by CRLF the next time Git touches it
warning: in the working copy of 'node_modules/app-builder-lib/node_modules/semver/functions/prerelease.js', LF will be replaced by CRLF the next time Git touches it
warning: in the working copy of 'node_modules/app-builder-lib/node_modules/semver/functions/rcompare.js', LF will be replaced by CRLF the next time Git touches it
warning: in the working copy of 'node_modules/app-builder-lib/node_modules/semver/functions/rsort.js', LF will be replaced by CRLF the next time Git touches it
warning: in the working copy of 'node_modules/app-builder-lib/node_modules/semver/functions/satisfies.js', LF will be replaced by CRLF the next time Git touches it
warning: in the working copy of 'node_modules/app-builder-lib/node_modules/semver/functions/sort.js', LF will be replaced by CRLF the next time Git touches it
warning: in the working copy of 'node_modules/app-builder-lib/node_modules/semver/functions/valid.js', LF will be replaced by CRLF the next time Git touches it
warning: in the working copy of 'node_modules/app-builder-lib/node_modules/semver/index.js', LF will be replaced by CRLF the next time Git touches it
warning: in the working copy of 'node_modules/app-builder-lib/node_modules/semver/internal/constants.js', LF will be replaced by CRLF the next time Git touches it
warning: in the working copy of 'node_modules/app-builder-lib/node_modules/semver/internal/debug.js', LF will be replaced by CRLF the next time Git touches it
warning: in the working copy of 'node_modules/app-builder-lib/node_modules/semver/internal/identifiers.js', LF will be replaced by CRLF the next time Git touches it
warning: in the working copy of 'node_modules/app-builder-lib/node_modules/semver/internal/lrucache.js', LF will be replaced by CRLF the next time Git touches it
warning: in the working copy of 'node_modules/app-builder-lib/node_modules/semver/internal/parse-options.js', LF will be replaced by CRLF the next time Git touches it
warning: in the working copy of 'node_modules/app-builder-lib/node_modules/semver/internal/re.js', LF will be replaced by CRLF the next time Git touches it
warning: in the working copy of 'node_modules/app-builder-lib/node_modules/semver/package.json', LF will be replaced by CRLF the next time Git touches it
warning: in the working copy of 'node_modules/app-builder-lib/node_modules/semver/preload.js', LF will be replaced by CRLF the next time Git touches it
warning: in the working copy of 'node_modules/app-builder-lib/node_modules/semver/range.bnf', LF will be replaced by CRLF the next time Git touches it
warning: in the working copy of 'node_modules/app-builder-lib/node_modules/semver/ranges/gtr.js', LF will be replaced by CRLF the next time Git touches it
warning: in the working copy of 'node_modules/app-builder-lib/node_modules/semver/ranges/intersects.js', LF will be replaced by CRLF the next time Git touches it
warning: in the working copy of 'node_modules/app-builder-lib/node_modules/semver/ranges/ltr.js', LF will be replaced by CRLF the next time Git touches it
warning: in the working copy of 'node_modules/app-builder-lib/node_modules/semver/ranges/max-satisfying.js', LF will be replaced by CRLF the next time Git touches it
warning: in the working copy of 'node_modules/app-builder-lib/node_modules/semver/ranges/min-satisfying.js', LF will be replaced by CRLF the next time Git touches it
warning: in the working copy of 'node_modules/app-builder-lib/node_modules/semver/ranges/min-version.js', LF will be replaced by CRLF the next time Git touches it
warning: in the working copy of 'node_modules/app-builder-lib/node_modules/semver/ranges/outside.js', LF will be replaced by CRLF the next time Git touches it
warning: in the working copy of 'node_modules/app-builder-lib/node_modules/semver/ranges/simplify.js', LF will be replaced by CRLF the next time Git touches it
warning: in the working copy of 'node_modules/app-builder-lib/node_modules/semver/ranges/subset.js', LF will be replaced by CRLF the next time Git touches it
warning: in the working copy of 'node_modules/app-builder-lib/node_modules/semver/ranges/to-comparators.js', LF will be replaced by CRLF the next time Git touches it
warning: in the working copy of 'node_modules/app-builder-lib/node_modules/semver/ranges/valid.js', LF will be replaced by CRLF the next time Git touches it
warning: in the working copy of 'node_modules/app-builder-lib/node_modules/universalify/LICENSE', LF will be replaced by CRLF the next time Git touches it
warning: in the working copy of 'node_modules/app-builder-lib/node_modules/universalify/README.md', LF will be replaced by CRLF the next time Git touches it
warning: in the working copy of 'node_modules/app-builder-lib/node_modules/universalify/index.js', LF will be replaced by CRLF the next time Git touches it
warning: in the working copy of 'node_modules/app-builder-lib/node_modules/universalify/package.json', LF will be replaced by CRLF the next time Git touches it
warning: in the working copy of 'node_modules/app-builder-lib/out/Framework.d.ts', LF will be replaced by CRLF the next time Git touches it
warning: in the working copy of 'node_modules/app-builder-lib/out/Framework.js', LF will be replaced by CRLF the next time Git touches it
warning: in the working copy of 'node_modules/app-builder-lib/out/ProtonFramework.d.ts', LF will be replaced by CRLF the next time Git touches it
warning: in the working copy of 'node_modules/app-builder-lib/out/ProtonFramework.js', LF will be replaced by CRLF the next time Git touches it
warning: in the working copy of 'node_modules/app-builder-lib/out/appInfo.d.ts', LF will be replaced by CRLF the next time Git touches it
warning: in the working copy of 'node_modules/app-builder-lib/out/appInfo.js', LF will be replaced by CRLF the next time Git touches it
warning: in the working copy of 'node_modules/app-builder-lib/out/asar/asar.d.ts', LF will be replaced by CRLF the next time Git touches it
warning: in the working copy of 'node_modules/app-builder-lib/out/asar/asar.js', LF will be replaced by CRLF the next time Git touches it
warning: in the working copy of 'node_modules/app-builder-lib/out/asar/asarFileChecker.d.ts', LF will be replaced by CRLF the next time Git touches it
warning: in the working copy of 'node_modules/app-builder-lib/out/asar/asarFileChecker.js', LF will be replaced by CRLF the next time Git touches it
warning: in the working copy of 'node_modules/app-builder-lib/out/asar/asarUtil.d.ts', LF will be replaced by CRLF the next time Git touches it
warning: in the working copy of 'node_modules/app-builder-lib/out/asar/asarUtil.js', LF will be replaced by CRLF the next time Git touches it
warning: in the working copy of 'node_modules/app-builder-lib/out/asar/integrity.d.ts', LF will be replaced by CRLF the next time Git touches it
warning: in the working copy of 'node_modules/app-builder-lib/out/asar/integrity.js', LF will be replaced by CRLF the next time Git touches it
warning: in the working copy of 'node_modules/app-builder-lib/out/asar/unpackDetector.d.ts', LF will be replaced by CRLF the next time Git touches it
warning: in the working copy of 'node_modules/app-builder-lib/out/asar/unpackDetector.js', LF will be replaced by CRLF the next time Git touches it
warning: in the working copy of 'node_modules/app-builder-lib/out/binDownload.d.ts', LF will be replaced by CRLF the next time Git touches it
warning: in the working copy of 'node_modules/app-builder-lib/out/binDownload.js', LF will be replaced by CRLF the next time Git touches it
warning: in the working copy of 'node_modules/app-builder-lib/out/codeSign/certInfo.d.ts', LF will be replaced by CRLF the next time Git touches it
warning: in the working copy of 'node_modules/app-builder-lib/out/codeSign/certInfo.js', LF will be replaced by CRLF the next time Git touches it
warning: in the working copy of 'node_modules/app-builder-lib/out/codeSign/codesign.d.ts', LF will be replaced by CRLF the next time Git touches it
warning: in the working copy of 'node_modules/app-builder-lib/out/codeSign/codesign.js', LF will be replaced by CRLF the next time Git touches it
warning: in the working copy of 'node_modules/app-builder-lib/out/codeSign/macCodeSign.d.ts', LF will be replaced by CRLF the next time Git touches it
warning: in the working copy of 'node_modules/app-builder-lib/out/codeSign/macCodeSign.js', LF will be replaced by CRLF the next time Git touches it
warning: in the working copy of 'node_modules/app-builder-lib/out/codeSign/signManager.d.ts', LF will be replaced by CRLF the next time Git touches it
warning: in the working copy of 'node_modules/app-builder-lib/out/codeSign/signManager.js', LF will be replaced by CRLF the next time Git touches it
warning: in the working copy of 'node_modules/app-builder-lib/out/codeSign/windowsCodeSign.d.ts', LF will be replaced by CRLF the next time Git touches it
warning: in the working copy of 'node_modules/app-builder-lib/out/codeSign/windowsCodeSign.js', LF will be replaced by CRLF the next time Git touches it
warning: in the working copy of 'node_modules/app-builder-lib/out/codeSign/windowsSignAzureManager.d.ts', LF will be replaced by CRLF the next time Git touches it
warning: in the working copy of 'node_modules/app-builder-lib/out/codeSign/windowsSignAzureManager.js', LF will be replaced by CRLF the next time Git touches it
warning: in the working copy of 'node_modules/app-builder-lib/out/codeSign/windowsSignToolManager.d.ts', LF will be replaced by CRLF the next time Git touches it
warning: in the working copy of 'node_modules/app-builder-lib/out/codeSign/windowsSignToolManager.js', LF will be replaced by CRLF the next time Git touches it
warning: in the working copy of 'node_modules/app-builder-lib/out/configuration.d.ts', LF will be replaced by CRLF the next time Git touches it
warning: in the working copy of 'node_modules/app-builder-lib/out/configuration.js', LF will be replaced by CRLF the next time Git touches it
warning: in the working copy of 'node_modules/app-builder-lib/out/core.d.ts', LF will be replaced by CRLF the next time Git touches it
warning: in the working copy of 'node_modules/app-builder-lib/out/core.js', LF will be replaced by CRLF the next time Git touches it
warning: in the working copy of 'node_modules/app-builder-lib/out/electron/ElectronFramework.d.ts', LF will be replaced by CRLF the next time Git touches it
warning: in the working copy of 'node_modules/app-builder-lib/out/electron/ElectronFramework.js', LF will be replaced by CRLF the next time Git touches it
warning: in the working copy of 'node_modules/app-builder-lib/out/electron/electronMac.d.ts', LF will be replaced by CRLF the next time Git touches it
warning: in the working copy of 'node_modules/app-builder-lib/out/electron/electronMac.js', LF will be replaced by CRLF the next time Git touches it
warning: in the working copy of 'node_modules/app-builder-lib/out/electron/electronVersion.d.ts', LF will be replaced by CRLF the next time Git touches it
warning: in the working copy of 'node_modules/app-builder-lib/out/electron/electronVersion.js', LF will be replaced by CRLF the next time Git touches it
warning: in the working copy of 'node_modules/app-builder-lib/out/electron/electronWin.d.ts', LF will be replaced by CRLF the next time Git touches it
warning: in the working copy of 'node_modules/app-builder-lib/out/electron/electronWin.js', LF will be replaced by CRLF the next time Git touches it
warning: in the working copy of 'node_modules/app-builder-lib/out/electron/injectFFMPEG.d.ts', LF will be replaced by CRLF the next time Git touches it
warning: in the working copy of 'node_modules/app-builder-lib/out/electron/injectFFMPEG.js', LF will be replaced by CRLF the next time Git touches it
warning: in the working copy of 'node_modules/app-builder-lib/out/electron/search-module.d.ts', LF will be replaced by CRLF the next time Git touches it
warning: in the working copy of 'node_modules/app-builder-lib/out/electron/search-module.js', LF will be replaced by CRLF the next time Git touches it
warning: in the working copy of 'node_modules/app-builder-lib/out/errorMessages.d.ts', LF will be replaced by CRLF the next time Git touches it
warning: in the working copy of 'node_modules/app-builder-lib/out/errorMessages.js', LF will be replaced by CRLF the next time Git touches it
warning: in the working copy of 'node_modules/app-builder-lib/out/fileMatcher.d.ts', LF will be replaced by CRLF the next time Git touches it
warning: in the working copy of 'node_modules/app-builder-lib/out/fileMatcher.js', LF will be replaced by CRLF the next time Git touches it
warning: in the working copy of 'node_modules/app-builder-lib/out/fileTransformer.d.ts', LF will be replaced by CRLF the next time Git touches it
warning: in the working copy of 'node_modules/app-builder-lib/out/fileTransformer.js', LF will be replaced by CRLF the next time Git touches it
warning: in the working copy of 'node_modules/app-builder-lib/out/forge-maker.d.ts', LF will be replaced by CRLF the next time Git touches it
warning: in the working copy of 'node_modules/app-builder-lib/out/forge-maker.js', LF will be replaced by CRLF the next time Git touches it
warning: in the working copy of 'node_modules/app-builder-lib/out/frameworks/LibUiFramework.d.ts', LF will be replaced by CRLF the next time Git touches it
warning: in the working copy of 'node_modules/app-builder-lib/out/frameworks/LibUiFramework.js', LF will be replaced by CRLF the next time Git touches it
warning: in the working copy of 'node_modules/app-builder-lib/out/index.d.ts', LF will be replaced by CRLF the next time Git touches it
warning: in the working copy of 'node_modules/app-builder-lib/out/index.js', LF will be replaced by CRLF the next time Git touches it
warning: in the working copy of 'node_modules/app-builder-lib/out/linuxPackager.d.ts', LF will be replaced by CRLF the next time Git touches it
warning: in the working copy of 'node_modules/app-builder-lib/out/linuxPackager.js', LF will be replaced by CRLF the next time Git touches it
warning: in the working copy of 'node_modules/app-builder-lib/out/mac/MacTargetHelper.d.ts', LF will be replaced by CRLF the next time Git touches it
warning: in the working copy of 'node_modules/app-builder-lib/out/mac/MacTargetHelper.js', LF will be replaced by CRLF the next time Git touches it
warning: in the working copy of 'node_modules/app-builder-lib/out/macPackager.d.ts', LF will be replaced by CRLF the next time Git touches it
warning: in the working copy of 'node_modules/app-builder-lib/out/macPackager.js', LF will be replaced by CRLF the next time Git touches it
warning: in the working copy of 'node_modules/app-builder-lib/out/node-module-collector/bunNodeModulesCollector.d.ts', LF will be replaced by CRLF the next time Git touches it
warning: in the working copy of 'node_modules/app-builder-lib/out/node-module-collector/bunNodeModulesCollector.js', LF will be replaced by CRLF the next time Git touches it
warning: in the working copy of 'node_modules/app-builder-lib/out/node-module-collector/hoist.d.ts', LF will be replaced by CRLF the next time Git touches it
warning: in the working copy of 'node_modules/app-builder-lib/out/node-module-collector/hoist.js', LF will be replaced by CRLF the next time Git touches it
warning: in the working copy of 'node_modules/app-builder-lib/out/node-module-collector/index.d.ts', LF will be replaced by CRLF the next time Git touches it
warning: in the working copy of 'node_modules/app-builder-lib/out/node-module-collector/index.js', LF will be replaced by CRLF the next time Git touches it
warning: in the working copy of 'node_modules/app-builder-lib/out/node-module-collector/moduleManager.d.ts', LF will be replaced by CRLF the next time Git touches it
warning: in the working copy of 'node_modules/app-builder-lib/out/node-module-collector/moduleManager.js', LF will be replaced by CRLF the next time Git touches it
warning: in the working copy of 'node_modules/app-builder-lib/out/node-module-collector/nodeModulesCollector.d.ts', LF will be replaced by CRLF the next time Git touches it
warning: in the working copy of 'node_modules/app-builder-lib/out/node-module-collector/nodeModulesCollector.js', LF will be replaced by CRLF the next time Git touches it
warning: in the working copy of 'node_modules/app-builder-lib/out/node-module-collector/npmNodeModulesCollector.d.ts', LF will be replaced by CRLF the next time Git touches it
warning: in the working copy of 'node_modules/app-builder-lib/out/node-module-collector/npmNodeModulesCollector.js', LF will be replaced by CRLF the next time Git touches it
warning: in the working copy of 'node_modules/app-builder-lib/out/node-module-collector/packageManager.d.ts', LF will be replaced by CRLF the next time Git touches it
warning: in the working copy of 'node_modules/app-builder-lib/out/node-module-collector/packageManager.js', LF will be replaced by CRLF the next time Git touches it
warning: in the working copy of 'node_modules/app-builder-lib/out/node-module-collector/pnpmNodeModulesCollector.d.ts', LF will be replaced by CRLF the next time Git touches it
warning: in the working copy of 'node_modules/app-builder-lib/out/node-module-collector/pnpmNodeModulesCollector.js', LF will be replaced by CRLF the next time Git touches it
warning: in the working copy of 'node_modules/app-builder-lib/out/node-module-collector/traversalNodeModulesCollector.d.ts', LF will be replaced by CRLF the next time Git touches it
warning: in the working copy of 'node_modules/app-builder-lib/out/node-module-collector/traversalNodeModulesCollector.js', LF will be replaced by CRLF the next time Git touches it
warning: in the working copy of 'node_modules/app-builder-lib/out/node-module-collector/types.d.ts', LF will be replaced by CRLF the next time Git touches it
warning: in the working copy of 'node_modules/app-builder-lib/out/node-module-collector/types.js', LF will be replaced by CRLF the next time Git touches it
warning: in the working copy of 'node_modules/app-builder-lib/out/node-module-collector/yarnBerryNodeModulesCollector.d.ts', LF will be replaced by CRLF the next time Git touches it
warning: in the working copy of 'node_modules/app-builder-lib/out/node-module-collector/yarnBerryNodeModulesCollector.js', LF will be replaced by CRLF the next time Git touches it
warning: in the working copy of 'node_modules/app-builder-lib/out/node-module-collector/yarnNodeModulesCollector.d.ts', LF will be replaced by CRLF the next time Git touches it
warning: in the working copy of 'node_modules/app-builder-lib/out/node-module-collector/yarnNodeModulesCollector.js', LF will be replaced by CRLF the next time Git touches it
warning: in the working copy of 'node_modules/app-builder-lib/out/options/AppXOptions.d.ts', LF will be replaced by CRLF the next time Git touches it
warning: in the working copy of 'node_modules/app-builder-lib/out/options/AppXOptions.js', LF will be replaced by CRLF the next time Git touches it
warning: in the working copy of 'node_modules/app-builder-lib/out/options/CommonWindowsInstallerConfiguration.d.ts', LF will be replaced by CRLF the next time Git touches it
warning: in the working copy of 'node_modules/app-builder-lib/out/options/CommonWindowsInstallerConfiguration.js', LF will be replaced by CRLF the next time Git touches it
warning: in the working copy of 'node_modules/app-builder-lib/out/options/FileAssociation.d.ts', LF will be replaced by CRLF the next time Git touches it
warning: in the working copy of 'node_modules/app-builder-lib/out/options/FileAssociation.js', LF will be replaced by CRLF the next time Git touches it
warning: in the working copy of 'node_modules/app-builder-lib/out/options/MsiOptions.d.ts', LF will be replaced by CRLF the next time Git touches it
warning: in the working copy of 'node_modules/app-builder-lib/out/options/MsiOptions.js', LF will be replaced by CRLF the next time Git touches it
warning: in the working copy of 'node_modules/app-builder-lib/out/options/MsiWrappedOptions.d.ts', LF will be replaced by CRLF the next time Git touches it
warning: in the working copy of 'node_modules/app-builder-lib/out/options/MsiWrappedOptions.js', LF will be replaced by CRLF the next time Git touches it
warning: in the working copy of 'node_modules/app-builder-lib/out/options/PlatformSpecificBuildOptions.d.ts', LF will be replaced by CRLF the next time Git touches it
warning: in the working copy of 'node_modules/app-builder-lib/out/options/PlatformSpecificBuildOptions.js', LF will be replaced by CRLF the next time Git touches it
warning: in the working copy of 'node_modules/app-builder-lib/out/options/SnapOptions.d.ts', LF will be replaced by CRLF the next time Git touches it
warning: in the working copy of 'node_modules/app-builder-lib/out/options/SnapOptions.js', LF will be replaced by CRLF the next time Git touches it
warning: in the working copy of 'node_modules/app-builder-lib/out/options/SquirrelWindowsOptions.d.ts', LF will be replaced by CRLF the next time Git touches it
warning: in the working copy of 'node_modules/app-builder-lib/out/options/SquirrelWindowsOptions.js', LF will be replaced by CRLF the next time Git touches it
warning: in the working copy of 'node_modules/app-builder-lib/out/options/linuxOptions.d.ts', LF will be replaced by CRLF the next time Git touches it
warning: in the working copy of 'node_modules/app-builder-lib/out/options/linuxOptions.js', LF will be replaced by CRLF the next time Git touches it
warning: in the working copy of 'node_modules/app-builder-lib/out/options/macOptions.d.ts', LF will be replaced by CRLF the next time Git touches it
warning: in the working copy of 'node_modules/app-builder-lib/out/options/macOptions.js', LF will be replaced by CRLF the next time Git touches it
warning: in the working copy of 'node_modules/app-builder-lib/out/options/metadata.d.ts', LF will be replaced by CRLF the next time Git touches it
warning: in the working copy of 'node_modules/app-builder-lib/out/options/metadata.js', LF will be replaced by CRLF the next time Git touches it
warning: in the working copy of 'node_modules/app-builder-lib/out/options/pkgOptions.d.ts', LF will be replaced by CRLF the next time Git touches it
warning: in the working copy of 'node_modules/app-builder-lib/out/options/pkgOptions.js', LF will be replaced by CRLF the next time Git touches it
warning: in the working copy of 'node_modules/app-builder-lib/out/options/winOptions.d.ts', LF will be replaced by CRLF the next time Git touches it
warning: in the working copy of 'node_modules/app-builder-lib/out/options/winOptions.js', LF will be replaced by CRLF the next time Git touches it
warning: in the working copy of 'node_modules/app-builder-lib/out/packager.d.ts', LF will be replaced by CRLF the next time Git touches it
warning: in the working copy of 'node_modules/app-builder-lib/out/packager.js', LF will be replaced by CRLF the next time Git touches it
warning: in the working copy of 'node_modules/app-builder-lib/out/packagerApi.d.ts', LF will be replaced by CRLF the next time Git touches it
warning: in the working copy of 'node_modules/app-builder-lib/out/packagerApi.js', LF will be replaced by CRLF the next time Git touches it
warning: in the working copy of 'node_modules/app-builder-lib/out/platformPackager.d.ts', LF will be replaced by CRLF the next time Git touches it
warning: in the working copy of 'node_modules/app-builder-lib/out/platformPackager.js', LF will be replaced by CRLF the next time Git touches it
warning: in the working copy of 'node_modules/app-builder-lib/out/presets/rectCra.d.ts', LF will be replaced by CRLF the next time Git touches it
warning: in the working copy of 'node_modules/app-builder-lib/out/presets/rectCra.js', LF will be replaced by CRLF the next time Git touches it
warning: in the working copy of 'node_modules/app-builder-lib/out/publish/PublishManager.d.ts', LF will be replaced by CRLF the next time Git touches it
warning: in the working copy of 'node_modules/app-builder-lib/out/publish/PublishManager.js', LF will be replaced by CRLF the next time Git touches it
warning: in the working copy of 'node_modules/app-builder-lib/out/publish/updateInfoBuilder.d.ts', LF will be replaced by CRLF the next time Git touches it
warning: in the working copy of 'node_modules/app-builder-lib/out/publish/updateInfoBuilder.js', LF will be replaced by CRLF the next time Git touches it
warning: in the working copy of 'node_modules/app-builder-lib/out/targets/AppxCapabilities.d.ts', LF will be replaced by CRLF the next time Git touches it
warning: in the working copy of 'node_modules/app-builder-lib/out/targets/AppxCapabilities.js', LF will be replaced by CRLF the next time Git touches it
warning: in the working copy of 'node_modules/app-builder-lib/out/targets/AppxTarget.d.ts', LF will be replaced by CRLF the next time Git touches it
warning: in the working copy of 'node_modules/app-builder-lib/out/targets/AppxTarget.js', LF will be replaced by CRLF the next time Git touches it
warning: in the working copy of 'node_modules/app-builder-lib/out/targets/ArchiveTarget.d.ts', LF will be replaced by CRLF the next time Git touches it
warning: in the working copy of 'node_modules/app-builder-lib/out/targets/ArchiveTarget.js', LF will be replaced by CRLF the next time Git touches it
warning: in the working copy of 'node_modules/app-builder-lib/out/targets/FlatpakTarget.d.ts', LF will be replaced by CRLF the next time Git touches it
warning: in the working copy of 'node_modules/app-builder-lib/out/targets/FlatpakTarget.js', LF will be replaced by CRLF the next time Git touches it
warning: in the working copy of 'node_modules/app-builder-lib/out/targets/FpmTarget.d.ts', LF will be replaced by CRLF the next time Git touches it
warning: in the working copy of 'node_modules/app-builder-lib/out/targets/FpmTarget.js', LF will be replaced by CRLF the next time Git touches it
warning: in the working copy of 'node_modules/app-builder-lib/out/targets/LinuxTargetHelper.d.ts', LF will be replaced by CRLF the next time Git touches it
warning: in the working copy of 'node_modules/app-builder-lib/out/targets/LinuxTargetHelper.js', LF will be replaced by CRLF the next time Git touches it
warning: in the working copy of 'node_modules/app-builder-lib/out/targets/MsiTarget.d.ts', LF will be replaced by CRLF the next time Git touches it
warning: in the working copy of 'node_modules/app-builder-lib/out/targets/MsiTarget.js', LF will be replaced by CRLF the next time Git touches it
warning: in the working copy of 'node_modules/app-builder-lib/out/targets/MsiWrappedTarget.d.ts', LF will be replaced by CRLF the next time Git touches it
warning: in the working copy of 'node_modules/app-builder-lib/out/targets/MsiWrappedTarget.js', LF will be replaced by CRLF the next time Git touches it
warning: in the working copy of 'node_modules/app-builder-lib/out/targets/appimage/AppImageTarget.d.ts', LF will be replaced by CRLF the next time Git touches it
warning: in the working copy of 'node_modules/app-builder-lib/out/targets/appimage/AppImageTarget.js', LF will be replaced by CRLF the next time Git touches it
warning: in the working copy of 'node_modules/app-builder-lib/out/targets/appimage/appImageUtil.d.ts', LF will be replaced by CRLF the next time Git touches it
warning: in the working copy of 'node_modules/app-builder-lib/out/targets/appimage/appImageUtil.js', LF will be replaced by CRLF the next time Git touches it
warning: in the working copy of 'node_modules/app-builder-lib/out/targets/appimage/appLauncher.d.ts', LF will be replaced by CRLF the next time Git touches it
warning: in the working copy of 'node_modules/app-builder-lib/out/targets/appimage/appLauncher.js', LF will be replaced by CRLF the next time Git touches it
warning: in the working copy of 'node_modules/app-builder-lib/out/targets/archive.d.ts', LF will be replaced by CRLF the next time Git touches it
warning: in the working copy of 'node_modules/app-builder-lib/out/targets/archive.js', LF will be replaced by CRLF the next time Git touches it
warning: in the working copy of 'node_modules/app-builder-lib/out/targets/blockmap/blockmap.d.ts', LF will be replaced by CRLF the next time Git touches it
warning: in the working copy of 'node_modules/app-builder-lib/out/targets/blockmap/blockmap.js', LF will be replaced by CRLF the next time Git touches it
warning: in the working copy of 'node_modules/app-builder-lib/out/targets/differentialUpdateInfoBuilder.d.ts', LF will be replaced by CRLF the next time Git touches it
warning: in the working copy of 'node_modules/app-builder-lib/out/targets/differentialUpdateInfoBuilder.js', LF will be replaced by CRLF the next time Git touches it
warning: in the working copy of 'node_modules/app-builder-lib/out/targets/nsis/Commands.d.ts', LF will be replaced by CRLF the next time Git touches it
warning: in the working copy of 'node_modules/app-builder-lib/out/targets/nsis/Commands.js', LF will be replaced by CRLF the next time Git touches it
warning: in the working copy of 'node_modules/app-builder-lib/out/targets/nsis/Defines.d.ts', LF will be replaced by CRLF the next time Git touches it
warning: in the working copy of 'node_modules/app-builder-lib/out/targets/nsis/Defines.js', LF will be replaced by CRLF the next time Git touches it
warning: in the working copy of 'node_modules/app-builder-lib/out/targets/nsis/NsisTarget.d.ts', LF will be replaced by CRLF the next time Git touches it
warning: in the working copy of 'node_modules/app-builder-lib/out/targets/nsis/NsisTarget.js', LF will be replaced by CRLF the next time Git touches it
warning: in the working copy of 'node_modules/app-builder-lib/out/targets/nsis/WebInstallerTarget.d.ts', LF will be replaced by CRLF the next time Git touches it
warning: in the working copy of 'node_modules/app-builder-lib/out/targets/nsis/WebInstallerTarget.js', LF will be replaced by CRLF the next time Git touches it
warning: in the working copy of 'node_modules/app-builder-lib/out/targets/nsis/nsisLang.d.ts', LF will be replaced by CRLF the next time Git touches it
warning: in the working copy of 'node_modules/app-builder-lib/out/targets/nsis/nsisLang.js', LF will be replaced by CRLF the next time Git touches it
warning: in the working copy of 'node_modules/app-builder-lib/out/targets/nsis/nsisLicense.d.ts', LF will be replaced by CRLF the next time Git touches it
warning: in the working copy of 'node_modules/app-builder-lib/out/targets/nsis/nsisLicense.js', LF will be replaced by CRLF the next time Git touches it
warning: in the working copy of 'node_modules/app-builder-lib/out/targets/nsis/nsisOptions.d.ts', LF will be replaced by CRLF the next time Git touches it
warning: in the working copy of 'node_modules/app-builder-lib/out/targets/nsis/nsisOptions.js', LF will be replaced by CRLF the next time Git touches it
warning: in the working copy of 'node_modules/app-builder-lib/out/targets/nsis/nsisScriptGenerator.d.ts', LF will be replaced by CRLF the next time Git touches it
warning: in the working copy of 'node_modules/app-builder-lib/out/targets/nsis/nsisScriptGenerator.js', LF will be replaced by CRLF the next time Git touches it
warning: in the working copy of 'node_modules/app-builder-lib/out/targets/nsis/nsisUtil.d.ts', LF will be replaced by CRLF the next time Git touches it
warning: in the working copy of 'node_modules/app-builder-lib/out/targets/nsis/nsisUtil.js', LF will be replaced by CRLF the next time Git touches it
warning: in the working copy of 'node_modules/app-builder-lib/out/targets/nsis/nsisValidation.d.ts', LF will be replaced by CRLF the next time Git touches it
warning: in the working copy of 'node_modules/app-builder-lib/out/targets/nsis/nsisValidation.js', LF will be replaced by CRLF the next time Git touches it
warning: in the working copy of 'node_modules/app-builder-lib/out/targets/pkg.d.ts', LF will be replaced by CRLF the next time Git touches it
warning: in the working copy of 'node_modules/app-builder-lib/out/targets/pkg.js', LF will be replaced by CRLF the next time Git touches it
warning: in the working copy of 'node_modules/app-builder-lib/out/targets/snap/SnapTarget.d.ts', LF will be replaced by CRLF the next time Git touches it
warning: in the working copy of 'node_modules/app-builder-lib/out/targets/snap/SnapTarget.js', LF will be replaced by CRLF the next time Git touches it
warning: in the working copy of 'node_modules/app-builder-lib/out/targets/snap/core24.d.ts', LF will be replaced by CRLF the next time Git touches it
warning: in the working copy of 'node_modules/app-builder-lib/out/targets/snap/core24.js', LF will be replaced by CRLF the next time Git touches it
warning: in the working copy of 'node_modules/app-builder-lib/out/targets/snap/coreCustom.d.ts', LF will be replaced by CRLF the next time Git touches it
warning: in the working copy of 'node_modules/app-builder-lib/out/targets/snap/coreCustom.js', LF will be replaced by CRLF the next time Git touches it
warning: in the working copy of 'node_modules/app-builder-lib/out/targets/snap/coreLegacy.d.ts', LF will be replaced by CRLF the next time Git touches it
warning: in the working copy of 'node_modules/app-builder-lib/out/targets/snap/coreLegacy.js', LF will be replaced by CRLF the next time Git touches it
warning: in the working copy of 'node_modules/app-builder-lib/out/targets/snap/snapcraftBuilder.d.ts', LF will be replaced by CRLF the next time Git touches it
warning: in the working copy of 'node_modules/app-builder-lib/out/targets/snap/snapcraftBuilder.js', LF will be replaced by CRLF the next time Git touches it
warning: in the working copy of 'node_modules/app-builder-lib/out/targets/targetFactory.d.ts', LF will be replaced by CRLF the next time Git touches it
warning: in the working copy of 'node_modules/app-builder-lib/out/targets/targetFactory.js', LF will be replaced by CRLF the next time Git touches it
warning: in the working copy of 'node_modules/app-builder-lib/out/targets/targetUtil.d.ts', LF will be replaced by CRLF the next time Git touches it
warning: in the working copy of 'node_modules/app-builder-lib/out/targets/targetUtil.js', LF will be replaced by CRLF the next time Git touches it
warning: in the working copy of 'node_modules/app-builder-lib/out/toolsets/7zip.d.ts', LF will be replaced by CRLF the next time Git touches it
warning: in the working copy of 'node_modules/app-builder-lib/out/toolsets/7zip.js', LF will be replaced by CRLF the next time Git touches it
warning: in the working copy of 'node_modules/app-builder-lib/out/toolsets/icons.d.ts', LF will be replaced by CRLF the next time Git touches it
warning: in the working copy of 'node_modules/app-builder-lib/out/toolsets/icons.js', LF will be replaced by CRLF the next time Git touches it
warning: in the working copy of 'node_modules/app-builder-lib/out/toolsets/linux.d.ts', LF will be replaced by CRLF the next time Git touches it
warning: in the working copy of 'node_modules/app-builder-lib/out/toolsets/linux.js', LF will be replaced by CRLF the next time Git touches it
warning: in the working copy of 'node_modules/app-builder-lib/out/toolsets/windows.d.ts', LF will be replaced by CRLF the next time Git touches it
warning: in the working copy of 'node_modules/app-builder-lib/out/toolsets/windows.js', LF will be replaced by CRLF the next time Git touches it
warning: in the working copy of 'node_modules/app-builder-lib/out/toolsets/wine.d.ts', LF will be replaced by CRLF the next time Git touches it
warning: in the working copy of 'node_modules/app-builder-lib/out/toolsets/wine.js', LF will be replaced by CRLF the next time Git touches it
warning: in the working copy of 'node_modules/app-builder-lib/out/util/AppFileWalker.d.ts', LF will be replaced by CRLF the next time Git touches it
warning: in the working copy of 'node_modules/app-builder-lib/out/util/AppFileWalker.js', LF will be replaced by CRLF the next time Git touches it
warning: in the working copy of 'node_modules/app-builder-lib/out/util/NodeModuleCopyHelper.d.ts', LF will be replaced by CRLF the next time Git touches it
warning: in the working copy of 'node_modules/app-builder-lib/out/util/NodeModuleCopyHelper.js', LF will be replaced by CRLF the next time Git touches it
warning: in the working copy of 'node_modules/app-builder-lib/out/util/appFileCopier.d.ts', LF will be replaced by CRLF the next time Git touches it
warning: in the working copy of 'node_modules/app-builder-lib/out/util/appFileCopier.js', LF will be replaced by CRLF the next time Git touches it
warning: in the working copy of 'node_modules/app-builder-lib/out/util/asyncEventEmitter.d.ts', LF will be replaced by CRLF the next time Git touches it
warning: in the working copy of 'node_modules/app-builder-lib/out/util/asyncEventEmitter.js', LF will be replaced by CRLF the next time Git touches it
warning: in the working copy of 'node_modules/app-builder-lib/out/util/bundledTool.d.ts', LF will be replaced by CRLF the next time Git touches it
warning: in the working copy of 'node_modules/app-builder-lib/out/util/bundledTool.js', LF will be replaced by CRLF the next time Git touches it
warning: in the working copy of 'node_modules/app-builder-lib/out/util/cacheManager.d.ts', LF will be replaced by CRLF the next time Git touches it
warning: in the working copy of 'node_modules/app-builder-lib/out/util/cacheManager.js', LF will be replaced by CRLF the next time Git touches it
warning: in the working copy of 'node_modules/app-builder-lib/out/util/cacheState.d.ts', LF will be replaced by CRLF the next time Git touches it
warning: in the working copy of 'node_modules/app-builder-lib/out/util/cacheState.js', LF will be replaced by CRLF the next time Git touches it
warning: in the working copy of 'node_modules/app-builder-lib/out/util/config/config.d.ts', LF will be replaced by CRLF the next time Git touches it
warning: in the working copy of 'node_modules/app-builder-lib/out/util/config/config.js', LF will be replaced by CRLF the next time Git touches it
warning: in the working copy of 'node_modules/app-builder-lib/out/util/config/load.d.ts', LF will be replaced by CRLF the next time Git touches it
warning: in the working copy of 'node_modules/app-builder-lib/out/util/config/load.js', LF will be replaced by CRLF the next time Git touches it
warning: in the working copy of 'node_modules/app-builder-lib/out/util/config/schemaValidator.d.ts', LF will be replaced by CRLF the next time Git touches it
warning: in the working copy of 'node_modules/app-builder-lib/out/util/config/schemaValidator.js', LF will be replaced by CRLF the next time Git touches it
warning: in the working copy of 'node_modules/app-builder-lib/out/util/dynamicImport.d.ts', LF will be replaced by CRLF the next time Git touches it
warning: in the working copy of 'node_modules/app-builder-lib/out/util/dynamicImport.js', LF will be replaced by CRLF the next time Git touches it
warning: in the working copy of 'node_modules/app-builder-lib/out/util/electronGet.d.ts', LF will be replaced by CRLF the next time Git touches it
warning: in the working copy of 'node_modules/app-builder-lib/out/util/electronGet.js', LF will be replaced by CRLF the next time Git touches it
warning: in the working copy of 'node_modules/app-builder-lib/out/util/envPath.d.ts', LF will be replaced by CRLF the next time Git touches it
warning: in the working copy of 'node_modules/app-builder-lib/out/util/envPath.js', LF will be replaced by CRLF the next time Git touches it
warning: in the working copy of 'node_modules/app-builder-lib/out/util/filter.d.ts', LF will be replaced by CRLF the next time Git touches it
warning: in the working copy of 'node_modules/app-builder-lib/out/util/filter.js', LF will be replaced by CRLF the next time Git touches it
warning: in the working copy of 'node_modules/app-builder-lib/out/util/flags.d.ts', LF will be replaced by CRLF the next time Git touches it
warning: in the working copy of 'node_modules/app-builder-lib/out/util/flags.js', LF will be replaced by CRLF the next time Git touches it
warning: in the working copy of 'node_modules/app-builder-lib/out/util/hash.d.ts', LF will be replaced by CRLF the next time Git touches it
warning: in the working copy of 'node_modules/app-builder-lib/out/util/hash.js', LF will be replaced by CRLF the next time Git touches it
warning: in the working copy of 'node_modules/app-builder-lib/out/util/iconConverter.d.ts', LF will be replaced by CRLF the next time Git touches it
warning: in the working copy of 'node_modules/app-builder-lib/out/util/iconConverter.js', LF will be replaced by CRLF the next time Git touches it
warning: in the working copy of 'node_modules/app-builder-lib/out/util/langs.d.ts', LF will be replaced by CRLF the next time Git touches it
warning: in the working copy of 'node_modules/app-builder-lib/out/util/langs.js', LF will be replaced by CRLF the next time Git touches it
warning: in the working copy of 'node_modules/app-builder-lib/out/util/license.d.ts', LF will be replaced by CRLF the next time Git touches it
warning: in the working copy of 'node_modules/app-builder-lib/out/util/license.js', LF will be replaced by CRLF the next time Git touches it
warning: in the working copy of 'node_modules/app-builder-lib/out/util/macosIconComposer.d.ts', LF will be replaced by CRLF the next time Git touches it
warning: in the working copy of 'node_modules/app-builder-lib/out/util/macosIconComposer.js', LF will be replaced by CRLF the next time Git touches it
warning: in the working copy of 'node_modules/app-builder-lib/out/util/macosVersion.d.ts', LF will be replaced by CRLF the next time Git touches it
warning: in the working copy of 'node_modules/app-builder-lib/out/util/macosVersion.js', LF will be replaced by CRLF the next time Git touches it
warning: in the working copy of 'node_modules/app-builder-lib/out/util/macroExpander.d.ts', LF will be replaced by CRLF the next time Git touches it
warning: in the working copy of 'node_modules/app-builder-lib/out/util/macroExpander.js', LF will be replaced by CRLF the next time Git touches it
warning: in the working copy of 'node_modules/app-builder-lib/out/util/normalizePackageData.d.ts', LF will be replaced by CRLF the next time Git touches it
warning: in the working copy of 'node_modules/app-builder-lib/out/util/normalizePackageData.js', LF will be replaced by CRLF the next time Git touches it
warning: in the working copy of 'node_modules/app-builder-lib/out/util/packageDependencies.d.ts', LF will be replaced by CRLF the next time Git touches it
warning: in the working copy of 'node_modules/app-builder-lib/out/util/packageDependencies.js', LF will be replaced by CRLF the next time Git touches it
warning: in the working copy of 'node_modules/app-builder-lib/out/util/packageMetadata.d.ts', LF will be replaced by CRLF the next time Git touches it
warning: in the working copy of 'node_modules/app-builder-lib/out/util/packageMetadata.js', LF will be replaced by CRLF the next time Git touches it
warning: in the working copy of 'node_modules/app-builder-lib/out/util/pathManager.d.ts', LF will be replaced by CRLF the next time Git touches it
warning: in the working copy of 'node_modules/app-builder-lib/out/util/pathManager.js', LF will be replaced by CRLF the next time Git touches it
warning: in the working copy of 'node_modules/app-builder-lib/out/util/plist.d.ts', LF will be replaced by CRLF the next time Git touches it
warning: in the working copy of 'node_modules/app-builder-lib/out/util/plist.js', LF will be replaced by CRLF the next time Git touches it
warning: in the working copy of 'node_modules/app-builder-lib/out/util/rebuild.d.ts', LF will be replaced by CRLF the next time Git touches it
warning: in the working copy of 'node_modules/app-builder-lib/out/util/rebuild.js', LF will be replaced by CRLF the next time Git touches it
warning: in the working copy of 'node_modules/app-builder-lib/out/util/repositoryInfo.d.ts', LF will be replaced by CRLF the next time Git touches it
warning: in the working copy of 'node_modules/app-builder-lib/out/util/repositoryInfo.js', LF will be replaced by CRLF the next time Git touches it
warning: in the working copy of 'node_modules/app-builder-lib/out/util/resEdit.d.ts', LF will be replaced by CRLF the next time Git touches it
warning: in the working copy of 'node_modules/app-builder-lib/out/util/resEdit.js', LF will be replaced by CRLF the next time Git touches it
warning: in the working copy of 'node_modules/app-builder-lib/out/util/resolve.d.ts', LF will be replaced by CRLF the next time Git touches it
warning: in the working copy of 'node_modules/app-builder-lib/out/util/resolve.js', LF will be replaced by CRLF the next time Git touches it
warning: in the working copy of 'node_modules/app-builder-lib/out/util/timer.d.ts', LF will be replaced by CRLF the next time Git touches it
warning: in the working copy of 'node_modules/app-builder-lib/out/util/timer.js', LF will be replaced by CRLF the next time Git touches it
warning: in the working copy of 'node_modules/app-builder-lib/out/util/toolsetLock.d.ts', LF will be replaced by CRLF the next time Git touches it
warning: in the working copy of 'node_modules/app-builder-lib/out/util/toolsetLock.js', LF will be replaced by CRLF the next time Git touches it
warning: in the working copy of 'node_modules/app-builder-lib/out/util/yarn.d.ts', LF will be replaced by CRLF the next time Git touches it
warning: in the working copy of 'node_modules/app-builder-lib/out/util/yarn.js', LF will be replaced by CRLF the next time Git touches it
warning: in the working copy of 'node_modules/app-builder-lib/out/version.d.ts', LF will be replaced by CRLF the next time Git touches it
warning: in the working copy of 'node_modules/app-builder-lib/out/version.js', LF will be replaced by CRLF the next time Git touches it
warning: in the working copy of 'node_modules/app-builder-lib/out/vm/MonoVm.d.ts', LF will be replaced by CRLF the next time Git touches it
warning: in the working copy of 'node_modules/app-builder-lib/out/vm/MonoVm.js', LF will be replaced by CRLF the next time Git touches it
warning: in the working copy of 'node_modules/app-builder-lib/out/vm/ParallelsVm.d.ts', LF will be replaced by CRLF the next time Git touches it
warning: in the working copy of 'node_modules/app-builder-lib/out/vm/ParallelsVm.js', LF will be replaced by CRLF the next time Git touches it
warning: in the working copy of 'node_modules/app-builder-lib/out/vm/PwshVm.d.ts', LF will be replaced by CRLF the next time Git touches it
warning: in the working copy of 'node_modules/app-builder-lib/out/vm/PwshVm.js', LF will be replaced by CRLF the next time Git touches it
warning: in the working copy of 'node_modules/app-builder-lib/out/vm/WineVm.d.ts', LF will be replaced by CRLF the next time Git touches it
warning: in the working copy of 'node_modules/app-builder-lib/out/vm/WineVm.js', LF will be replaced by CRLF the next time Git touches it
warning: in the working copy of 'node_modules/app-builder-lib/out/vm/vm.d.ts', LF will be replaced by CRLF the next time Git touches it
warning: in the working copy of 'node_modules/app-builder-lib/out/vm/vm.js', LF will be replaced by CRLF the next time Git touches it
warning: in the working copy of 'node_modules/app-builder-lib/out/winPackager.d.ts', LF will be replaced by CRLF the next time Git touches it
warning: in the working copy of 'node_modules/app-builder-lib/out/winPackager.js', LF will be replaced by CRLF the next time Git touches it
warning: in the working copy of 'node_modules/app-builder-lib/package.json', LF will be replaced by CRLF the next time Git touches it
warning: in the working copy of 'node_modules/app-builder-lib/scheme.json', LF will be replaced by CRLF the next time Git touches it
warning: in the working copy of 'node_modules/app-builder-lib/templates/appx/appxmanifest.xml', LF will be replaced by CRLF the next time Git touches it
warning: in the working copy of 'node_modules/app-builder-lib/templates/appx/priconfig.xml', LF will be replaced by CRLF the next time Git touches it
warning: in the working copy of 'node_modules/app-builder-lib/templates/entitlements.mac.plist', LF will be replaced by CRLF the next time Git touches it
warning: in the working copy of 'node_modules/app-builder-lib/templates/icons/proton-native/proton-native.svg', LF will be replaced by CRLF the next time Git touches it
warning: in the working copy of 'node_modules/app-builder-lib/templates/linux/after-install.tpl', LF will be replaced by CRLF the next time Git touches it
warning: in the working copy of 'node_modules/app-builder-lib/templates/linux/after-remove.tpl', LF will be replaced by CRLF the next time Git touches it
warning: in the working copy of 'node_modules/app-builder-lib/templates/linux/apparmor-profile.tpl', LF will be replaced by CRLF the next time Git touches it
warning: in the working copy of 'node_modules/app-builder-lib/templates/linux/desktop.tpl', LF will be replaced by CRLF the next time Git touches it
warning: in the working copy of 'node_modules/app-builder-lib/templates/msi/template.xml', LF will be replaced by CRLF the next time Git touches it
warning: in the working copy of 'node_modules/app-builder-lib/templates/msiWrapped/template.xml', LF will be replaced by CRLF the next time Git touches it
warning: in the working copy of 'node_modules/app-builder-lib/templates/nsis/README.md', LF will be replaced by CRLF the next time Git touches it
warning: in the working copy of 'node_modules/app-builder-lib/templates/nsis/assistedInstaller.nsh', LF will be replaced by CRLF the next time Git touches it
warning: in the working copy of 'node_modules/app-builder-lib/templates/nsis/assistedMessages.yml', LF will be replaced by CRLF the next time Git touches it
warning: in the working copy of 'node_modules/app-builder-lib/templates/nsis/common.nsh', LF will be replaced by CRLF the next time Git touches it
warning: in the working copy of 'node_modules/app-builder-lib/templates/nsis/include/FileAssociation.nsh', LF will be replaced by CRLF the next time Git touches it
warning: in the working copy of 'node_modules/app-builder-lib/templates/nsis/include/StdUtils.nsh', LF will be replaced by CRLF the next time Git touches it
warning: in the working copy of 'node_modules/app-builder-lib/templates/nsis/include/StrContains.nsh', LF will be replaced by CRLF the next time Git touches it
warning: in the working copy of 'node_modules/app-builder-lib/templates/nsis/include/UAC.nsh', LF will be replaced by CRLF the next time Git touches it
warning: in the working copy of 'node_modules/app-builder-lib/templates/nsis/include/allowOnlyOneInstallerInstance.nsh', LF will be replaced by CRLF the next time Git touches it
warning: in the working copy of 'node_modules/app-builder-lib/templates/nsis/include/extractAppPackage.nsh', LF will be replaced by CRLF the next time Git touches it
warning: in the working copy of 'node_modules/app-builder-lib/templates/nsis/include/getProcessInfo.nsh', LF will be replaced by CRLF the next time Git touches it
warning: in the working copy of 'node_modules/app-builder-lib/templates/nsis/include/installUtil.nsh', LF will be replaced by CRLF the next time Git touches it
warning: in the working copy of 'node_modules/app-builder-lib/templates/nsis/include/installer.nsh', LF will be replaced by CRLF the next time Git touches it
warning: in the working copy of 'node_modules/app-builder-lib/templates/nsis/include/nsProcess.nsh', LF will be replaced by CRLF the next time Git touches it
warning: in the working copy of 'node_modules/app-builder-lib/templates/nsis/include/webPackage.nsh', LF will be replaced by CRLF the next time Git touches it
warning: in the working copy of 'node_modules/app-builder-lib/templates/nsis/installSection.nsh', LF will be replaced by CRLF the next time Git touches it
warning: in the working copy of 'node_modules/app-builder-lib/templates/nsis/installer.nsi', LF will be replaced by CRLF the next time Git touches it
warning: in the working copy of 'node_modules/app-builder-lib/templates/nsis/messages.yml', LF will be replaced by CRLF the next time Git touches it
warning: in the working copy of 'node_modules/app-builder-lib/templates/nsis/multiUser.nsh', LF will be replaced by CRLF the next time Git touches it
warning: in the working copy of 'node_modules/app-builder-lib/templates/nsis/multiUserUi.nsh', LF will be replaced by CRLF the next time Git touches it
warning: in the working copy of 'node_modules/app-builder-lib/templates/nsis/oneClick.nsh', LF will be replaced by CRLF the next time Git touches it
warning: in the working copy of 'node_modules/app-builder-lib/templates/nsis/portable.nsi', LF will be replaced by CRLF the next time Git touches it
warning: in the working copy of 'node_modules/app-builder-lib/templates/nsis/uninstaller.nsh', LF will be replaced by CRLF the next time Git touches it
warning: in the working copy of 'node_modules/app-builder-lib/templates/snap/desktop-common.sh', LF will be replaced by CRLF the next time Git touches it
warning: in the working copy of 'node_modules/app-builder-lib/templates/snap/desktop-gnome-specific.sh', LF will be replaced by CRLF the next time Git touches it
warning: in the working copy of 'node_modules/app-builder-lib/templates/snap/desktop-init.sh', LF will be replaced by CRLF the next time Git touches it
warning: in the working copy of 'node_modules/app-builder-lib/templates/snap/snapcraft.yaml', LF will be replaced by CRLF the next time Git touches it
warning: in the working copy of 'node_modules/argparse/CHANGELOG.md', LF will be replaced by CRLF the next time Git touches it
warning: in the working copy of 'node_modules/argparse/LICENSE', LF will be replaced by CRLF the next time Git touches it
warning: in the working copy of 'node_modules/argparse/README.md', LF will be replaced by CRLF the next time Git touches it
warning: in the working copy of 'node_modules/argparse/argparse.js', LF will be replaced by CRLF the next time Git touches it
warning: in the working copy of 'node_modules/argparse/lib/sub.js', LF will be replaced by CRLF the next time Git touches it
warning: in the working copy of 'node_modules/argparse/lib/textwrap.js', LF will be replaced by CRLF the next time Git touches it
warning: in the working copy of 'node_modules/argparse/package.json', LF will be replaced by CRLF the next time Git touches it
warning: in the working copy of 'node_modules/asn1js/LICENSE', LF will be replaced by CRLF the next time Git touches it
warning: in the working copy of 'node_modules/asn1js/README.md', LF will be replaced by CRLF the next time Git touches it
warning: in the working copy of 'node_modules/asn1js/build/index.d.ts', LF will be replaced by CRLF the next time Git touches it
warning: in the working copy of 'node_modules/asn1js/build/index.es.js', LF will be replaced by CRLF the next time Git touches it
warning: in the working copy of 'node_modules/asn1js/build/index.js', LF will be replaced by CRLF the next time Git touches it
warning: in the working copy of 'node_modules/asn1js/package.json', LF will be replaced by CRLF the next time Git touches it
warning: in the working copy of 'node_modules/async-exit-hook/CHANGELOG.md', LF will be replaced by CRLF the next time Git touches it
warning: in the working copy of 'node_modules/async-exit-hook/index.js', LF will be replaced by CRLF the next time Git touches it
warning: in the working copy of 'node_modules/async-exit-hook/license', LF will be replaced by CRLF the next time Git touches it
warning: in the working copy of 'node_modules/async-exit-hook/package.json', LF will be replaced by CRLF the next time Git touches it
warning: in the working copy of 'node_modules/async-exit-hook/readme.md', LF will be replaced by CRLF the next time Git touches it
warning: in the working copy of 'node_modules/async/CHANGELOG.md', LF will be replaced by CRLF the next time Git touches it
warning: in the working copy of 'node_modules/async/LICENSE', LF will be replaced by CRLF the next time Git touches it
warning: in the working copy of 'node_modules/async/README.md', LF will be replaced by CRLF the next time Git touches it
warning: in the working copy of 'node_modules/async/all.js', LF will be replaced by CRLF the next time Git touches it
warning: in the working copy of 'node_modules/async/allLimit.js', LF will be replaced by CRLF the next time Git touches it
warning: in the working copy of 'node_modules/async/allSeries.js', LF will be replaced by CRLF the next time Git touches it
warning: in the working copy of 'node_modules/async/any.js', LF will be replaced by CRLF the next time Git touches it
warning: in the working copy of 'node_modules/async/anyLimit.js', LF will be replaced by CRLF the next time Git touches it
warning: in the working copy of 'node_modules/async/anySeries.js', LF will be replaced by CRLF the next time Git touches it
warning: in the working copy of 'node_modules/async/apply.js', LF will be replaced by CRLF the next time Git touches it
warning: in the working copy of 'node_modules/async/applyEach.js', LF will be replaced by CRLF the next time Git touches it
warning: in the working copy of 'node_modules/async/applyEachSeries.js', LF will be replaced by CRLF the next time Git touches it
warning: in the working copy of 'node_modules/async/asyncify.js', LF will be replaced by CRLF the next time Git touches it
warning: in the working copy of 'node_modules/async/auto.js', LF will be replaced by CRLF the next time Git touches it
warning: in the working copy of 'node_modules/async/autoInject.js', LF will be replaced by CRLF the next time Git touches it
warning: in the working copy of 'node_modules/async/bower.json', LF will be replaced by CRLF the next time Git touches it
warning: in the working copy of 'node_modules/async/cargo.js', LF will be replaced by CRLF the next time Git touches it
warning: in the working copy of 'node_modules/async/cargoQueue.js', LF will be replaced by CRLF the next time Git touches it
warning: in the working copy of 'node_modules/async/compose.js', LF will be replaced by CRLF the next time Git touches it
warning: in the working copy of 'node_modules/async/concat.js', LF will be replaced by CRLF the next time Git touches it
warning: in the working copy of 'node_modules/async/concatLimit.js', LF will be replaced by CRLF the next time Git touches it
warning: in the working copy of 'node_modules/async/concatSeries.js', LF will be replaced by CRLF the next time Git touches it
warning: in the working copy of 'node_modules/async/constant.js', LF will be replaced by CRLF the next time Git touches it
warning: in the working copy of 'node_modules/async/detect.js', LF will be replaced by CRLF the next time Git touches it
warning: in the working copy of 'node_modules/async/detectLimit.js', LF will be replaced by CRLF the next time Git touches it
warning: in the working copy of 'node_modules/async/detectSeries.js', LF will be replaced by CRLF the next time Git touches it
warning: in the working copy of 'node_modules/async/dir.js', LF will be replaced by CRLF the next time Git touches it
warning: in the working copy of 'node_modules/async/dist/async.js', LF will be replaced by CRLF the next time Git touches it
warning: in the working copy of 'node_modules/async/dist/async.mjs', LF will be replaced by CRLF the next time Git touches it
warning: in the working copy of 'node_modules/async/doDuring.js', LF will be replaced by CRLF the next time Git touches it
warning: in the working copy of 'node_modules/async/doUntil.js', LF will be replaced by CRLF the next time Git touches it
warning: in the working copy of 'node_modules/async/doWhilst.js', LF will be replaced by CRLF the next time Git touches it
warning: in the working copy of 'node_modules/async/during.js', LF will be replaced by CRLF the next time Git touches it
warning: in the working copy of 'node_modules/async/each.js', LF will be replaced by CRLF the next time Git touches it
warning: in the working copy of 'node_modules/async/eachLimit.js', LF will be replaced by CRLF the next time Git touches it
warning: in the working copy of 'node_modules/async/eachOf.js', LF will be replaced by CRLF the next time Git touches it
warning: in the working copy of 'node_modules/async/eachOfLimit.js', LF will be replaced by CRLF the next time Git touches it
warning: in the working copy of 'node_modules/async/eachOfSeries.js', LF will be replaced by CRLF the next time Git touches it
warning: in the working copy of 'node_modules/async/eachSeries.js', LF will be replaced by CRLF the next time Git touches it
warning: in the working copy of 'node_modules/async/ensureAsync.js', LF will be replaced by CRLF the next time Git touches it
warning: in the working copy of 'node_modules/async/every.js', LF will be replaced by CRLF the next time Git touches it
warning: in the working copy of 'node_modules/async/everyLimit.js', LF will be replaced by CRLF the next time Git touches it
warning: in the working copy of 'node_modules/async/everySeries.js', LF will be replaced by CRLF the next time Git touches it
warning: in the working copy of 'node_modules/async/filter.js', LF will be replaced by CRLF the next time Git touches it
warning: in the working copy of 'node_modules/async/filterLimit.js', LF will be replaced by CRLF the next time Git touches it
warning: in the working copy of 'node_modules/async/filterSeries.js', LF will be replaced by CRLF the next time Git touches it
warning: in the working copy of 'node_modules/async/find.js', LF will be replaced by CRLF the next time Git touches it
warning: in the working copy of 'node_modules/async/findLimit.js', LF will be replaced by CRLF the next time Git touches it
warning: in the working copy of 'node_modules/async/findSeries.js', LF will be replaced by CRLF the next time Git touches it
warning: in the working copy of 'node_modules/async/flatMap.js', LF will be replaced by CRLF the next time Git touches it
warning: in the working copy of 'node_modules/async/flatMapLimit.js', LF will be replaced by CRLF the next time Git touches it
warning: in the working copy of 'node_modules/async/flatMapSeries.js', LF will be replaced by CRLF the next time Git touches it
warning: in the working copy of 'node_modules/async/foldl.js', LF will be replaced by CRLF the next time Git touches it
warning: in the working copy of 'node_modules/async/foldr.js', LF will be replaced by CRLF the next time Git touches it
warning: in the working copy of 'node_modules/async/forEach.js', LF will be replaced by CRLF the next time Git touches it
warning: in the working copy of 'node_modules/async/forEachLimit.js', LF will be replaced by CRLF the next time Git touches it
warning: in the working copy of 'node_modules/async/forEachOf.js', LF will be replaced by CRLF the next time Git touches it
warning: in the working copy of 'node_modules/async/forEachOfLimit.js', LF will be replaced by CRLF the next time Git touches it
warning: in the working copy of 'node_modules/async/forEachOfSeries.js', LF will be replaced by CRLF the next time Git touches it
warning: in the working copy of 'node_modules/async/forEachSeries.js', LF will be replaced by CRLF the next time Git touches it
warning: in the working copy of 'node_modules/async/forever.js', LF will be replaced by CRLF the next time Git touches it
warning: in the working copy of 'node_modules/async/groupBy.js', LF will be replaced by CRLF the next time Git touches it
warning: in the working copy of 'node_modules/async/groupByLimit.js', LF will be replaced by CRLF the next time Git touches it
warning: in the working copy of 'node_modules/async/groupBySeries.js', LF will be replaced by CRLF the next time Git touches it
warning: in the working copy of 'node_modules/async/index.js', LF will be replaced by CRLF the next time Git touches it
warning: in the working copy of 'node_modules/async/inject.js', LF will be replaced by CRLF the next time Git touches it
warning: in the working copy of 'node_modules/async/internal/DoublyLinkedList.js', LF will be replaced by CRLF the next time Git touches it
warning: in the working copy of 'node_modules/async/internal/Heap.js', LF will be replaced by CRLF the next time Git touches it
warning: in the working copy of 'node_modules/async/internal/applyEach.js', LF will be replaced by CRLF the next time Git touches it
warning: in the working copy of 'node_modules/async/internal/asyncEachOfLimit.js', LF will be replaced by CRLF the next time Git touches it
warning: in the working copy of 'node_modules/async/internal/awaitify.js', LF will be replaced by CRLF the next time Git touches it
warning: in the working copy of 'node_modules/async/internal/breakLoop.js', LF will be replaced by CRLF the next time Git touches it
warning: in the working copy of 'node_modules/async/internal/consoleFunc.js', LF will be replaced by CRLF the next time Git touches it
warning: in the working copy of 'node_modules/async/internal/createTester.js', LF will be replaced by CRLF the next time Git touches it
warning: in the working copy of 'node_modules/async/internal/eachOfLimit.js', LF will be replaced by CRLF the next time Git touches it
warning: in the working copy of 'node_modules/async/internal/filter.js', LF will be replaced by CRLF the next time Git touches it
warning: in the working copy of 'node_modules/async/internal/getIterator.js', LF will be replaced by CRLF the next time Git touches it
warning: in the working copy of 'node_modules/async/internal/initialParams.js', LF will be replaced by CRLF the next time Git touches it
warning: in the working copy of 'node_modules/async/internal/isArrayLike.js', LF will be replaced by CRLF the next time Git touches it
warning: in the working copy of 'node_modules/async/internal/iterator.js', LF will be replaced by CRLF the next time Git touches it
warning: in the working copy of 'node_modules/async/internal/map.js', LF will be replaced by CRLF the next time Git touches it
warning: in the working copy of 'node_modules/async/internal/once.js', LF will be replaced by CRLF the next time Git touches it
warning: in the working copy of 'node_modules/async/internal/onlyOnce.js', LF will be replaced by CRLF the next time Git touches it
warning: in the working copy of 'node_modules/async/internal/parallel.js', LF will be replaced by CRLF the next time Git touches it
warning: in the working copy of 'node_modules/async/internal/promiseCallback.js', LF will be replaced by CRLF the next time Git touches it
warning: in the working copy of 'node_modules/async/internal/queue.js', LF will be replaced by CRLF the next time Git touches it
warning: in the working copy of 'node_modules/async/internal/range.js', LF will be replaced by CRLF the next time Git touches it
warning: in the working copy of 'node_modules/async/internal/reject.js', LF will be replaced by CRLF the next time Git touches it
warning: in the working copy of 'node_modules/async/internal/setImmediate.js', LF will be replaced by CRLF the next time Git touches it
warning: in the working copy of 'node_modules/async/internal/withoutIndex.js', LF will be replaced by CRLF the next time Git touches it
warning: in the working copy of 'node_modules/async/internal/wrapAsync.js', LF will be replaced by CRLF the next time Git touches it
warning: in the working copy of 'node_modules/async/log.js', LF will be replaced by CRLF the next time Git touches it
warning: in the working copy of 'node_modules/async/map.js', LF will be replaced by CRLF the next time Git touches it
warning: in the working copy of 'node_modules/async/mapLimit.js', LF will be replaced by CRLF the next time Git touches it
warning: in the working copy of 'node_modules/async/mapSeries.js', LF will be replaced by CRLF the next time Git touches it
warning: in the working copy of 'node_modules/async/mapValues.js', LF will be replaced by CRLF the next time Git touches it
warning: in the working copy of 'node_modules/async/mapValuesLimit.js', LF will be replaced by CRLF the next time Git touches it
warning: in the working copy of 'node_modules/async/mapValuesSeries.js', LF will be replaced by CRLF the next time Git touches it
warning: in the working copy of 'node_modules/async/memoize.js', LF will be replaced by CRLF the next time Git touches it
warning: in the working copy of 'node_modules/async/nextTick.js', LF will be replaced by CRLF the next time Git touches it
warning: in the working copy of 'node_modules/async/package.json', LF will be replaced by CRLF the next time Git touches it
warning: in the working copy of 'node_modules/async/parallel.js', LF will be replaced by CRLF the next time Git touches it
warning: in the working copy of 'node_modules/async/parallelLimit.js', LF will be replaced by CRLF the next time Git touches it
warning: in the working copy of 'node_modules/async/priorityQueue.js', LF will be replaced by CRLF the next time Git touches it
warning: in the working copy of 'node_modules/async/queue.js', LF will be replaced by CRLF the next time Git touches it
warning: in the working copy of 'node_modules/async/race.js', LF will be replaced by CRLF the next time Git touches it
warning: in the working copy of 'node_modules/async/reduce.js', LF will be replaced by CRLF the next time Git touches it
warning: in the working copy of 'node_modules/async/reduceRight.js', LF will be replaced by CRLF the next time Git touches it
warning: in the working copy of 'node_modules/async/reflect.js', LF will be replaced by CRLF the next time Git touches it
warning: in the working copy of 'node_modules/async/reflectAll.js', LF will be replaced by CRLF the next time Git touches it
warning: in the working copy of 'node_modules/async/reject.js', LF will be replaced by CRLF the next time Git touches it
warning: in the working copy of 'node_modules/async/rejectLimit.js', LF will be replaced by CRLF the next time Git touches it
warning: in the working copy of 'node_modules/async/rejectSeries.js', LF will be replaced by CRLF the next time Git touches it
warning: in the working copy of 'node_modules/async/retry.js', LF will be replaced by CRLF the next time Git touches it
warning: in the working copy of 'node_modules/async/retryable.js', LF will be replaced by CRLF the next time Git touches it
warning: in the working copy of 'node_modules/async/select.js', LF will be replaced by CRLF the next time Git touches it
warning: in the working copy of 'node_modules/async/selectLimit.js', LF will be replaced by CRLF the next time Git touches it
warning: in the working copy of 'node_modules/async/selectSeries.js', LF will be replaced by CRLF the next time Git touches it
warning: in the working copy of 'node_modules/async/seq.js', LF will be replaced by CRLF the next time Git touches it
warning: in the working copy of 'node_modules/async/series.js', LF will be replaced by CRLF the next time Git touches it
warning: in the working copy of 'node_modules/async/setImmediate.js', LF will be replaced by CRLF the next time Git touches it
warning: in the working copy of 'node_modules/async/some.js', LF will be replaced by CRLF the next time Git touches it
warning: in the working copy of 'node_modules/async/someLimit.js', LF will be replaced by CRLF the next time Git touches it
warning: in the working copy of 'node_modules/async/someSeries.js', LF will be replaced by CRLF the next time Git touches it
warning: in the working copy of 'node_modules/async/sortBy.js', LF will be replaced by CRLF the next time Git touches it
warning: in the working copy of 'node_modules/async/timeout.js', LF will be replaced by CRLF the next time Git touches it
warning: in the working copy of 'node_modules/async/times.js', LF will be replaced by CRLF the next time Git touches it
warning: in the working copy of 'node_modules/async/timesLimit.js', LF will be replaced by CRLF the next time Git touches it
warning: in the working copy of 'node_modules/async/timesSeries.js', LF will be replaced by CRLF the next time Git touches it
warning: in the working copy of 'node_modules/async/transform.js', LF will be replaced by CRLF the next time Git touches it
warning: in the working copy of 'node_modules/async/tryEach.js', LF will be replaced by CRLF the next time Git touches it
warning: in the working copy of 'node_modules/async/unmemoize.js', LF will be replaced by CRLF the next time Git touches it
warning: in the working copy of 'node_modules/async/until.js', LF will be replaced by CRLF the next time Git touches it
warning: in the working copy of 'node_modules/async/waterfall.js', LF will be replaced by CRLF the next time Git touches it
warning: in the working copy of 'node_modules/async/whilst.js', LF will be replaced by CRLF the next time Git touches it
warning: in the working copy of 'node_modules/async/wrapSync.js', LF will be replaced by CRLF the next time Git touches it
warning: in the working copy of 'node_modules/asynckit/LICENSE', LF will be replaced by CRLF the next time Git touches it
warning: in the working copy of 'node_modules/asynckit/README.md', LF will be replaced by CRLF the next time Git touches it
warning: in the working copy of 'node_modules/asynckit/bench.js', LF will be replaced by CRLF the next time Git touches it
warning: in the working copy of 'node_modules/asynckit/index.js', LF will be replaced by CRLF the next time Git touches it
warning: in the working copy of 'node_modules/asynckit/lib/abort.js', LF will be replaced by CRLF the next time Git touches it
warning: in the working copy of 'node_modules/asynckit/lib/async.js', LF will be replaced by CRLF the next time Git touches it
warning: in the working copy of 'node_modules/asynckit/lib/defer.js', LF will be replaced by CRLF the next time Git touches it
warning: in the working copy of 'node_modules/asynckit/lib/iterate.js', LF will be replaced by CRLF the next time Git touches it
warning: in the working copy of 'node_modules/asynckit/lib/readable_asynckit.js', LF will be replaced by CRLF the next time Git touches it
warning: in the working copy of 'node_modules/asynckit/lib/readable_parallel.js', LF will be replaced by CRLF the next time Git touches it
warning: in the working copy of 'node_modules/asynckit/lib/readable_serial.js', LF will be replaced by CRLF the next time Git touches it
warning: in the working copy of 'node_modules/asynckit/lib/readable_serial_ordered.js', LF will be replaced by CRLF the next time Git touches it
warning: in the working copy of 'node_modules/asynckit/lib/state.js', LF will be replaced by CRLF the next time Git touches it
warning: in the working copy of 'node_modules/asynckit/lib/streamify.js', LF will be replaced by CRLF the next time Git touches it
warning: in the working copy of 'node_modules/asynckit/lib/terminator.js', LF will be replaced by CRLF the next time Git touches it
warning: in the working copy of 'node_modules/asynckit/package.json', LF will be replaced by CRLF the next time Git touches it
warning: in the working copy of 'node_modules/asynckit/parallel.js', LF will be replaced by CRLF the next time Git touches it
warning: in the working copy of 'node_modules/asynckit/serial.js', LF will be replaced by CRLF the next time Git touches it
warning: in the working copy of 'node_modules/asynckit/serialOrdered.js', LF will be replaced by CRLF the next time Git touches it
warning: in the working copy of 'node_modules/asynckit/stream.js', LF will be replaced by CRLF the next time Git touches it
warning: in the working copy of 'node_modules/at-least-node/LICENSE', LF will be replaced by CRLF the next time Git touches it
warning: in the working copy of 'node_modules/at-least-node/README.md', LF will be replaced by CRLF the next time Git touches it
warning: in the working copy of 'node_modules/at-least-node/index.js', LF will be replaced by CRLF the next time Git touches it
warning: in the working copy of 'node_modules/at-least-node/package.json', LF will be replaced by CRLF the next time Git touches it
warning: in the working copy of 'node_modules/aws4/LICENSE', LF will be replaced by CRLF the next time Git touches it
warning: in the working copy of 'node_modules/aws4/README.md', LF will be replaced by CRLF the next time Git touches it
warning: in the working copy of 'node_modules/aws4/aws4.js', LF will be replaced by CRLF the next time Git touches it
warning: in the working copy of 'node_modules/aws4/lru.js', LF will be replaced by CRLF the next time Git touches it
warning: in the working copy of 'node_modules/aws4/package.json', LF will be replaced by CRLF the next time Git touches it
warning: in the working copy of 'node_modules/balanced-match/LICENSE.md', LF will be replaced by CRLF the next time Git touches it
warning: in the working copy of 'node_modules/balanced-match/README.md', LF will be replaced by CRLF the next time Git touches it
warning: in the working copy of 'node_modules/balanced-match/dist/commonjs/index.d.ts', LF will be replaced by CRLF the next time Git touches it
warning: in the working copy of 'node_modules/balanced-match/dist/commonjs/index.js', LF will be replaced by CRLF the next time Git touches it
warning: in the working copy of 'node_modules/balanced-match/dist/commonjs/package.json', LF will be replaced by CRLF the next time Git touches it
warning: in the working copy of 'node_modules/balanced-match/dist/esm/index.d.ts', LF will be replaced by CRLF the next time Git touches it
warning: in the working copy of 'node_modules/balanced-match/dist/esm/index.js', LF will be replaced by CRLF the next time Git touches it
warning: in the working copy of 'node_modules/balanced-match/dist/esm/package.json', LF will be replaced by CRLF the next time Git touches it
warning: in the working copy of 'node_modules/balanced-match/package.json', LF will be replaced by CRLF the next time Git touches it
warning: in the working copy of 'node_modules/base64-js/LICENSE', LF will be replaced by CRLF the next time Git touches it
warning: in the working copy of 'node_modules/base64-js/README.md', LF will be replaced by CRLF the next time Git touches it
warning: in the working copy of 'node_modules/base64-js/index.d.ts', LF will be replaced by CRLF the next time Git touches it
warning: in the working copy of 'node_modules/base64-js/index.js', LF will be replaced by CRLF the next time Git touches it
warning: in the working copy of 'node_modules/base64-js/package.json', LF will be replaced by CRLF the next time Git touches it
warning: in the working copy of 'node_modules/bluebird/LICENSE', LF will be replaced by CRLF the next time Git touches it
warning: in the working copy of 'node_modules/bluebird/README.md', LF will be replaced by CRLF the next time Git touches it
warning: in the working copy of 'node_modules/bluebird/changelog.md', LF will be replaced by CRLF the next time Git touches it
warning: in the working copy of 'node_modules/bluebird/js/browser/bluebird.core.js', LF will be replaced by CRLF the next time Git touches it
warning: in the working copy of 'node_modules/bluebird/js/browser/bluebird.core.min.js', LF will be replaced by CRLF the next time Git touches it
warning: in the working copy of 'node_modules/bluebird/js/browser/bluebird.js', LF will be replaced by CRLF the next time Git touches it
warning: in the working copy of 'node_modules/bluebird/js/browser/bluebird.min.js', LF will be replaced by CRLF the next time Git touches it
warning: in the working copy of 'node_modules/bluebird/js/release/any.js', LF will be replaced by CRLF the next time Git touches it
warning: in the working copy of 'node_modules/bluebird/js/release/assert.js', LF will be replaced by CRLF the next time Git touches it
warning: in the working copy of 'node_modules/bluebird/js/release/async.js', LF will be replaced by CRLF the next time Git touches it
warning: in the working copy of 'node_modules/bluebird/js/release/bind.js', LF will be replaced by CRLF the next time Git touches it
warning: in the working copy of 'node_modules/bluebird/js/release/bluebird.js', LF will be replaced by CRLF the next time Git touches it
warning: in the working copy of 'node_modules/bluebird/js/release/call_get.js', LF will be replaced by CRLF the next time Git touches it
warning: in the working copy of 'node_modules/bluebird/js/release/cancel.js', LF will be replaced by CRLF the next time Git touches it
warning: in the working copy of 'node_modules/bluebird/js/release/catch_filter.js', LF will be replaced by CRLF the next time Git touches it
warning: in the working copy of 'node_modules/bluebird/js/release/context.js', LF will be replaced by CRLF the next time Git touches it
warning: in the working copy of 'node_modules/bluebird/js/release/debuggability.js', LF will be replaced by CRLF the next time Git touches it
warning: in the working copy of 'node_modules/bluebird/js/release/direct_resolve.js', LF will be replaced by CRLF the next time Git touches it
warning: in the working copy of 'node_modules/bluebird/js/release/each.js', LF will be replaced by CRLF the next time Git touches it
warning: in the working copy of 'node_modules/bluebird/js/release/errors.js', LF will be replaced by CRLF the next time Git touches it
warning: in the working copy of 'node_modules/bluebird/js/release/es5.js', LF will be replaced by CRLF the next time Git touches it
warning: in the working copy of 'node_modules/bluebird/js/release/filter.js', LF will be replaced by CRLF the next time Git touches it
warning: in the working copy of 'node_modules/bluebird/js/release/finally.js', LF will be replaced by CRLF the next time Git touches it
warning: in the working copy of 'node_modules/bluebird/js/release/generators.js', LF will be replaced by CRLF the next time Git touches it
warning: in the working copy of 'node_modules/bluebird/js/release/join.js', LF will be replaced by CRLF the next time Git touches it
warning: in the working copy of 'node_modules/bluebird/js/release/map.js', LF will be replaced by CRLF the next time Git touches it
warning: in the working copy of 'node_modules/bluebird/js/release/method.js', LF will be replaced by CRLF the next time Git touches it
warning: in the working copy of 'node_modules/bluebird/js/release/nodeback.js', LF will be replaced by CRLF the next time Git touches it
warning: in the working copy of 'node_modules/bluebird/js/release/nodeify.js', LF will be replaced by CRLF the next time Git touches it
warning: in the working copy of 'node_modules/bluebird/js/release/promise.js', LF will be replaced by CRLF the next time Git touches it
warning: in the working copy of 'node_modules/bluebird/js/release/promise_array.js', LF will be replaced by CRLF the next time Git touches it
warning: in the working copy of 'node_modules/bluebird/js/release/promisify.js', LF will be replaced by CRLF the next time Git touches it
warning: in the working copy of 'node_modules/bluebird/js/release/props.js', LF will be replaced by CRLF the next time Git touches it
warning: in the working copy of 'node_modules/bluebird/js/release/queue.js', LF will be replaced by CRLF the next time Git touches it
warning: in the working copy of 'node_modules/bluebird/js/release/race.js', LF will be replaced by CRLF the next time Git touches it
warning: in the working copy of 'node_modules/bluebird/js/release/reduce.js', LF will be replaced by CRLF the next time Git touches it
warning: in the working copy of 'node_modules/bluebird/js/release/schedule.js', LF will be replaced by CRLF the next time Git touches it
warning: in the working copy of 'node_modules/bluebird/js/release/settle.js', LF will be replaced by CRLF the next time Git touches it
warning: in the working copy of 'node_modules/bluebird/js/release/some.js', LF will be replaced by CRLF the next time Git touches it
warning: in the working copy of 'node_modules/bluebird/js/release/synchronous_inspection.js', LF will be replaced by CRLF the next time Git touches it
warning: in the working copy of 'node_modules/bluebird/js/release/thenables.js', LF will be replaced by CRLF the next time Git touches it
warning: in the working copy of 'node_modules/bluebird/js/release/timers.js', LF will be replaced by CRLF the next time Git touches it
warning: in the working copy of 'node_modules/bluebird/js/release/using.js', LF will be replaced by CRLF the next time Git touches it
warning: in the working copy of 'node_modules/bluebird/js/release/util.js', LF will be replaced by CRLF the next time Git touches it
warning: in the working copy of 'node_modules/bluebird/package.json', LF will be replaced by CRLF the next time Git touches it
warning: in the working copy of 'node_modules/boolean/.eslintrc.json', LF will be replaced by CRLF the next time Git touches it
warning: in the working copy of 'node_modules/boolean/.npmpackagejsonlintrc.json', LF will be replaced by CRLF the next time Git touches it
warning: in the working copy of 'node_modules/boolean/.releaserc.json', LF will be replaced by CRLF the next time Git touches it
warning: in the working copy of 'node_modules/boolean/CHANGELOG.md', LF will be replaced by CRLF the next time Git touches it
warning: in the working copy of 'node_modules/boolean/LICENSE.txt', LF will be replaced by CRLF the next time Git touches it
warning: in the working copy of 'node_modules/boolean/README.md', LF will be replaced by CRLF the next time Git touches it
warning: in the working copy of 'node_modules/boolean/build/lib/boolean.d.ts', LF will be replaced by CRLF the next time Git touches it
warning: in the working copy of 'node_modules/boolean/build/lib/boolean.js', LF will be replaced by CRLF the next time Git touches it
warning: in the working copy of 'node_modules/boolean/build/lib/index.d.ts', LF will be replaced by CRLF the next time Git touches it
warning: in the working copy of 'node_modules/boolean/build/lib/index.js', LF will be replaced by CRLF the next time Git touches it
warning: in the working copy of 'node_modules/boolean/build/lib/isBooleanable.d.ts', LF will be replaced by CRLF the next time Git touches it
warning: in the working copy of 'node_modules/boolean/build/lib/isBooleanable.js', LF will be replaced by CRLF the next time Git touches it
warning: in the working copy of 'node_modules/boolean/lib/boolean.ts', LF will be replaced by CRLF the next time Git touches it
warning: in the working copy of 'node_modules/boolean/lib/index.ts', LF will be replaced by CRLF the next time Git touches it
warning: in the working copy of 'node_modules/boolean/lib/isBooleanable.ts', LF will be replaced by CRLF the next time Git touches it
warning: in the working copy of 'node_modules/boolean/licenseCheck.json', LF will be replaced by CRLF the next time Git touches it
warning: in the working copy of 'node_modules/boolean/package.json', LF will be replaced by CRLF the next time Git touches it
warning: in the working copy of 'node_modules/boolean/tsconfig.json', LF will be replaced by CRLF the next time Git touches it
warning: in the working copy of 'node_modules/brace-expansion/LICENSE', LF will be replaced by CRLF the next time Git touches it
warning: in the working copy of 'node_modules/brace-expansion/README.md', LF will be replaced by CRLF the next time Git touches it
warning: in the working copy of 'node_modules/brace-expansion/dist/commonjs/index.d.ts', LF will be replaced by CRLF the next time Git touches it
warning: in the working copy of 'node_modules/brace-expansion/dist/commonjs/index.js', LF will be replaced by CRLF the next time Git touches it
warning: in the working copy of 'node_modules/brace-expansion/dist/commonjs/package.json', LF will be replaced by CRLF the next time Git touches it
warning: in the working copy of 'node_modules/brace-expansion/dist/esm/index.d.ts', LF will be replaced by CRLF the next time Git touches it
warning: in the working copy of 'node_modules/brace-expansion/dist/esm/index.js', LF will be replaced by CRLF the next time Git touches it
warning: in the working copy of 'node_modules/brace-expansion/dist/esm/package.json', LF will be replaced by CRLF the next time Git touches it
warning: in the working copy of 'node_modules/brace-expansion/package.json', LF will be replaced by CRLF the next time Git touches it
warning: in the working copy of 'node_modules/buffer-from/LICENSE', LF will be replaced by CRLF the next time Git touches it
warning: in the working copy of 'node_modules/buffer-from/index.js', LF will be replaced by CRLF the next time Git touches it
warning: in the working copy of 'node_modules/buffer-from/package.json', LF will be replaced by CRLF the next time Git touches it
warning: in the working copy of 'node_modules/buffer-from/readme.md', LF will be replaced by CRLF the next time Git touches it
warning: in the working copy of 'node_modules/builder-util-runtime/LICENSE', LF will be replaced by CRLF the next time Git touches it
warning: in the working copy of 'node_modules/builder-util-runtime/out/CancellationToken.d.ts', LF will be replaced by CRLF the next time Git touches it
warning: in the working copy of 'node_modules/builder-util-runtime/out/CancellationToken.js', LF will be replaced by CRLF the next time Git touches it
warning: in the working copy of 'node_modules/builder-util-runtime/out/MemoLazy.d.ts', LF will be replaced by CRLF the next time Git touches it
warning: in the working copy of 'node_modules/builder-util-runtime/out/MemoLazy.js', LF will be replaced by CRLF the next time Git touches it
warning: in the working copy of 'node_modules/builder-util-runtime/out/ProgressCallbackTransform.d.ts', LF will be replaced by CRLF the next time Git touches it
warning: in the working copy of 'node_modules/builder-util-runtime/out/ProgressCallbackTransform.js', LF will be replaced by CRLF the next time Git touches it
warning: in the working copy of 'node_modules/builder-util-runtime/out/blockMapApi.d.ts', LF will be replaced by CRLF the next time Git touches it
warning: in the working copy of 'node_modules/builder-util-runtime/out/blockMapApi.js', LF will be replaced by CRLF the next time Git touches it
warning: in the working copy of 'node_modules/builder-util-runtime/out/error.d.ts', LF will be replaced by CRLF the next time Git touches it
warning: in the working copy of 'node_modules/builder-util-runtime/out/error.js', LF will be replaced by CRLF the next time Git touches it
warning: in the working copy of 'node_modules/builder-util-runtime/out/httpExecutor.d.ts', LF will be replaced by CRLF the next time Git touches it
warning: in the working copy of 'node_modules/builder-util-runtime/out/httpExecutor.js', LF will be replaced by CRLF the next time Git touches it
warning: in the working copy of 'node_modules/builder-util-runtime/out/index.d.ts', LF will be replaced by CRLF the next time Git touches it
warning: in the working copy of 'node_modules/builder-util-runtime/out/index.js', LF will be replaced by CRLF the next time Git touches it
warning: in the working copy of 'node_modules/builder-util-runtime/out/objects.d.ts', LF will be replaced by CRLF the next time Git touches it
warning: in the working copy of 'node_modules/builder-util-runtime/out/objects.js', LF will be replaced by CRLF the next time Git touches it
warning: in the working copy of 'node_modules/builder-util-runtime/out/publishOptions.d.ts', LF will be replaced by CRLF the next time Git touches it
warning: in the working copy of 'node_modules/builder-util-runtime/out/publishOptions.js', LF will be replaced by CRLF the next time Git touches it
warning: in the working copy of 'node_modules/builder-util-runtime/out/retry.d.ts', LF will be replaced by CRLF the next time Git touches it
warning: in the working copy of 'node_modules/builder-util-runtime/out/retry.js', LF will be replaced by CRLF the next time Git touches it
warning: in the working copy of 'node_modules/builder-util-runtime/out/rfc2253Parser.d.ts', LF will be replaced by CRLF the next time Git touches it
warning: in the working copy of 'node_modules/builder-util-runtime/out/rfc2253Parser.js', LF will be replaced by CRLF the next time Git touches it
warning: in the working copy of 'node_modules/builder-util-runtime/out/updateInfo.d.ts', LF will be replaced by CRLF the next time Git touches it
warning: in the working copy of 'node_modules/builder-util-runtime/out/updateInfo.js', LF will be replaced by CRLF the next time Git touches it
warning: in the working copy of 'node_modules/builder-util-runtime/out/uuid.d.ts', LF will be replaced by CRLF the next time Git touches it
warning: in the working copy of 'node_modules/builder-util-runtime/out/uuid.js', LF will be replaced by CRLF the next time Git touches it
warning: in the working copy of 'node_modules/builder-util-runtime/out/xml.d.ts', LF will be replaced by CRLF the next time Git touches it
warning: in the working copy of 'node_modules/builder-util-runtime/out/xml.js', LF will be replaced by CRLF the next time Git touches it
warning: in the working copy of 'node_modules/builder-util-runtime/package.json', LF will be replaced by CRLF the next time Git touches it
warning: in the working copy of 'node_modules/builder-util-runtime/readme.md', LF will be replaced by CRLF the next time Git touches it
warning: in the working copy of 'node_modules/builder-util/LICENSE', LF will be replaced by CRLF the next time Git touches it
warning: in the working copy of 'node_modules/builder-util/out/DebugLogger.d.ts', LF will be replaced by CRLF the next time Git touches it
warning: in the working copy of 'node_modules/builder-util/out/DebugLogger.js', LF will be replaced by CRLF the next time Git touches it
warning: in the working copy of 'node_modules/builder-util/out/arch.d.ts', LF will be replaced by CRLF the next time Git touches it
warning: in the working copy of 'node_modules/builder-util/out/arch.js', LF will be replaced by CRLF the next time Git touches it
warning: in the working copy of 'node_modules/builder-util/out/asyncTaskManager.d.ts', LF will be replaced by CRLF the next time Git touches it
warning: in the working copy of 'node_modules/builder-util/out/asyncTaskManager.js', LF will be replaced by CRLF the next time Git touches it
warning: in the working copy of 'node_modules/builder-util/out/cscLink.d.ts', LF will be replaced by CRLF the next time Git touches it
warning: in the working copy of 'node_modules/builder-util/out/cscLink.js', LF will be replaced by CRLF the next time Git touches it
warning: in the working copy of 'node_modules/builder-util/out/envUtil.d.ts', LF will be replaced by CRLF the next time Git touches it
warning: in the working copy of 'node_modules/builder-util/out/envUtil.js', LF will be replaced by CRLF the next time Git touches it
warning: in the working copy of 'node_modules/builder-util/out/filename.d.ts', LF will be replaced by CRLF the next time Git touches it
warning: in the working copy of 'node_modules/builder-util/out/filename.js', LF will be replaced by CRLF the next time Git touches it
warning: in the working copy of 'node_modules/builder-util/out/fs.d.ts', LF will be replaced by CRLF the next time Git touches it
warning: in the working copy of 'node_modules/builder-util/out/fs.js', LF will be replaced by CRLF the next time Git touches it
warning: in the working copy of 'node_modules/builder-util/out/ksuid.d.ts', LF will be replaced by CRLF the next time Git touches it
warning: in the working copy of 'node_modules/builder-util/out/ksuid.js', LF will be replaced by CRLF the next time Git touches it
warning: in the working copy of 'node_modules/builder-util/out/log.d.ts', LF will be replaced by CRLF the next time Git touches it
warning: in the working copy of 'node_modules/builder-util/out/log.js', LF will be replaced by CRLF the next time Git touches it
warning: in the working copy of 'node_modules/builder-util/out/nodeHttpExecutor.d.ts', LF will be replaced by CRLF the next time Git touches it
warning: in the working copy of 'node_modules/builder-util/out/nodeHttpExecutor.js', LF will be replaced by CRLF the next time Git touches it
warning: in the working copy of 'node_modules/builder-util/out/promise.d.ts', LF will be replaced by CRLF the next time Git touches it
warning: in the working copy of 'node_modules/builder-util/out/promise.js', LF will be replaced by CRLF the next time Git touches it
warning: in the working copy of 'node_modules/builder-util/out/stringUtil.d.ts', LF will be replaced by CRLF the next time Git touches it
warning: in the working copy of 'node_modules/builder-util/out/stringUtil.js', LF will be replaced by CRLF the next time Git touches it
warning: in the working copy of 'node_modules/builder-util/out/util.d.ts', LF will be replaced by CRLF the next time Git touches it
warning: in the working copy of 'node_modules/builder-util/out/util.js', LF will be replaced by CRLF the next time Git touches it
warning: in the working copy of 'node_modules/builder-util/package.json', LF will be replaced by CRLF the next time Git touches it
warning: in the working copy of 'node_modules/builder-util/readme.md', LF will be replaced by CRLF the next time Git touches it
warning: in the working copy of 'node_modules/bytestreamjs/LICENSE', LF will be replaced by CRLF the next time Git touches it
warning: in the working copy of 'node_modules/bytestreamjs/README.MD', LF will be replaced by CRLF the next time Git touches it
warning: in the working copy of 'node_modules/bytestreamjs/build/cjs/bit.js', LF will be replaced by CRLF the next time Git touches it
warning: in the working copy of 'node_modules/bytestreamjs/build/cjs/bit_stream.js', LF will be replaced by CRLF the next time Git touches it
warning: in the working copy of 'node_modules/bytestreamjs/build/cjs/byte_stream.js', LF will be replaced by CRLF the next time Git touches it
warning: in the working copy of 'node_modules/bytestreamjs/build/cjs/helpers.js', LF will be replaced by CRLF the next time Git touches it
warning: in the working copy of 'node_modules/bytestreamjs/build/cjs/index.js', LF will be replaced by CRLF the next time Git touches it
warning: in the working copy of 'node_modules/bytestreamjs/build/cjs/seq_bit_stream.js', LF will be replaced by CRLF the next time Git touches it
warning: in the working copy of 'node_modules/bytestreamjs/build/cjs/seq_stream.js', LF will be replaced by CRLF the next time Git touches it
warning: in the working copy of 'node_modules/bytestreamjs/build/mjs/bit.js', LF will be replaced by CRLF the next time Git touches it
warning: in the working copy of 'node_modules/bytestreamjs/build/mjs/bit_stream.js', LF will be replaced by CRLF the next time Git touches it
warning: in the working copy of 'node_modules/bytestreamjs/build/mjs/byte_stream.js', LF will be replaced by CRLF the next time Git touches it
warning: in the working copy of 'node_modules/bytestreamjs/build/mjs/helpers.js', LF will be replaced by CRLF the next time Git touches it
warning: in the working copy of 'node_modules/bytestreamjs/build/mjs/index.js', LF will be replaced by CRLF the next time Git touches it
warning: in the working copy of 'node_modules/bytestreamjs/build/mjs/seq_bit_stream.js', LF will be replaced by CRLF the next time Git touches it
warning: in the working copy of 'node_modules/bytestreamjs/build/mjs/seq_stream.js', LF will be replaced by CRLF the next time Git touches it
warning: in the working copy of 'node_modules/bytestreamjs/build/types/bit.d.ts', LF will be replaced by CRLF the next time Git touches it
warning: in the working copy of 'node_modules/bytestreamjs/build/types/bit_stream.d.ts', LF will be replaced by CRLF the next time Git touches it
warning: in the working copy of 'node_modules/bytestreamjs/build/types/byte_stream.d.ts', LF will be replaced by CRLF the next time Git touches it
warning: in the working copy of 'node_modules/bytestreamjs/build/types/helpers.d.ts', LF will be replaced by CRLF the next time Git touches it
warning: in the working copy of 'node_modules/bytestreamjs/build/types/index.d.ts', LF will be replaced by CRLF the next time Git touches it
warning: in the working copy of 'node_modules/bytestreamjs/build/types/seq_bit_stream.d.ts', LF will be replaced by CRLF the next time Git touches it
warning: in the working copy of 'node_modules/bytestreamjs/build/types/seq_stream.d.ts', LF will be replaced by CRLF the next time Git touches it
warning: in the working copy of 'node_modules/bytestreamjs/package.json', LF will be replaced by CRLF the next time Git touches it
warning: in the working copy of 'node_modules/cacheable-lookup/LICENSE', LF will be replaced by CRLF the next time Git touches it
warning: in the working copy of 'node_modules/cacheable-lookup/README.md', LF will be replaced by CRLF the next time Git touches it
warning: in the working copy of 'node_modules/cacheable-lookup/index.d.ts', LF will be replaced by CRLF the next time Git touches it
warning: in the working copy of 'node_modules/cacheable-lookup/package.json', LF will be replaced by CRLF the next time Git touches it
warning: in the working copy of 'node_modules/cacheable-lookup/source/index.js', LF will be replaced by CRLF the next time Git touches it
warning: in the working copy of 'node_modules/cacheable-request/LICENSE', LF will be replaced by CRLF the next time Git touches it
warning: in the working copy of 'node_modules/cacheable-request/README.md', LF will be replaced by CRLF the next time Git touches it
warning: in the working copy of 'node_modules/cacheable-request/package.json', LF will be replaced by CRLF the next time Git touches it
warning: in the working copy of 'node_modules/cacheable-request/src/index.js', LF will be replaced by CRLF the next time Git touches it
warning: in the working copy of 'node_modules/call-bind-apply-helpers/.eslintrc', LF will be replaced by CRLF the next time Git touches it
warning: in the working copy of 'node_modules/call-bind-apply-helpers/.github/FUNDING.yml', LF will be replaced by CRLF the next time Git touches it
warning: in the working copy of 'node_modules/call-bind-apply-helpers/.nycrc', LF will be replaced by CRLF the next time Git touches it
warning: in the working copy of 'node_modules/call-bind-apply-helpers/CHANGELOG.md', LF will be replaced by CRLF the next time Git touches it
warning: in the working copy of 'node_modules/call-bind-apply-helpers/LICENSE', LF will be replaced by CRLF the next time Git touches it
warning: in the working copy of 'node_modules/call-bind-apply-helpers/README.md', LF will be replaced by CRLF the next time Git touches it
warning: in the working copy of 'node_modules/call-bind-apply-helpers/actualApply.js', LF will be replaced by CRLF the next time Git touches it
warning: in the working copy of 'node_modules/call-bind-apply-helpers/applyBind.d.ts', LF will be replaced by CRLF the next time Git touches it
warning: in the working copy of 'node_modules/call-bind-apply-helpers/applyBind.js', LF will be replaced by CRLF the next time Git touches it
warning: in the working copy of 'node_modules/call-bind-apply-helpers/functionApply.js', LF will be replaced by CRLF the next time Git touches it
warning: in the working copy of 'node_modules/call-bind-apply-helpers/functionCall.js', LF will be replaced by CRLF the next time Git touches it
warning: in the working copy of 'node_modules/call-bind-apply-helpers/index.d.ts', LF will be replaced by CRLF the next time Git touches it
warning: in the working copy of 'node_modules/call-bind-apply-helpers/index.js', LF will be replaced by CRLF the next time Git touches it
warning: in the working copy of 'node_modules/call-bind-apply-helpers/package.json', LF will be replaced by CRLF the next time Git touches it
warning: in the working copy of 'node_modules/call-bind-apply-helpers/reflectApply.d.ts', LF will be replaced by CRLF the next time Git touches it
warning: in the working copy of 'node_modules/call-bind-apply-helpers/reflectApply.js', LF will be replaced by CRLF the next time Git touches it
warning: in the working copy of 'node_modules/call-bind-apply-helpers/test/index.js', LF will be replaced by CRLF the next time Git touches it
warning: in the working copy of 'node_modules/call-bind-apply-helpers/tsconfig.json', LF will be replaced by CRLF the next time Git touches it
warning: in the working copy of 'node_modules/chalk/index.d.ts', LF will be replaced by CRLF the next time Git touches it
warning: in the working copy of 'node_modules/chalk/license', LF will be replaced by CRLF the next time Git touches it
warning: in the working copy of 'node_modules/chalk/package.json', LF will be replaced by CRLF the next time Git touches it
warning: in the working copy of 'node_modules/chalk/readme.md', LF will be replaced by CRLF the next time Git touches it
warning: in the working copy of 'node_modules/chalk/source/index.js', LF will be replaced by CRLF the next time Git touches it
warning: in the working copy of 'node_modules/chalk/source/templates.js', LF will be replaced by CRLF the next time Git touches it
warning: in the working copy of 'node_modules/chalk/source/util.js', LF will be replaced by CRLF the next time Git touches it
warning: in the working copy of 'node_modules/chownr/LICENSE.md', LF will be replaced by CRLF the next time Git touches it
warning: in the working copy of 'node_modules/chownr/README.md', LF will be replaced by CRLF the next time Git touches it
warning: in the working copy of 'node_modules/chownr/dist/commonjs/index.d.ts', LF will be replaced by CRLF the next time Git touches it
warning: in the working copy of 'node_modules/chownr/dist/commonjs/index.js', LF will be replaced by CRLF the next time Git touches it
warning: in the working copy of 'node_modules/chownr/dist/commonjs/package.json', LF will be replaced by CRLF the next time Git touches it
warning: in the working copy of 'node_modules/chownr/dist/esm/index.d.ts', LF will be replaced by CRLF the next time Git touches it
warning: in the working copy of 'node_modules/chownr/dist/esm/index.js', LF will be replaced by CRLF the next time Git touches it
warning: in the working copy of 'node_modules/chownr/dist/esm/package.json', LF will be replaced by CRLF the next time Git touches it
warning: in the working copy of 'node_modules/chownr/package.json', LF will be replaced by CRLF the next time Git touches it
warning: in the working copy of 'node_modules/chromium-pickle-js/README.md', LF will be replaced by CRLF the next time Git touches it
warning: in the working copy of 'node_modules/chromium-pickle-js/lib/exports.js', LF will be replaced by CRLF the next time Git touches it
warning: in the working copy of 'node_modules/chromium-pickle-js/lib/pickle.js', LF will be replaced by CRLF the next time Git touches it
warning: in the working copy of 'node_modules/chromium-pickle-js/package.json', LF will be replaced by CRLF the next time Git touches it
warning: in the working copy of 'node_modules/ci-info/CHANGELOG.md', LF will be replaced by CRLF the next time Git touches it
warning: in the working copy of 'node_modules/ci-info/LICENSE', LF will be replaced by CRLF the next time Git touches it
warning: in the working copy of 'node_modules/ci-info/README.md', LF will be replaced by CRLF the next time Git touches it
warning: in the working copy of 'node_modules/ci-info/index.d.ts', LF will be replaced by CRLF the next time Git touches it
warning: in the working copy of 'node_modules/ci-info/index.js', LF will be replaced by CRLF the next time Git touches it
warning: in the working copy of 'node_modules/ci-info/package.json', LF will be replaced by CRLF the next time Git touches it
warning: in the working copy of 'node_modules/ci-info/vendors.json', LF will be replaced by CRLF the next time Git touches it
warning: in the working copy of 'node_modules/cliui/CHANGELOG.md', LF will be replaced by CRLF the next time Git touches it
warning: in the working copy of 'node_modules/cliui/LICENSE.txt', LF will be replaced by CRLF the next time Git touches it
warning: in the working copy of 'node_modules/cliui/README.md', LF will be replaced by CRLF the next time Git touches it
warning: in the working copy of 'node_modules/cliui/build/index.cjs', LF will be replaced by CRLF the next time Git touches it
warning: in the working copy of 'node_modules/cliui/build/index.d.cts', LF will be replaced by CRLF the next time Git touches it
warning: in the working copy of 'node_modules/cliui/build/lib/index.js', LF will be replaced by CRLF the next time Git touches it
warning: in the working copy of 'node_modules/cliui/build/lib/string-utils.js', LF will be replaced by CRLF the next time Git touches it
warning: in the working copy of 'node_modules/cliui/index.mjs', LF will be replaced by CRLF the next time Git touches it
warning: in the working copy of 'node_modules/cliui/package.json', LF will be replaced by CRLF the next time Git touches it
warning: in the working copy of 'node_modules/clone-response/LICENSE', LF will be replaced by CRLF the next time Git touches it
warning: in the working copy of 'node_modules/clone-response/README.md', LF will be replaced by CRLF the next time Git touches it
warning: in the working copy of 'node_modules/clone-response/package.json', LF will be replaced by CRLF the next time Git touches it
warning: in the working copy of 'node_modules/clone-response/src/index.js', LF will be replaced by CRLF the next time Git touches it
warning: in the working copy of 'node_modules/color-convert/CHANGELOG.md', LF will be replaced by CRLF the next time Git touches it
warning: in the working copy of 'node_modules/color-convert/LICENSE', LF will be replaced by CRLF the next time Git touches it
warning: in the working copy of 'node_modules/color-convert/README.md', LF will be replaced by CRLF the next time Git touches it
warning: in the working copy of 'node_modules/color-convert/conversions.js', LF will be replaced by CRLF the next time Git touches it
warning: in the working copy of 'node_modules/color-convert/index.js', LF will be replaced by CRLF the next time Git touches it
warning: in the working copy of 'node_modules/color-convert/package.json', LF will be replaced by CRLF the next time Git touches it
warning: in the working copy of 'node_modules/color-convert/route.js', LF will be replaced by CRLF the next time Git touches it
warning: in the working copy of 'node_modules/combined-stream/License', LF will be replaced by CRLF the next time Git touches it
warning: in the working copy of 'node_modules/combined-stream/Readme.md', LF will be replaced by CRLF the next time Git touches it
warning: in the working copy of 'node_modules/combined-stream/lib/combined_stream.js', LF will be replaced by CRLF the next time Git touches it
warning: in the working copy of 'node_modules/combined-stream/package.json', LF will be replaced by CRLF the next time Git touches it
warning: in the working copy of 'node_modules/combined-stream/yarn.lock', LF will be replaced by CRLF the next time Git touches it
warning: in the working copy of 'node_modules/commander/CHANGELOG.md', LF will be replaced by CRLF the next time Git touches it
warning: in the working copy of 'node_modules/commander/LICENSE', LF will be replaced by CRLF the next time Git touches it
warning: in the working copy of 'node_modules/commander/Readme.md', LF will be replaced by CRLF the next time Git touches it
warning: in the working copy of 'node_modules/commander/index.js', LF will be replaced by CRLF the next time Git touches it
warning: in the working copy of 'node_modules/commander/package.json', LF will be replaced by CRLF the next time Git touches it
warning: in the working copy of 'node_modules/commander/typings/index.d.ts', LF will be replaced by CRLF the next time Git touches it
warning: in the working copy of 'node_modules/compare-version/README.md', LF will be replaced by CRLF the next time Git touches it
warning: in the working copy of 'node_modules/compare-version/index.js', LF will be replaced by CRLF the next time Git touches it
warning: in the working copy of 'node_modules/compare-version/package.json', LF will be replaced by CRLF the next time Git touches it
warning: in the working copy of 'node_modules/concat-map/.travis.yml', LF will be replaced by CRLF the next time Git touches it
warning: in the working copy of 'node_modules/concat-map/LICENSE', LF will be replaced by CRLF the next time Git touches it
warning: in the working copy of 'node_modules/concat-map/README.markdown', LF will be replaced by CRLF the next time Git touches it
warning: in the working copy of 'node_modules/concat-map/example/map.js', LF will be replaced by CRLF the next time Git touches it
warning: in the working copy of 'node_modules/concat-map/index.js', LF will be replaced by CRLF the next time Git touches it
warning: in the working copy of 'node_modules/concat-map/package.json', LF will be replaced by CRLF the next time Git touches it
warning: in the working copy of 'node_modules/concat-map/test/map.js', LF will be replaced by CRLF the next time Git touches it
warning: in the working copy of 'node_modules/core-util-is/LICENSE', LF will be replaced by CRLF the next time Git touches it
warning: in the working copy of 'node_modules/core-util-is/README.md', LF will be replaced by CRLF the next time Git touches it
warning: in the working copy of 'node_modules/core-util-is/lib/util.js', LF will be replaced by CRLF the next time Git touches it
warning: in the working copy of 'node_modules/core-util-is/package.json', LF will be replaced by CRLF the next time Git touches it
warning: in the working copy of 'node_modules/cross-dirname/README.md', LF will be replaced by CRLF the next time Git touches it
warning: in the working copy of 'node_modules/cross-dirname/dist/cjs/index.cjs', LF will be replaced by CRLF the next time Git touches it
warning: in the working copy of 'node_modules/cross-dirname/dist/esm/index.mjs', LF will be replaced by CRLF the next time Git touches it
warning: in the working copy of 'node_modules/cross-dirname/dist/types/index.d.ts', LF will be replaced by CRLF the next time Git touches it
warning: in the working copy of 'node_modules/cross-dirname/package.json', LF will be replaced by CRLF the next time Git touches it
warning: in the working copy of 'node_modules/cross-spawn/LICENSE', LF will be replaced by CRLF the next time Git touches it
warning: in the working copy of 'node_modules/cross-spawn/README.md', LF will be replaced by CRLF the next time Git touches it
warning: in the working copy of 'node_modules/cross-spawn/index.js', LF will be replaced by CRLF the next time Git touches it
warning: in the working copy of 'node_modules/cross-spawn/lib/enoent.js', LF will be replaced by CRLF the next time Git touches it
warning: in the working copy of 'node_modules/cross-spawn/lib/parse.js', LF will be replaced by CRLF the next time Git touches it
warning: in the working copy of 'node_modules/cross-spawn/lib/util/escape.js', LF will be replaced by CRLF the next time Git touches it
warning: in the working copy of 'node_modules/cross-spawn/lib/util/readShebang.js', LF will be replaced by CRLF the next time Git touches it
warning: in the working copy of 'node_modules/cross-spawn/lib/util/resolveCommand.js', LF will be replaced by CRLF the next time Git touches it
warning: in the working copy of 'node_modules/cross-spawn/node_modules/.bin/node-which', LF will be replaced by CRLF the next time Git touches it
warning: in the working copy of 'node_modules/cross-spawn/node_modules/.bin/node-which.ps1', LF will be replaced by CRLF the next time Git touches it
warning: in the working copy of 'node_modules/cross-spawn/node_modules/isexe/.npmignore', LF will be replaced by CRLF the next time Git touches it
warning: in the working copy of 'node_modules/cross-spawn/node_modules/isexe/LICENSE', LF will be replaced by CRLF the next time Git touches it
warning: in the working copy of 'node_modules/cross-spawn/node_modules/isexe/README.md', LF will be replaced by CRLF the next time Git touches it
warning: in the working copy of 'node_modules/cross-spawn/node_modules/isexe/index.js', LF will be replaced by CRLF the next time Git touches it
warning: in the working copy of 'node_modules/cross-spawn/node_modules/isexe/mode.js', LF will be replaced by CRLF the next time Git touches it
warning: in the working copy of 'node_modules/cross-spawn/node_modules/isexe/package.json', LF will be replaced by CRLF the next time Git touches it
warning: in the working copy of 'node_modules/cross-spawn/node_modules/isexe/test/basic.js', LF will be replaced by CRLF the next time Git touches it
warning: in the working copy of 'node_modules/cross-spawn/node_modules/isexe/windows.js', LF will be replaced by CRLF the next time Git touches it
warning: in the working copy of 'node_modules/cross-spawn/node_modules/which/CHANGELOG.md', LF will be replaced by CRLF the next time Git touches it
warning: in the working copy of 'node_modules/cross-spawn/node_modules/which/LICENSE', LF will be replaced by CRLF the next time Git touches it
warning: in the working copy of 'node_modules/cross-spawn/node_modules/which/README.md', LF will be replaced by CRLF the next time Git touches it
warning: in the working copy of 'node_modules/cross-spawn/node_modules/which/bin/node-which', LF will be replaced by CRLF the next time Git touches it
warning: in the working copy of 'node_modules/cross-spawn/node_modules/which/package.json', LF will be replaced by CRLF the next time Git touches it
warning: in the working copy of 'node_modules/cross-spawn/node_modules/which/which.js', LF will be replaced by CRLF the next time Git touches it
warning: in the working copy of 'node_modules/cross-spawn/package.json', LF will be replaced by CRLF the next time Git touches it
warning: in the working copy of 'node_modules/debug/LICENSE', LF will be replaced by CRLF the next time Git touches it
warning: in the working copy of 'node_modules/debug/README.md', LF will be replaced by CRLF the next time Git touches it
warning: in the working copy of 'node_modules/debug/package.json', LF will be replaced by CRLF the next time Git touches it
warning: in the working copy of 'node_modules/debug/src/browser.js', LF will be replaced by CRLF the next time Git touches it
warning: in the working copy of 'node_modules/debug/src/common.js', LF will be replaced by CRLF the next time Git touches it
warning: in the working copy of 'node_modules/debug/src/index.js', LF will be replaced by CRLF the next time Git touches it
warning: in the working copy of 'node_modules/debug/src/node.js', LF will be replaced by CRLF the next time Git touches it
warning: in the working copy of 'node_modules/decompress-response/index.d.ts', LF will be replaced by CRLF the next time Git touches it
warning: in the working copy of 'node_modules/decompress-response/index.js', LF will be replaced by CRLF the next time Git touches it
warning: in the working copy of 'node_modules/decompress-response/license', LF will be replaced by CRLF the next time Git touches it
warning: in the working copy of 'node_modules/decompress-response/node_modules/mimic-response/index.d.ts', LF will be replaced by CRLF the next time Git touches it
warning: in the working copy of 'node_modules/decompress-response/node_modules/mimic-response/index.js', LF will be replaced by CRLF the next time Git touches it
warning: in the working copy of 'node_modules/decompress-response/node_modules/mimic-response/license', LF will be replaced by CRLF the next time Git touches it
warning: in the working copy of 'node_modules/decompress-response/node_modules/mimic-response/package.json', LF will be replaced by CRLF the next time Git touches it
warning: in the working copy of 'node_modules/decompress-response/node_modules/mimic-response/readme.md', LF will be replaced by CRLF the next time Git touches it
warning: in the working copy of 'node_modules/decompress-response/package.json', LF will be replaced by CRLF the next time Git touches it
warning: in the working copy of 'node_modules/decompress-response/readme.md', LF will be replaced by CRLF the next time Git touches it
warning: in the working copy of 'node_modules/defer-to-connect/LICENSE', LF will be replaced by CRLF the next time Git touches it
warning: in the working copy of 'node_modules/defer-to-connect/README.md', LF will be replaced by CRLF the next time Git touches it
warning: in the working copy of 'node_modules/defer-to-connect/dist/source/index.d.ts', LF will be replaced by CRLF the next time Git touches it
warning: in the working copy of 'node_modules/defer-to-connect/dist/source/index.js', LF will be replaced by CRLF the next time Git touches it
warning: in the working copy of 'node_modules/defer-to-connect/package.json', LF will be replaced by CRLF the next time Git touches it
warning: in the working copy of 'node_modules/define-data-property/.eslintrc', LF will be replaced by CRLF the next time Git touches it
warning: in the working copy of 'node_modules/define-data-property/.github/FUNDING.yml', LF will be replaced by CRLF the next time Git touches it
warning: in the working copy of 'node_modules/define-data-property/.nycrc', LF will be replaced by CRLF the next time Git touches it
warning: in the working copy of 'node_modules/define-data-property/CHANGELOG.md', LF will be replaced by CRLF the next time Git touches it
warning: in the working copy of 'node_modules/define-data-property/LICENSE', LF will be replaced by CRLF the next time Git touches it
warning: in the working copy of 'node_modules/define-data-property/README.md', LF will be replaced by CRLF the next time Git touches it
warning: in the working copy of 'node_modules/define-data-property/index.d.ts', LF will be replaced by CRLF the next time Git touches it
warning: in the working copy of 'node_modules/define-data-property/index.js', LF will be replaced by CRLF the next time Git touches it
warning: in the working copy of 'node_modules/define-data-property/package.json', LF will be replaced by CRLF the next time Git touches it
warning: in the working copy of 'node_modules/define-data-property/test/index.js', LF will be replaced by CRLF the next time Git touches it
warning: in the working copy of 'node_modules/define-data-property/tsconfig.json', LF will be replaced by CRLF the next time Git touches it
warning: in the working copy of 'node_modules/define-properties/.editorconfig', LF will be replaced by CRLF the next time Git touches it
warning: in the working copy of 'node_modules/define-properties/.eslintrc', LF will be replaced by CRLF the next time Git touches it
warning: in the working copy of 'node_modules/define-properties/.github/FUNDING.yml', LF will be replaced by CRLF the next time Git touches it
warning: in the working copy of 'node_modules/define-properties/.nycrc', LF will be replaced by CRLF the next time Git touches it
warning: in the working copy of 'node_modules/define-properties/CHANGELOG.md', LF will be replaced by CRLF the next time Git touches it
warning: in the working copy of 'node_modules/define-properties/LICENSE', LF will be replaced by CRLF the next time Git touches it
warning: in the working copy of 'node_modules/define-properties/README.md', LF will be replaced by CRLF the next time Git touches it
warning: in the working copy of 'node_modules/define-properties/index.js', LF will be replaced by CRLF the next time Git touches it
warning: in the working copy of 'node_modules/define-properties/package.json', LF will be replaced by CRLF the next time Git touches it
warning: in the working copy of 'node_modules/delayed-stream/.npmignore', LF will be replaced by CRLF the next time Git touches it
warning: in the working copy of 'node_modules/delayed-stream/License', LF will be replaced by CRLF the next time Git touches it
warning: in the working copy of 'node_modules/delayed-stream/Makefile', LF will be replaced by CRLF the next time Git touches it
warning: in the working copy of 'node_modules/delayed-stream/Readme.md', LF will be replaced by CRLF the next time Git touches it
warning: in the working copy of 'node_modules/delayed-stream/lib/delayed_stream.js', LF will be replaced by CRLF the next time Git touches it
warning: in the working copy of 'node_modules/delayed-stream/package.json', LF will be replaced by CRLF the next time Git touches it
warning: in the working copy of 'node_modules/detect-node/LICENSE', LF will be replaced by CRLF the next time Git touches it
warning: in the working copy of 'node_modules/detect-node/Readme.md', LF will be replaced by CRLF the next time Git touches it
warning: in the working copy of 'node_modules/detect-node/browser.js', LF will be replaced by CRLF the next time Git touches it
warning: in the working copy of 'node_modules/detect-node/index.esm.js', LF will be replaced by CRLF the next time Git touches it
warning: in the working copy of 'node_modules/detect-node/index.js', LF will be replaced by CRLF the next time Git touches it
warning: in the working copy of 'node_modules/detect-node/package.json', LF will be replaced by CRLF the next time Git touches it
warning: in the working copy of 'node_modules/dir-compare/LICENSE', LF will be replaced by CRLF the next time Git touches it
warning: in the working copy of 'node_modules/dir-compare/README.md', LF will be replaced by CRLF the next time Git touches it
warning: in the working copy of 'node_modules/dir-compare/build/src/Entry/EntryBuilder.d.ts', LF will be replaced by CRLF the next time Git touches it
warning: in the working copy of 'node_modules/dir-compare/build/src/Entry/EntryBuilder.js', LF will be replaced by CRLF the next time Git touches it
warning: in the working copy of 'node_modules/dir-compare/build/src/Entry/EntryComparator.d.ts', LF will be replaced by CRLF the next time Git touches it
warning: in the working copy of 'node_modules/dir-compare/build/src/Entry/EntryComparator.js', LF will be replaced by CRLF the next time Git touches it
warning: in the working copy of 'node_modules/dir-compare/build/src/Entry/EntryEquality.d.ts', LF will be replaced by CRLF the next time Git touches it
warning: in the working copy of 'node_modules/dir-compare/build/src/Entry/EntryEquality.js', LF will be replaced by CRLF the next time Git touches it
warning: in the working copy of 'node_modules/dir-compare/build/src/Entry/EntryType.d.ts', LF will be replaced by CRLF the next time Git touches it
warning: in the working copy of 'node_modules/dir-compare/build/src/Entry/EntryType.js', LF will be replaced by CRLF the next time Git touches it
warning: in the working copy of 'node_modules/dir-compare/build/src/ExtOptions.d.ts', LF will be replaced by CRLF the next time Git touches it
warning: in the working copy of 'node_modules/dir-compare/build/src/ExtOptions.js', LF will be replaced by CRLF the next time Git touches it
warning: in the working copy of 'node_modules/dir-compare/build/src/FileCompareHandler/default/defaultFileCompare.d.ts', LF will be replaced by CRLF the next time Git touches it
warning: in the working copy of 'node_modules/dir-compare/build/src/FileCompareHandler/default/defaultFileCompare.js', LF will be replaced by CRLF the next time Git touches it
warning: in the working copy of 'node_modules/dir-compare/build/src/FileCompareHandler/lines/LineBasedCompareContext.d.ts', LF will be replaced by CRLF the next time Git touches it
warning: in the working copy of 'node_modules/dir-compare/build/src/FileCompareHandler/lines/LineBasedCompareContext.js', LF will be replaced by CRLF the next time Git touches it
warning: in the working copy of 'node_modules/dir-compare/build/src/FileCompareHandler/lines/compare/CompareLinesResult.d.ts', LF will be replaced by CRLF the next time Git touches it
warning: in the working copy of 'node_modules/dir-compare/build/src/FileCompareHandler/lines/compare/CompareLinesResult.js', LF will be replaced by CRLF the next time Git touches it
warning: in the working copy of 'node_modules/dir-compare/build/src/FileCompareHandler/lines/compare/compareLineBatches.d.ts', LF will be replaced by CRLF the next time Git touches it
warning: in the working copy of 'node_modules/dir-compare/build/src/FileCompareHandler/lines/compare/compareLineBatches.js', LF will be replaced by CRLF the next time Git touches it
warning: in the working copy of 'node_modules/dir-compare/build/src/FileCompareHandler/lines/compare/compareLines.d.ts', LF will be replaced by CRLF the next time Git touches it
warning: in the working copy of 'node_modules/dir-compare/build/src/FileCompareHandler/lines/compare/compareLines.js', LF will be replaced by CRLF the next time Git touches it
warning: in the working copy of 'node_modules/dir-compare/build/src/FileCompareHandler/lines/lineBasedCompareAsync.d.ts', LF will be replaced by CRLF the next time Git touches it
warning: in the working copy of 'node_modules/dir-compare/build/src/FileCompareHandler/lines/lineBasedCompareAsync.js', LF will be replaced by CRLF the next time Git touches it
warning: in the working copy of 'node_modules/dir-compare/build/src/FileCompareHandler/lines/lineBasedCompareSync.d.ts', LF will be replaced by CRLF the next time Git touches it
warning: in the working copy of 'node_modules/dir-compare/build/src/FileCompareHandler/lines/lineBasedCompareSync.js', LF will be replaced by CRLF the next time Git touches it
warning: in the working copy of 'node_modules/dir-compare/build/src/FileCompareHandler/lines/lineBasedFileCompare.d.ts', LF will be replaced by CRLF the next time Git touches it
warning: in the working copy of 'node_modules/dir-compare/build/src/FileCompareHandler/lines/lineBasedFileCompare.js', LF will be replaced by CRLF the next time Git touches it
warning: in the working copy of 'node_modules/dir-compare/build/src/FileCompareHandler/lines/lineReader/LineBatch.d.ts', LF will be replaced by CRLF the next time Git touches it
warning: in the working copy of 'node_modules/dir-compare/build/src/FileCompareHandler/lines/lineReader/LineBatch.js', LF will be replaced by CRLF the next time Git touches it
warning: in the working copy of 'node_modules/dir-compare/build/src/FileCompareHandler/lines/lineReader/readBufferedLines.d.ts', LF will be replaced by CRLF the next time Git touches it
warning: in the working copy of 'node_modules/dir-compare/build/src/FileCompareHandler/lines/lineReader/readBufferedLines.js', LF will be replaced by CRLF the next time Git touches it
warning: in the working copy of 'node_modules/dir-compare/build/src/FileSystem/BufferPool.d.ts', LF will be replaced by CRLF the next time Git touches it
warning: in the working copy of 'node_modules/dir-compare/build/src/FileSystem/BufferPool.js', LF will be replaced by CRLF the next time Git touches it
warning: in the working copy of 'node_modules/dir-compare/build/src/FileSystem/FileCloser.d.ts', LF will be replaced by CRLF the next time Git touches it
warning: in the working copy of 'node_modules/dir-compare/build/src/FileSystem/FileCloser.js', LF will be replaced by CRLF the next time Git touches it
warning: in the working copy of 'node_modules/dir-compare/build/src/FileSystem/FileDescriptorQueue.d.ts', LF will be replaced by CRLF the next time Git touches it
warning: in the working copy of 'node_modules/dir-compare/build/src/FileSystem/FileDescriptorQueue.js', LF will be replaced by CRLF the next time Git touches it
warning: in the working copy of 'node_modules/dir-compare/build/src/FileSystem/FsPromise.d.ts', LF will be replaced by CRLF the next time Git touches it
warning: in the working copy of 'node_modules/dir-compare/build/src/FileSystem/FsPromise.js', LF will be replaced by CRLF the next time Git touches it
warning: in the working copy of 'node_modules/dir-compare/build/src/FileSystem/Queue.d.ts', LF will be replaced by CRLF the next time Git touches it
warning: in the working copy of 'node_modules/dir-compare/build/src/FileSystem/Queue.js', LF will be replaced by CRLF the next time Git touches it
warning: in the working copy of 'node_modules/dir-compare/build/src/FilterHandler/defaultFilterHandler.d.ts', LF will be replaced by CRLF the next time Git touches it
warning: in the working copy of 'node_modules/dir-compare/build/src/FilterHandler/defaultFilterHandler.js', LF will be replaced by CRLF the next time Git touches it
warning: in the working copy of 'node_modules/dir-compare/build/src/NameCompare/StringCompareResult.d.ts', LF will be replaced by CRLF the next time Git touches it
warning: in the working copy of 'node_modules/dir-compare/build/src/NameCompare/StringCompareResult.js', LF will be replaced by CRLF the next time Git touches it
warning: in the working copy of 'node_modules/dir-compare/build/src/NameCompare/defaultNameCompare.d.ts', LF will be replaced by CRLF the next time Git touches it
warning: in the working copy of 'node_modules/dir-compare/build/src/NameCompare/defaultNameCompare.js', LF will be replaced by CRLF the next time Git touches it
warning: in the working copy of 'node_modules/dir-compare/build/src/NameCompare/fileBasedNameCompare.d.ts', LF will be replaced by CRLF the next time Git touches it
warning: in the working copy of 'node_modules/dir-compare/build/src/NameCompare/fileBasedNameCompare.js', LF will be replaced by CRLF the next time Git touches it
warning: in the working copy of 'node_modules/dir-compare/build/src/Permission/Permission.d.ts', LF will be replaced by CRLF the next time Git touches it
warning: in the working copy of 'node_modules/dir-compare/build/src/Permission/Permission.js', LF will be replaced by CRLF the next time Git touches it
warning: in the working copy of 'node_modules/dir-compare/build/src/ResultBuilder/defaultResultBuilderCallback.d.ts', LF will be replaced by CRLF the next time Git touches it
warning: in the working copy of 'node_modules/dir-compare/build/src/ResultBuilder/defaultResultBuilderCallback.js', LF will be replaced by CRLF the next time Git touches it
warning: in the working copy of 'node_modules/dir-compare/build/src/Statistics/StatisticsLifecycle.d.ts', LF will be replaced by CRLF the next time Git touches it
warning: in the working copy of 'node_modules/dir-compare/build/src/Statistics/StatisticsLifecycle.js', LF will be replaced by CRLF the next time Git touches it
warning: in the working copy of 'node_modules/dir-compare/build/src/Statistics/StatisticsUpdate.d.ts', LF will be replaced by CRLF the next time Git touches it
warning: in the working copy of 'node_modules/dir-compare/build/src/Statistics/StatisticsUpdate.js', LF will be replaced by CRLF the next time Git touches it
warning: in the working copy of 'node_modules/dir-compare/build/src/Symlink/LoopDetector.d.ts', LF will be replaced by CRLF the next time Git touches it
warning: in the working copy of 'node_modules/dir-compare/build/src/Symlink/LoopDetector.js', LF will be replaced by CRLF the next time Git touches it
warning: in the working copy of 'node_modules/dir-compare/build/src/compareAsync.d.ts', LF will be replaced by CRLF the next time Git touches it
warning: in the working copy of 'node_modules/dir-compare/build/src/compareAsync.js', LF will be replaced by CRLF the next time Git touches it
warning: in the working copy of 'node_modules/dir-compare/build/src/compareSync.d.ts', LF will be replaced by CRLF the next time Git touches it
warning: in the working copy of 'node_modules/dir-compare/build/src/compareSync.js', LF will be replaced by CRLF the next time Git touches it
warning: in the working copy of 'node_modules/dir-compare/build/src/index.d.ts', LF will be replaced by CRLF the next time Git touches it
warning: in the working copy of 'node_modules/dir-compare/build/src/index.js', LF will be replaced by CRLF the next time Git touches it
warning: in the working copy of 'node_modules/dir-compare/build/src/types.d.ts', LF will be replaced by CRLF the next time Git touches it
warning: in the working copy of 'node_modules/dir-compare/build/src/types.js', LF will be replaced by CRLF the next time Git touches it
warning: in the working copy of 'node_modules/dir-compare/node_modules/balanced-match/.github/FUNDING.yml', LF will be replaced by CRLF the next time Git touches it
warning: in the working copy of 'node_modules/dir-compare/node_modules/balanced-match/LICENSE.md', LF will be replaced by CRLF the next time Git touches it
warning: in the working copy of 'node_modules/dir-compare/node_modules/balanced-match/README.md', LF will be replaced by CRLF the next time Git touches it
warning: in the working copy of 'node_modules/dir-compare/node_modules/balanced-match/index.js', LF will be replaced by CRLF the next time Git touches it
warning: in the working copy of 'node_modules/dir-compare/node_modules/balanced-match/package.json', LF will be replaced by CRLF the next time Git touches it
warning: in the working copy of 'node_modules/dir-compare/node_modules/brace-expansion/LICENSE', LF will be replaced by CRLF the next time Git touches it
warning: in the working copy of 'node_modules/dir-compare/node_modules/brace-expansion/README.md', LF will be replaced by CRLF the next time Git touches it
warning: in the working copy of 'node_modules/dir-compare/node_modules/brace-expansion/index.js', LF will be replaced by CRLF the next time Git touches it
warning: in the working copy of 'node_modules/dir-compare/node_modules/brace-expansion/package.json', LF will be replaced by CRLF the next time Git touches it
warning: in the working copy of 'node_modules/dir-compare/node_modules/minimatch/LICENSE', LF will be replaced by CRLF the next time Git touches it
warning: in the working copy of 'node_modules/dir-compare/node_modules/minimatch/README.md', LF will be replaced by CRLF the next time Git touches it
warning: in the working copy of 'node_modules/dir-compare/node_modules/minimatch/minimatch.js', LF will be replaced by CRLF the next time Git touches it
warning: in the working copy of 'node_modules/dir-compare/node_modules/minimatch/package.json', LF will be replaced by CRLF the next time Git touches it
warning: in the working copy of 'node_modules/dir-compare/package.json', LF will be replaced by CRLF the next time Git touches it
warning: in the working copy of 'node_modules/dmg-builder/out/dmg.d.ts', LF will be replaced by CRLF the next time Git touches it
warning: in the working copy of 'node_modules/dmg-builder/out/dmg.js', LF will be replaced by CRLF the next time Git touches it
warning: in the working copy of 'node_modules/dmg-builder/out/dmgLicense.d.ts', LF will be replaced by CRLF the next time Git touches it
warning: in the working copy of 'node_modules/dmg-builder/out/dmgLicense.js', LF will be replaced by CRLF the next time Git touches it
warning: in the working copy of 'node_modules/dmg-builder/out/dmgUtil.d.ts', LF will be replaced by CRLF the next time Git touches it
warning: in the working copy of 'node_modules/dmg-builder/out/dmgUtil.js', LF will be replaced by CRLF the next time Git touches it
warning: in the working copy of 'node_modules/dmg-builder/out/hdiuil.d.ts', LF will be replaced by CRLF the next time Git touches it
warning: in the working copy of 'node_modules/dmg-builder/out/hdiuil.js', LF will be replaced by CRLF the next time Git touches it
warning: in the working copy of 'node_modules/dmg-builder/out/licenseButtons.d.ts', LF will be replaced by CRLF the next time Git touches it
warning: in the working copy of 'node_modules/dmg-builder/out/licenseButtons.js', LF will be replaced by CRLF the next time Git touches it
warning: in the working copy of 'node_modules/dmg-builder/package.json', LF will be replaced by CRLF the next time Git touches it
warning: in the working copy of 'node_modules/dmg-builder/readme.md', LF will be replaced by CRLF the next time Git touches it
warning: in the working copy of 'node_modules/dotenv-expand/CHANGELOG.md', LF will be replaced by CRLF the next time Git touches it
warning: in the working copy of 'node_modules/dotenv-expand/LICENSE', LF will be replaced by CRLF the next time Git touches it
warning: in the working copy of 'node_modules/dotenv-expand/README.md', LF will be replaced by CRLF the next time Git touches it
warning: in the working copy of 'node_modules/dotenv-expand/config.d.ts', LF will be replaced by CRLF the next time Git touches it
warning: in the working copy of 'node_modules/dotenv-expand/config.js', LF will be replaced by CRLF the next time Git touches it
warning: in the working copy of 'node_modules/dotenv-expand/lib/main.d.ts', LF will be replaced by CRLF the next time Git touches it
warning: in the working copy of 'node_modules/dotenv-expand/lib/main.js', LF will be replaced by CRLF the next time Git touches it
warning: in the working copy of 'node_modules/dotenv-expand/package.json', LF will be replaced by CRLF the next time Git touches it
warning: in the working copy of 'node_modules/dotenv-expand/tea.yaml', LF will be replaced by CRLF the next time Git touches it
warning: in the working copy of 'node_modules/dotenv/CHANGELOG.md', LF will be replaced by CRLF the next time Git touches it
warning: in the working copy of 'node_modules/dotenv/LICENSE', LF will be replaced by CRLF the next time Git touches it
warning: in the working copy of 'node_modules/dotenv/README-es.md', LF will be replaced by CRLF the next time Git touches it
warning: in the working copy of 'node_modules/dotenv/README.md', LF will be replaced by CRLF the next time Git touches it
warning: in the working copy of 'node_modules/dotenv/SECURITY.md', LF will be replaced by CRLF the next time Git touches it
warning: in the working copy of 'node_modules/dotenv/config.d.ts', LF will be replaced by CRLF the next time Git touches it
warning: in the working copy of 'node_modules/dotenv/config.js', LF will be replaced by CRLF the next time Git touches it
warning: in the working copy of 'node_modules/dotenv/lib/cli-options.js', LF will be replaced by CRLF the next time Git touches it
warning: in the working copy of 'node_modules/dotenv/lib/env-options.js', LF will be replaced by CRLF the next time Git touches it
warning: in the working copy of 'node_modules/dotenv/lib/main.d.ts', LF will be replaced by CRLF the next time Git touches it
warning: in the working copy of 'node_modules/dotenv/lib/main.js', LF will be replaced by CRLF the next time Git touches it
warning: in the working copy of 'node_modules/dotenv/package.json', LF will be replaced by CRLF the next time Git touches it
warning: in the working copy of 'node_modules/dunder-proto/.eslintrc', LF will be replaced by CRLF the next time Git touches it
warning: in the working copy of 'node_modules/dunder-proto/.github/FUNDING.yml', LF will be replaced by CRLF the next time Git touches it
warning: in the working copy of 'node_modules/dunder-proto/.nycrc', LF will be replaced by CRLF the next time Git touches it
warning: in the working copy of 'node_modules/dunder-proto/CHANGELOG.md', LF will be replaced by CRLF the next time Git touches it
warning: in the working copy of 'node_modules/dunder-proto/LICENSE', LF will be replaced by CRLF the next time Git touches it
warning: in the working copy of 'node_modules/dunder-proto/README.md', LF will be replaced by CRLF the next time Git touches it
warning: in the working copy of 'node_modules/dunder-proto/get.d.ts', LF will be replaced by CRLF the next time Git touches it
warning: in the working copy of 'node_modules/dunder-proto/get.js', LF will be replaced by CRLF the next time Git touches it
warning: in the working copy of 'node_modules/dunder-proto/package.json', LF will be replaced by CRLF the next time Git touches it
warning: in the working copy of 'node_modules/dunder-proto/set.d.ts', LF will be replaced by CRLF the next time Git touches it
warning: in the working copy of 'node_modules/dunder-proto/set.js', LF will be replaced by CRLF the next time Git touches it
warning: in the working copy of 'node_modules/dunder-proto/test/get.js', LF will be replaced by CRLF the next time Git touches it
warning: in the working copy of 'node_modules/dunder-proto/test/index.js', LF will be replaced by CRLF the next time Git touches it
warning: in the working copy of 'node_modules/dunder-proto/test/set.js', LF will be replaced by CRLF the next time Git touches it
warning: in the working copy of 'node_modules/dunder-proto/tsconfig.json', LF will be replaced by CRLF the next time Git touches it
warning: in the working copy of 'node_modules/duplexer2/LICENSE.md', LF will be replaced by CRLF the next time Git touches it
warning: in the working copy of 'node_modules/duplexer2/README.md', LF will be replaced by CRLF the next time Git touches it
warning: in the working copy of 'node_modules/duplexer2/index.js', LF will be replaced by CRLF the next time Git touches it
warning: in the working copy of 'node_modules/duplexer2/package.json', LF will be replaced by CRLF the next time Git touches it
warning: in the working copy of 'node_modules/ejs/LICENSE', LF will be replaced by CRLF the next time Git touches it
warning: in the working copy of 'node_modules/ejs/README.md', LF will be replaced by CRLF the next time Git touches it
warning: in the working copy of 'node_modules/ejs/bin/cli.js', LF will be replaced by CRLF the next time Git touches it
warning: in the working copy of 'node_modules/ejs/ejs.js', LF will be replaced by CRLF the next time Git touches it
warning: in the working copy of 'node_modules/ejs/ejs.min.js', LF will be replaced by CRLF the next time Git touches it
warning: in the working copy of 'node_modules/ejs/jakefile.js', LF will be replaced by CRLF the next time Git touches it
warning: in the working copy of 'node_modules/ejs/lib/ejs.js', LF will be replaced by CRLF the next time Git touches it
warning: in the working copy of 'node_modules/ejs/lib/utils.js', LF will be replaced by CRLF the next time Git touches it
warning: in the working copy of 'node_modules/ejs/package.json', LF will be replaced by CRLF the next time Git touches it
warning: in the working copy of 'node_modules/ejs/usage.txt', LF will be replaced by CRLF the next time Git touches it
warning: in the working copy of 'node_modules/electron-builder-squirrel-windows/LICENSE', LF will be replaced by CRLF the next time Git touches it
warning: in the working copy of 'node_modules/electron-builder-squirrel-windows/out/SquirrelWindowsTarget.d.ts', LF will be replaced by CRLF the next time Git touches it
warning: in the working copy of 'node_modules/electron-builder-squirrel-windows/out/SquirrelWindowsTarget.js', LF will be replaced by CRLF the next time Git touches it
warning: in the working copy of 'node_modules/electron-builder-squirrel-windows/package.json', LF will be replaced by CRLF the next time Git touches it
warning: in the working copy of 'node_modules/electron-builder-squirrel-windows/readme.md', LF will be replaced by CRLF the next time Git touches it
warning: in the working copy of 'node_modules/electron-builder/LICENSE', LF will be replaced by CRLF the next time Git touches it
warning: in the working copy of 'node_modules/electron-builder/cli.js', LF will be replaced by CRLF the next time Git touches it
warning: in the working copy of 'node_modules/electron-builder/install-app-deps.js', LF will be replaced by CRLF the next time Git touches it
warning: in the working copy of 'node_modules/electron-builder/out/builder.d.ts', LF will be replaced by CRLF the next time Git touches it
warning: in the working copy of 'node_modules/electron-builder/out/builder.js', LF will be replaced by CRLF the next time Git touches it
warning: in the working copy of 'node_modules/electron-builder/out/cli/clear-cache.d.ts', LF will be replaced by CRLF the next time Git touches it
warning: in the working copy of 'node_modules/electron-builder/out/cli/clear-cache.js', LF will be replaced by CRLF the next time Git touches it
warning: in the working copy of 'node_modules/electron-builder/out/cli/cli-util.d.ts', LF will be replaced by CRLF the next time Git touches it
warning: in the working copy of 'node_modules/electron-builder/out/cli/cli-util.js', LF will be replaced by CRLF the next time Git touches it
warning: in the working copy of 'node_modules/electron-builder/out/cli/cli.d.ts', LF will be replaced by CRLF the next time Git touches it
warning: in the working copy of 'node_modules/electron-builder/out/cli/cli.js', LF will be replaced by CRLF the next time Git touches it
warning: in the working copy of 'node_modules/electron-builder/out/cli/create-self-signed-cert.d.ts', LF will be replaced by CRLF the next time Git touches it
warning: in the working copy of 'node_modules/electron-builder/out/cli/create-self-signed-cert.js', LF will be replaced by CRLF the next time Git touches it
warning: in the working copy of 'node_modules/electron-builder/out/cli/install-app-deps.d.ts', LF will be replaced by CRLF the next time Git touches it
warning: in the working copy of 'node_modules/electron-builder/out/cli/install-app-deps.js', LF will be replaced by CRLF the next time Git touches it
warning: in the working copy of 'node_modules/electron-builder/out/cli/start.d.ts', LF will be replaced by CRLF the next time Git touches it
warning: in the working copy of 'node_modules/electron-builder/out/cli/start.js', LF will be replaced by CRLF the next time Git touches it
warning: in the working copy of 'node_modules/electron-builder/out/index.d.ts', LF will be replaced by CRLF the next time Git touches it
warning: in the working copy of 'node_modules/electron-builder/out/index.js', LF will be replaced by CRLF the next time Git touches it
warning: in the working copy of 'node_modules/electron-builder/out/publish.d.ts', LF will be replaced by CRLF the next time Git touches it
warning: in the working copy of 'node_modules/electron-builder/out/publish.js', LF will be replaced by CRLF the next time Git touches it
warning: in the working copy of 'node_modules/electron-builder/package.json', LF will be replaced by CRLF the next time Git touches it
warning: in the working copy of 'node_modules/electron-publish/LICENSE', LF will be replaced by CRLF the next time Git touches it
warning: in the working copy of 'node_modules/electron-publish/out/bitbucketPublisher.d.ts', LF will be replaced by CRLF the next time Git touches it
warning: in the working copy of 'node_modules/electron-publish/out/bitbucketPublisher.js', LF will be replaced by CRLF the next time Git touches it
warning: in the working copy of 'node_modules/electron-publish/out/gitHubPublisher.d.ts', LF will be replaced by CRLF the next time Git touches it
warning: in the working copy of 'node_modules/electron-publish/out/gitHubPublisher.js', LF will be replaced by CRLF the next time Git touches it
warning: in the working copy of 'node_modules/electron-publish/out/gitlabPublisher.d.ts', LF will be replaced by CRLF the next time Git touches it
warning: in the working copy of 'node_modules/electron-publish/out/gitlabPublisher.js', LF will be replaced by CRLF the next time Git touches it
warning: in the working copy of 'node_modules/electron-publish/out/httpPublisher.d.ts', LF will be replaced by CRLF the next time Git touches it
warning: in the working copy of 'node_modules/electron-publish/out/httpPublisher.js', LF will be replaced by CRLF the next time Git touches it
warning: in the working copy of 'node_modules/electron-publish/out/index.d.ts', LF will be replaced by CRLF the next time Git touches it
warning: in the working copy of 'node_modules/electron-publish/out/index.js', LF will be replaced by CRLF the next time Git touches it
warning: in the working copy of 'node_modules/electron-publish/out/keygenPublisher.d.ts', LF will be replaced by CRLF the next time Git touches it
warning: in the working copy of 'node_modules/electron-publish/out/keygenPublisher.js', LF will be replaced by CRLF the next time Git touches it
warning: in the working copy of 'node_modules/electron-publish/out/multiProgress.d.ts', LF will be replaced by CRLF the next time Git touches it
warning: in the working copy of 'node_modules/electron-publish/out/multiProgress.js', LF will be replaced by CRLF the next time Git touches it
warning: in the working copy of 'node_modules/electron-publish/out/progress.d.ts', LF will be replaced by CRLF the next time Git touches it
warning: in the working copy of 'node_modules/electron-publish/out/progress.js', LF will be replaced by CRLF the next time Git touches it
warning: in the working copy of 'node_modules/electron-publish/out/publisher.d.ts', LF will be replaced by CRLF the next time Git touches it
warning: in the working copy of 'node_modules/electron-publish/out/publisher.js', LF will be replaced by CRLF the next time Git touches it
warning: in the working copy of 'node_modules/electron-publish/out/s3/awsCredentials.d.ts', LF will be replaced by CRLF the next time Git touches it
warning: in the working copy of 'node_modules/electron-publish/out/s3/awsCredentials.js', LF will be replaced by CRLF the next time Git touches it
warning: in the working copy of 'node_modules/electron-publish/out/s3/baseS3Publisher.d.ts', LF will be replaced by CRLF the next time Git touches it
warning: in the working copy of 'node_modules/electron-publish/out/s3/baseS3Publisher.js', LF will be replaced by CRLF the next time Git touches it
warning: in the working copy of 'node_modules/electron-publish/out/s3/bucketLocation.d.ts', LF will be replaced by CRLF the next time Git touches it
warning: in the working copy of 'node_modules/electron-publish/out/s3/bucketLocation.js', LF will be replaced by CRLF the next time Git touches it
warning: in the working copy of 'node_modules/electron-publish/out/s3/s3Publisher.d.ts', LF will be replaced by CRLF the next time Git touches it
warning: in the working copy of 'node_modules/electron-publish/out/s3/s3Publisher.js', LF will be replaced by CRLF the next time Git touches it
warning: in the working copy of 'node_modules/electron-publish/out/s3/s3UploadHelper.d.ts', LF will be replaced by CRLF the next time Git touches it
warning: in the working copy of 'node_modules/electron-publish/out/s3/s3UploadHelper.js', LF will be replaced by CRLF the next time Git touches it
warning: in the working copy of 'node_modules/electron-publish/out/s3/spacesPublisher.d.ts', LF will be replaced by CRLF the next time Git touches it
warning: in the working copy of 'node_modules/electron-publish/out/s3/spacesPublisher.js', LF will be replaced by CRLF the next time Git touches it
warning: in the working copy of 'node_modules/electron-publish/out/snapStorePublisher.d.ts', LF will be replaced by CRLF the next time Git touches it
warning: in the working copy of 'node_modules/electron-publish/out/snapStorePublisher.js', LF will be replaced by CRLF the next time Git touches it
warning: in the working copy of 'node_modules/electron-publish/out/util.d.ts', LF will be replaced by CRLF the next time Git touches it
warning: in the working copy of 'node_modules/electron-publish/out/util.js', LF will be replaced by CRLF the next time Git touches it
warning: in the working copy of 'node_modules/electron-publish/package.json', LF will be replaced by CRLF the next time Git touches it
warning: in the working copy of 'node_modules/electron-publish/readme.md', LF will be replaced by CRLF the next time Git touches it
warning: in the working copy of 'node_modules/electron-winstaller/LICENSE', LF will be replaced by CRLF the next time Git touches it
warning: in the working copy of 'node_modules/electron-winstaller/README.md', LF will be replaced by CRLF the next time Git touches it
warning: in the working copy of 'node_modules/electron-winstaller/lib/index.d.ts', LF will be replaced by CRLF the next time Git touches it
warning: in the working copy of 'node_modules/electron-winstaller/lib/index.js', LF will be replaced by CRLF the next time Git touches it
warning: in the working copy of 'node_modules/electron-winstaller/lib/options.d.ts', LF will be replaced by CRLF the next time Git touches it
warning: in the working copy of 'node_modules/electron-winstaller/lib/options.js', LF will be replaced by CRLF the next time Git touches it
warning: in the working copy of 'node_modules/electron-winstaller/lib/sign.d.ts', LF will be replaced by CRLF the next time Git touches it
warning: in the working copy of 'node_modules/electron-winstaller/lib/sign.js', LF will be replaced by CRLF the next time Git touches it
warning: in the working copy of 'node_modules/electron-winstaller/lib/spawn-promise.d.ts', LF will be replaced by CRLF the next time Git touches it
warning: in the working copy of 'node_modules/electron-winstaller/lib/spawn-promise.js', LF will be replaced by CRLF the next time Git touches it
warning: in the working copy of 'node_modules/electron-winstaller/lib/temp-utils.d.ts', LF will be replaced by CRLF the next time Git touches it
warning: in the working copy of 'node_modules/electron-winstaller/lib/temp-utils.js', LF will be replaced by CRLF the next time Git touches it
warning: in the working copy of 'node_modules/electron-winstaller/node_modules/fs-extra/CHANGELOG.md', LF will be replaced by CRLF the next time Git touches it
warning: in the working copy of 'node_modules/electron-winstaller/node_modules/fs-extra/LICENSE', LF will be replaced by CRLF the next time Git touches it
warning: in the working copy of 'node_modules/electron-winstaller/node_modules/fs-extra/README.md', LF will be replaced by CRLF the next time Git touches it
warning: in the working copy of 'node_modules/electron-winstaller/node_modules/fs-extra/lib/copy-sync/copy-sync.js', LF will be replaced by CRLF the next time Git touches it
warning: in the working copy of 'node_modules/electron-winstaller/node_modules/fs-extra/lib/copy-sync/index.js', LF will be replaced by CRLF the next time Git touches it
warning: in the working copy of 'node_modules/electron-winstaller/node_modules/fs-extra/lib/copy/copy.js', LF will be replaced by CRLF the next time Git touches it
warning: in the working copy of 'node_modules/electron-winstaller/node_modules/fs-extra/lib/copy/index.js', LF will be replaced by CRLF the next time Git touches it
warning: in the working copy of 'node_modules/electron-winstaller/node_modules/fs-extra/lib/empty/index.js', LF will be replaced by CRLF the next time Git touches it
warning: in the working copy of 'node_modules/electron-winstaller/node_modules/fs-extra/lib/ensure/file.js', LF will be replaced by CRLF the next time Git touches it
warning: in the working copy of 'node_modules/electron-winstaller/node_modules/fs-extra/lib/ensure/index.js', LF will be replaced by CRLF the next time Git touches it
warning: in the working copy of 'node_modules/electron-winstaller/node_modules/fs-extra/lib/ensure/link.js', LF will be replaced by CRLF the next time Git touches it
warning: in the working copy of 'node_modules/electron-winstaller/node_modules/fs-extra/lib/ensure/symlink-paths.js', LF will be replaced by CRLF the next time Git touches it
warning: in the working copy of 'node_modules/electron-winstaller/node_modules/fs-extra/lib/ensure/symlink-type.js', LF will be replaced by CRLF the next time Git touches it
warning: in the working copy of 'node_modules/electron-winstaller/node_modules/fs-extra/lib/ensure/symlink.js', LF will be replaced by CRLF the next time Git touches it
warning: in the working copy of 'node_modules/electron-winstaller/node_modules/fs-extra/lib/fs/index.js', LF will be replaced by CRLF the next time Git touches it
warning: in the working copy of 'node_modules/electron-winstaller/node_modules/fs-extra/lib/index.js', LF will be replaced by CRLF the next time Git touches it
warning: in the working copy of 'node_modules/electron-winstaller/node_modules/fs-extra/lib/json/index.js', LF will be replaced by CRLF the next time Git touches it
warning: in the working copy of 'node_modules/electron-winstaller/node_modules/fs-extra/lib/json/jsonfile.js', LF will be replaced by CRLF the next time Git touches it
warning: in the working copy of 'node_modules/electron-winstaller/node_modules/fs-extra/lib/json/output-json-sync.js', LF will be replaced by CRLF the next time Git touches it
warning: in the working copy of 'node_modules/electron-winstaller/node_modules/fs-extra/lib/json/output-json.js', LF will be replaced by CRLF the next time Git touches it
warning: in the working copy of 'node_modules/electron-winstaller/node_modules/fs-extra/lib/mkdirs/index.js', LF will be replaced by CRLF the next time Git touches it
warning: in the working copy of 'node_modules/electron-winstaller/node_modules/fs-extra/lib/mkdirs/mkdirs-sync.js', LF will be replaced by CRLF the next time Git touches it
warning: in the working copy of 'node_modules/electron-winstaller/node_modules/fs-extra/lib/mkdirs/mkdirs.js', LF will be replaced by CRLF the next time Git touches it
warning: in the working copy of 'node_modules/electron-winstaller/node_modules/fs-extra/lib/mkdirs/win32.js', LF will be replaced by CRLF the next time Git touches it
warning: in the working copy of 'node_modules/electron-winstaller/node_modules/fs-extra/lib/move-sync/index.js', LF will be replaced by CRLF the next time Git touches it
warning: in the working copy of 'node_modules/electron-winstaller/node_modules/fs-extra/lib/move/index.js', LF will be replaced by CRLF the next time Git touches it
warning: in the working copy of 'node_modules/electron-winstaller/node_modules/fs-extra/lib/output/index.js', LF will be replaced by CRLF the next time Git touches it
warning: in the working copy of 'node_modules/electron-winstaller/node_modules/fs-extra/lib/path-exists/index.js', LF will be replaced by CRLF the next time Git touches it
warning: in the working copy of 'node_modules/electron-winstaller/node_modules/fs-extra/lib/remove/index.js', LF will be replaced by CRLF the next time Git touches it
warning: in the working copy of 'node_modules/electron-winstaller/node_modules/fs-extra/lib/remove/rimraf.js', LF will be replaced by CRLF the next time Git touches it
warning: in the working copy of 'node_modules/electron-winstaller/node_modules/fs-extra/lib/util/buffer.js', LF will be replaced by CRLF the next time Git touches it
warning: in the working copy of 'node_modules/electron-winstaller/node_modules/fs-extra/lib/util/utimes.js', LF will be replaced by CRLF the next time Git touches it
warning: in the working copy of 'node_modules/electron-winstaller/node_modules/fs-extra/package.json', LF will be replaced by CRLF the next time Git touches it
warning: in the working copy of 'node_modules/electron-winstaller/node_modules/jsonfile/CHANGELOG.md', LF will be replaced by CRLF the next time Git touches it
warning: in the working copy of 'node_modules/electron-winstaller/node_modules/jsonfile/LICENSE', LF will be replaced by CRLF the next time Git touches it
warning: in the working copy of 'node_modules/electron-winstaller/node_modules/jsonfile/README.md', LF will be replaced by CRLF the next time Git touches it
warning: in the working copy of 'node_modules/electron-winstaller/node_modules/jsonfile/index.js', LF will be replaced by CRLF the next time Git touches it
warning: in the working copy of 'node_modules/electron-winstaller/node_modules/jsonfile/package.json', LF will be replaced by CRLF the next time Git touches it
warning: in the working copy of 'node_modules/electron-winstaller/node_modules/universalify/LICENSE', LF will be replaced by CRLF the next time Git touches it
warning: in the working copy of 'node_modules/electron-winstaller/node_modules/universalify/README.md', LF will be replaced by CRLF the next time Git touches it
warning: in the working copy of 'node_modules/electron-winstaller/node_modules/universalify/index.js', LF will be replaced by CRLF the next time Git touches it
warning: in the working copy of 'node_modules/electron-winstaller/node_modules/universalify/package.json', LF will be replaced by CRLF the next time Git touches it
warning: in the working copy of 'node_modules/electron-winstaller/package.json', LF will be replaced by CRLF the next time Git touches it
warning: in the working copy of 'node_modules/electron-winstaller/script/select-7z-arch.js', LF will be replaced by CRLF the next time Git touches it
warning: in the working copy of 'node_modules/electron-winstaller/template.nuspectemplate', LF will be replaced by CRLF the next time Git touches it
warning: in the working copy of 'node_modules/electron-winstaller/vendor/candle.exe.config', LF will be replaced by CRLF the next time Git touches it
warning: in the working copy of 'node_modules/electron-winstaller/vendor/light.exe.config', LF will be replaced by CRLF the next time Git touches it
warning: in the working copy of 'node_modules/electron-winstaller/vendor/template.wxs', LF will be replaced by CRLF the next time Git touches it
warning: in the working copy of 'node_modules/electron/LICENSE', LF will be replaced by CRLF the next time Git touches it
warning: in the working copy of 'node_modules/electron/README.md', LF will be replaced by CRLF the next time Git touches it
warning: in the working copy of 'node_modules/electron/checksums.json', LF will be replaced by CRLF the next time Git touches it
warning: in the working copy of 'node_modules/electron/cli.js', LF will be replaced by CRLF the next time Git touches it
warning: in the working copy of 'node_modules/electron/electron.d.ts', LF will be replaced by CRLF the next time Git touches it
warning: in the working copy of 'node_modules/electron/index.js', LF will be replaced by CRLF the next time Git touches it
warning: in the working copy of 'node_modules/electron/install.js', LF will be replaced by CRLF the next time Git touches it
warning: in the working copy of 'node_modules/electron/package.json', LF will be replaced by CRLF the next time Git touches it
warning: in the working copy of 'node_modules/emoji-regex/LICENSE-MIT.txt', LF will be replaced by CRLF the next time Git touches it
warning: in the working copy of 'node_modules/emoji-regex/README.md', LF will be replaced by CRLF the next time Git touches it
warning: in the working copy of 'node_modules/emoji-regex/es2015/index.js', LF will be replaced by CRLF the next time Git touches it
warning: in the working copy of 'node_modules/emoji-regex/es2015/text.js', LF will be replaced by CRLF the next time Git touches it
warning: in the working copy of 'node_modules/emoji-regex/index.d.ts', LF will be replaced by CRLF the next time Git touches it
warning: in the working copy of 'node_modules/emoji-regex/index.js', LF will be replaced by CRLF the next time Git touches it
warning: in the working copy of 'node_modules/emoji-regex/package.json', LF will be replaced by CRLF the next time Git touches it
warning: in the working copy of 'node_modules/emoji-regex/text.js', LF will be replaced by CRLF the next time Git touches it
warning: in the working copy of 'node_modules/end-of-stream/LICENSE', LF will be replaced by CRLF the next time Git touches it
warning: in the working copy of 'node_modules/end-of-stream/README.md', LF will be replaced by CRLF the next time Git touches it
warning: in the working copy of 'node_modules/end-of-stream/index.js', LF will be replaced by CRLF the next time Git touches it
warning: in the working copy of 'node_modules/end-of-stream/package.json', LF will be replaced by CRLF the next time Git touches it
warning: in the working copy of 'node_modules/env-paths/index.d.ts', LF will be replaced by CRLF the next time Git touches it
warning: in the working copy of 'node_modules/env-paths/index.js', LF will be replaced by CRLF the next time Git touches it
warning: in the working copy of 'node_modules/env-paths/license', LF will be replaced by CRLF the next time Git touches it
warning: in the working copy of 'node_modules/env-paths/package.json', LF will be replaced by CRLF the next time Git touches it
warning: in the working copy of 'node_modules/env-paths/readme.md', LF will be replaced by CRLF the next time Git touches it
warning: in the working copy of 'node_modules/err-code/.editorconfig', LF will be replaced by CRLF the next time Git touches it
warning: in the working copy of 'node_modules/err-code/.eslintrc.json', LF will be replaced by CRLF the next time Git touches it
warning: in the working copy of 'node_modules/err-code/.travis.yml', LF will be replaced by CRLF the next time Git touches it
warning: in the working copy of 'node_modules/err-code/README.md', LF will be replaced by CRLF the next time Git touches it
warning: in the working copy of 'node_modules/err-code/bower.json', LF will be replaced by CRLF the next time Git touches it
warning: in the working copy of 'node_modules/err-code/index.js', LF will be replaced by CRLF the next time Git touches it
warning: in the working copy of 'node_modules/err-code/index.umd.js', LF will be replaced by CRLF the next time Git touches it
warning: in the working copy of 'node_modules/err-code/package.json', LF will be replaced by CRLF the next time Git touches it
warning: in the working copy of 'node_modules/err-code/test/.eslintrc.json', LF will be replaced by CRLF the next time Git touches it
warning: in the working copy of 'node_modules/err-code/test/test.js', LF will be replaced by CRLF the next time Git touches it
warning: in the working copy of 'node_modules/es-define-property/.eslintrc', LF will be replaced by CRLF the next time Git touches it
warning: in the working copy of 'node_modules/es-define-property/.github/FUNDING.yml', LF will be replaced by CRLF the next time Git touches it
warning: in the working copy of 'node_modules/es-define-property/.nycrc', LF will be replaced by CRLF the next time Git touches it
warning: in the working copy of 'node_modules/es-define-property/CHANGELOG.md', LF will be replaced by CRLF the next time Git touches it
warning: in the working copy of 'node_modules/es-define-property/LICENSE', LF will be replaced by CRLF the next time Git touches it
warning: in the working copy of 'node_modules/es-define-property/README.md', LF will be replaced by CRLF the next time Git touches it
warning: in the working copy of 'node_modules/es-define-property/index.d.ts', LF will be replaced by CRLF the next time Git touches it
warning: in the working copy of 'node_modules/es-define-property/index.js', LF will be replaced by CRLF the next time Git touches it
warning: in the working copy of 'node_modules/es-define-property/package.json', LF will be replaced by CRLF the next time Git touches it
warning: in the working copy of 'node_modules/es-define-property/test/index.js', LF will be replaced by CRLF the next time Git touches it
warning: in the working copy of 'node_modules/es-define-property/tsconfig.json', LF will be replaced by CRLF the next time Git touches it
warning: in the working copy of 'node_modules/es-errors/.eslintrc', LF will be replaced by CRLF the next time Git touches it
warning: in the working copy of 'node_modules/es-errors/.github/FUNDING.yml', LF will be replaced by CRLF the next time Git touches it
warning: in the working copy of 'node_modules/es-errors/CHANGELOG.md', LF will be replaced by CRLF the next time Git touches it
warning: in the working copy of 'node_modules/es-errors/LICENSE', LF will be replaced by CRLF the next time Git touches it
warning: in the working copy of 'node_modules/es-errors/README.md', LF will be replaced by CRLF the next time Git touches it
warning: in the working copy of 'node_modules/es-errors/eval.d.ts', LF will be replaced by CRLF the next time Git touches it
warning: in the working copy of 'node_modules/es-errors/eval.js', LF will be replaced by CRLF the next time Git touches it
warning: in the working copy of 'node_modules/es-errors/index.d.ts', LF will be replaced by CRLF the next time Git touches it
warning: in the working copy of 'node_modules/es-errors/index.js', LF will be replaced by CRLF the next time Git touches it
warning: in the working copy of 'node_modules/es-errors/package.json', LF will be replaced by CRLF the next time Git touches it
warning: in the working copy of 'node_modules/es-errors/range.d.ts', LF will be replaced by CRLF the next time Git touches it
warning: in the working copy of 'node_modules/es-errors/range.js', LF will be replaced by CRLF the next time Git touches it
warning: in the working copy of 'node_modules/es-errors/ref.d.ts', LF will be replaced by CRLF the next time Git touches it
warning: in the working copy of 'node_modules/es-errors/ref.js', LF will be replaced by CRLF the next time Git touches it
warning: in the working copy of 'node_modules/es-errors/syntax.d.ts', LF will be replaced by CRLF the next time Git touches it
warning: in the working copy of 'node_modules/es-errors/syntax.js', LF will be replaced by CRLF the next time Git touches it
warning: in the working copy of 'node_modules/es-errors/test/index.js', LF will be replaced by CRLF the next time Git touches it
warning: in the working copy of 'node_modules/es-errors/tsconfig.json', LF will be replaced by CRLF the next time Git touches it
warning: in the working copy of 'node_modules/es-errors/type.d.ts', LF will be replaced by CRLF the next time Git touches it
warning: in the working copy of 'node_modules/es-errors/type.js', LF will be replaced by CRLF the next time Git touches it
warning: in the working copy of 'node_modules/es-errors/uri.d.ts', LF will be replaced by CRLF the next time Git touches it
warning: in the working copy of 'node_modules/es-errors/uri.js', LF will be replaced by CRLF the next time Git touches it
warning: in the working copy of 'node_modules/es-object-atoms/.eslintrc', LF will be replaced by CRLF the next time Git touches it
warning: in the working copy of 'node_modules/es-object-atoms/.github/FUNDING.yml', LF will be replaced by CRLF the next time Git touches it
warning: in the working copy of 'node_modules/es-object-atoms/CHANGELOG.md', LF will be replaced by CRLF the next time Git touches it
warning: in the working copy of 'node_modules/es-object-atoms/LICENSE', LF will be replaced by CRLF the next time Git touches it
warning: in the working copy of 'node_modules/es-object-atoms/README.md', LF will be replaced by CRLF the next time Git touches it
warning: in the working copy of 'node_modules/es-object-atoms/RequireObjectCoercible.d.ts', LF will be replaced by CRLF the next time Git touches it
warning: in the working copy of 'node_modules/es-object-atoms/RequireObjectCoercible.js', LF will be replaced by CRLF the next time Git touches it
warning: in the working copy of 'node_modules/es-object-atoms/ToObject.d.ts', LF will be replaced by CRLF the next time Git touches it
warning: in the working copy of 'node_modules/es-object-atoms/ToObject.js', LF will be replaced by CRLF the next time Git touches it
warning: in the working copy of 'node_modules/es-object-atoms/index.d.ts', LF will be replaced by CRLF the next time Git touches it
warning: in the working copy of 'node_modules/es-object-atoms/index.js', LF will be replaced by CRLF the next time Git touches it
warning: in the working copy of 'node_modules/es-object-atoms/isObject.d.ts', LF will be replaced by CRLF the next time Git touches it
warning: in the working copy of 'node_modules/es-object-atoms/isObject.js', LF will be replaced by CRLF the next time Git touches it
warning: in the working copy of 'node_modules/es-object-atoms/package.json', LF will be replaced by CRLF the next time Git touches it
warning: in the working copy of 'node_modules/es-object-atoms/test/index.js', LF will be replaced by CRLF the next time Git touches it
warning: in the working copy of 'node_modules/es-object-atoms/tsconfig.json', LF will be replaced by CRLF the next time Git touches it
warning: in the working copy of 'node_modules/es-set-tostringtag/.eslintrc', LF will be replaced by CRLF the next time Git touches it
warning: in the working copy of 'node_modules/es-set-tostringtag/.nycrc', LF will be replaced by CRLF the next time Git touches it
warning: in the working copy of 'node_modules/es-set-tostringtag/CHANGELOG.md', LF will be replaced by CRLF the next time Git touches it
warning: in the working copy of 'node_modules/es-set-tostringtag/LICENSE', LF will be replaced by CRLF the next time Git touches it
warning: in the working copy of 'node_modules/es-set-tostringtag/README.md', LF will be replaced by CRLF the next time Git touches it
warning: in the working copy of 'node_modules/es-set-tostringtag/index.d.ts', LF will be replaced by CRLF the next time Git touches it
warning: in the working copy of 'node_modules/es-set-tostringtag/index.js', LF will be replaced by CRLF the next time Git touches it
warning: in the working copy of 'node_modules/es-set-tostringtag/package.json', LF will be replaced by CRLF the next time Git touches it
warning: in the working copy of 'node_modules/es-set-tostringtag/test/index.js', LF will be replaced by CRLF the next time Git touches it
warning: in the working copy of 'node_modules/es-set-tostringtag/tsconfig.json', LF will be replaced by CRLF the next time Git touches it
warning: in the working copy of 'node_modules/es6-error/CHANGELOG.md', LF will be replaced by CRLF the next time Git touches it
warning: in the working copy of 'node_modules/es6-error/LICENSE.md', LF will be replaced by CRLF the next time Git touches it
warning: in the working copy of 'node_modules/es6-error/README.md', LF will be replaced by CRLF the next time Git touches it
warning: in the working copy of 'node_modules/es6-error/es6/index.js', LF will be replaced by CRLF the next time Git touches it
warning: in the working copy of 'node_modules/es6-error/lib/index.js', LF will be replaced by CRLF the next time Git touches it
warning: in the working copy of 'node_modules/es6-error/package.json', LF will be replaced by CRLF the next time Git touches it
warning: in the working copy of 'node_modules/es6-error/typings/index.d.ts', LF will be replaced by CRLF the next time Git touches it
warning: in the working copy of 'node_modules/escalade/dist/index.js', LF will be replaced by CRLF the next time Git touches it
warning: in the working copy of 'node_modules/escalade/dist/index.mjs', LF will be replaced by CRLF the next time Git touches it
warning: in the working copy of 'node_modules/escalade/index.d.mts', LF will be replaced by CRLF the next time Git touches it
warning: in the working copy of 'node_modules/escalade/index.d.ts', LF will be replaced by CRLF the next time Git touches it
warning: in the working copy of 'node_modules/escalade/license', LF will be replaced by CRLF the next time Git touches it
warning: in the working copy of 'node_modules/escalade/package.json', LF will be replaced by CRLF the next time Git touches it
warning: in the working copy of 'node_modules/escalade/readme.md', LF will be replaced by CRLF the next time Git touches it
warning: in the working copy of 'node_modules/escalade/sync/index.d.mts', LF will be replaced by CRLF the next time Git touches it
warning: in the working copy of 'node_modules/escalade/sync/index.d.ts', LF will be replaced by CRLF the next time Git touches it
warning: in the working copy of 'node_modules/escalade/sync/index.js', LF will be replaced by CRLF the next time Git touches it
warning: in the working copy of 'node_modules/escalade/sync/index.mjs', LF will be replaced by CRLF the next time Git touches it
warning: in the working copy of 'node_modules/escape-string-regexp/index.d.ts', LF will be replaced by CRLF the next time Git touches it
warning: in the working copy of 'node_modules/escape-string-regexp/index.js', LF will be replaced by CRLF the next time Git touches it
warning: in the working copy of 'node_modules/escape-string-regexp/license', LF will be replaced by CRLF the next time Git touches it
warning: in the working copy of 'node_modules/escape-string-regexp/package.json', LF will be replaced by CRLF the next time Git touches it
warning: in the working copy of 'node_modules/escape-string-regexp/readme.md', LF will be replaced by CRLF the next time Git touches it
warning: in the working copy of 'node_modules/exponential-backoff/LICENSE', LF will be replaced by CRLF the next time Git touches it
warning: in the working copy of 'node_modules/exponential-backoff/README.md', LF will be replaced by CRLF the next time Git touches it
warning: in the working copy of 'node_modules/exponential-backoff/dist/backoff.d.ts', LF will be replaced by CRLF the next time Git touches it
warning: in the working copy of 'node_modules/exponential-backoff/dist/backoff.js', LF will be replaced by CRLF the next time Git touches it
warning: in the working copy of 'node_modules/exponential-backoff/dist/delay/always/always.delay.d.ts', LF will be replaced by CRLF the next time Git touches it
warning: in the working copy of 'node_modules/exponential-backoff/dist/delay/always/always.delay.js', LF will be replaced by CRLF the next time Git touches it
warning: in the working copy of 'node_modules/exponential-backoff/dist/delay/delay.base.d.ts', LF will be replaced by CRLF the next time Git touches it
warning: in the working copy of 'node_modules/exponential-backoff/dist/delay/delay.base.js', LF will be replaced by CRLF the next time Git touches it
warning: in the working copy of 'node_modules/exponential-backoff/dist/delay/delay.factory.d.ts', LF will be replaced by CRLF the next time Git touches it
warning: in the working copy of 'node_modules/exponential-backoff/dist/delay/delay.factory.js', LF will be replaced by CRLF the next time Git touches it
warning: in the working copy of 'node_modules/exponential-backoff/dist/delay/delay.interface.d.ts', LF will be replaced by CRLF the next time Git touches it
warning: in the working copy of 'node_modules/exponential-backoff/dist/delay/delay.interface.js', LF will be replaced by CRLF the next time Git touches it
warning: in the working copy of 'node_modules/exponential-backoff/dist/delay/skip-first/skip-first.delay.d.ts', LF will be replaced by CRLF the next time Git touches it
warning: in the working copy of 'node_modules/exponential-backoff/dist/delay/skip-first/skip-first.delay.js', LF will be replaced by CRLF the next time Git touches it
warning: in the working copy of 'node_modules/exponential-backoff/dist/jitter/full/full.jitter.d.ts', LF will be replaced by CRLF the next time Git touches it
warning: in the working copy of 'node_modules/exponential-backoff/dist/jitter/full/full.jitter.js', LF will be replaced by CRLF the next time Git touches it
warning: in the working copy of 'node_modules/exponential-backoff/dist/jitter/jitter.factory.d.ts', LF will be replaced by CRLF the next time Git touches it
warning: in the working copy of 'node_modules/exponential-backoff/dist/jitter/jitter.factory.js', LF will be replaced by CRLF the next time Git touches it
warning: in the working copy of 'node_modules/exponential-backoff/dist/jitter/no/no.jitter.d.ts', LF will be replaced by CRLF the next time Git touches it
warning: in the working copy of 'node_modules/exponential-backoff/dist/jitter/no/no.jitter.js', LF will be replaced by CRLF the next time Git touches it
warning: in the working copy of 'node_modules/exponential-backoff/dist/options.d.ts', LF will be replaced by CRLF the next time Git touches it
warning: in the working copy of 'node_modules/exponential-backoff/dist/options.js', LF will be replaced by CRLF the next time Git touches it
warning: in the working copy of 'node_modules/exponential-backoff/package.json', LF will be replaced by CRLF the next time Git touches it
warning: in the working copy of 'node_modules/exponential-backoff/src/backoff.spec.ts', LF will be replaced by CRLF the next time Git touches it
warning: in the working copy of 'node_modules/exponential-backoff/src/backoff.ts', LF will be replaced by CRLF the next time Git touches it
warning: in the working copy of 'node_modules/exponential-backoff/src/delay/always/always.delay.spec.ts', LF will be replaced by CRLF the next time Git touches it
warning: in the working copy of 'node_modules/exponential-backoff/src/delay/always/always.delay.ts', LF will be replaced by CRLF the next time Git touches it
warning: in the working copy of 'node_modules/exponential-backoff/src/delay/delay.base.ts', LF will be replaced by CRLF the next time Git touches it
warning: in the working copy of 'node_modules/exponential-backoff/src/delay/delay.factory.ts', LF will be replaced by CRLF the next time Git touches it
warning: in the working copy of 'node_modules/exponential-backoff/src/delay/delay.interface.ts', LF will be replaced by CRLF the next time Git touches it
warning: in the working copy of 'node_modules/exponential-backoff/src/delay/skip-first/skip-first.delay.ts', LF will be replaced by CRLF the next time Git touches it
warning: in the working copy of 'node_modules/exponential-backoff/src/jitter/full/full.jitter.spec.ts', LF will be replaced by CRLF the next time Git touches it
warning: in the working copy of 'node_modules/exponential-backoff/src/jitter/full/full.jitter.ts', LF will be replaced by CRLF the next time Git touches it
warning: in the working copy of 'node_modules/exponential-backoff/src/jitter/jitter.factory.ts', LF will be replaced by CRLF the next time Git touches it
warning: in the working copy of 'node_modules/exponential-backoff/src/jitter/no/no.jitter.spec.ts', LF will be replaced by CRLF the next time Git touches it
warning: in the working copy of 'node_modules/exponential-backoff/src/jitter/no/no.jitter.ts', LF will be replaced by CRLF the next time Git touches it
warning: in the working copy of 'node_modules/exponential-backoff/src/options.ts', LF will be replaced by CRLF the next time Git touches it
warning: in the working copy of 'node_modules/fast-deep-equal/LICENSE', LF will be replaced by CRLF the next time Git touches it
warning: in the working copy of 'node_modules/fast-deep-equal/README.md', LF will be replaced by CRLF the next time Git touches it
warning: in the working copy of 'node_modules/fast-deep-equal/es6/index.d.ts', LF will be replaced by CRLF the next time Git touches it
warning: in the working copy of 'node_modules/fast-deep-equal/es6/index.js', LF will be replaced by CRLF the next time Git touches it
warning: in the working copy of 'node_modules/fast-deep-equal/es6/react.d.ts', LF will be replaced by CRLF the next time Git touches it
warning: in the working copy of 'node_modules/fast-deep-equal/es6/react.js', LF will be replaced by CRLF the next time Git touches it
warning: in the working copy of 'node_modules/fast-deep-equal/index.d.ts', LF will be replaced by CRLF the next time Git touches it
warning: in the working copy of 'node_modules/fast-deep-equal/index.js', LF will be replaced by CRLF the next time Git touches it
warning: in the working copy of 'node_modules/fast-deep-equal/package.json', LF will be replaced by CRLF the next time Git touches it
warning: in the working copy of 'node_modules/fast-deep-equal/react.d.ts', LF will be replaced by CRLF the next time Git touches it
warning: in the working copy of 'node_modules/fast-deep-equal/react.js', LF will be replaced by CRLF the next time Git touches it
warning: in the working copy of 'node_modules/fdir/LICENSE', LF will be replaced by CRLF the next time Git touches it
warning: in the working copy of 'node_modules/fdir/README.md', LF will be replaced by CRLF the next time Git touches it
warning: in the working copy of 'node_modules/fdir/dist/index.cjs', LF will be replaced by CRLF the next time Git touches it
warning: in the working copy of 'node_modules/fdir/dist/index.d.cts', LF will be replaced by CRLF the next time Git touches it
warning: in the working copy of 'node_modules/fdir/dist/index.d.mts', LF will be replaced by CRLF the next time Git touches it
warning: in the working copy of 'node_modules/fdir/dist/index.mjs', LF will be replaced by CRLF the next time Git touches it
warning: in the working copy of 'node_modules/fdir/package.json', LF will be replaced by CRLF the next time Git touches it
warning: in the working copy of 'node_modules/filelist/README.md', LF will be replaced by CRLF the next time Git touches it
warning: in the working copy of 'node_modules/filelist/index.d.ts', LF will be replaced by CRLF the next time Git touches it
warning: in the working copy of 'node_modules/filelist/index.js', LF will be replaced by CRLF the next time Git touches it
warning: in the working copy of 'node_modules/filelist/jakefile.js', LF will be replaced by CRLF the next time Git touches it
warning: in the working copy of 'node_modules/filelist/node_modules/balanced-match/.github/FUNDING.yml', LF will be replaced by CRLF the next time Git touches it
warning: in the working copy of 'node_modules/filelist/node_modules/balanced-match/LICENSE.md', LF will be replaced by CRLF the next time Git touches it
warning: in the working copy of 'node_modules/filelist/node_modules/balanced-match/README.md', LF will be replaced by CRLF the next time Git touches it
warning: in the working copy of 'node_modules/filelist/node_modules/balanced-match/index.js', LF will be replaced by CRLF the next time Git touches it
warning: in the working copy of 'node_modules/filelist/node_modules/balanced-match/package.json', LF will be replaced by CRLF the next time Git touches it
warning: in the working copy of 'node_modules/filelist/node_modules/brace-expansion/.github/FUNDING.yml', LF will be replaced by CRLF the next time Git touches it
warning: in the working copy of 'node_modules/filelist/node_modules/brace-expansion/LICENSE', LF will be replaced by CRLF the next time Git touches it
warning: in the working copy of 'node_modules/filelist/node_modules/brace-expansion/README.md', LF will be replaced by CRLF the next time Git touches it
warning: in the working copy of 'node_modules/filelist/node_modules/brace-expansion/index.js', LF will be replaced by CRLF the next time Git touches it
warning: in the working copy of 'node_modules/filelist/node_modules/brace-expansion/package.json', LF will be replaced by CRLF the next time Git touches it
warning: in the working copy of 'node_modules/filelist/node_modules/minimatch/LICENSE', LF will be replaced by CRLF the next time Git touches it
warning: in the working copy of 'node_modules/filelist/node_modules/minimatch/README.md', LF will be replaced by CRLF the next time Git touches it
warning: in the working copy of 'node_modules/filelist/node_modules/minimatch/changelog.md', LF will be replaced by CRLF the next time Git touches it
warning: in the working copy of 'node_modules/filelist/node_modules/minimatch/lib/path.js', LF will be replaced by CRLF the next time Git touches it
warning: in the working copy of 'node_modules/filelist/node_modules/minimatch/minimatch.js', LF will be replaced by CRLF the next time Git touches it
warning: in the working copy of 'node_modules/filelist/node_modules/minimatch/package.json', LF will be replaced by CRLF the next time Git touches it
warning: in the working copy of 'node_modules/filelist/package.json', LF will be replaced by CRLF the next time Git touches it
warning: in the working copy of 'node_modules/form-data/CHANGELOG.md', LF will be replaced by CRLF the next time Git touches it
warning: in the working copy of 'node_modules/form-data/License', LF will be replaced by CRLF the next time Git touches it
warning: in the working copy of 'node_modules/form-data/README.md', LF will be replaced by CRLF the next time Git touches it
warning: in the working copy of 'node_modules/form-data/index.d.ts', LF will be replaced by CRLF the next time Git touches it
warning: in the working copy of 'node_modules/form-data/lib/browser.js', LF will be replaced by CRLF the next time Git touches it
warning: in the working copy of 'node_modules/form-data/lib/form_data.js', LF will be replaced by CRLF the next time Git touches it
warning: in the working copy of 'node_modules/form-data/lib/populate.js', LF will be replaced by CRLF the next time Git touches it
warning: in the working copy of 'node_modules/form-data/package.json', LF will be replaced by CRLF the next time Git touches it
warning: in the working copy of 'node_modules/fs-extra/LICENSE', LF will be replaced by CRLF the next time Git touches it
warning: in the working copy of 'node_modules/fs-extra/README.md', LF will be replaced by CRLF the next time Git touches it
warning: in the working copy of 'node_modules/fs-extra/lib/copy/copy-sync.js', LF will be replaced by CRLF the next time Git touches it
warning: in the working copy of 'node_modules/fs-extra/lib/copy/copy.js', LF will be replaced by CRLF the next time Git touches it
warning: in the working copy of 'node_modules/fs-extra/lib/copy/index.js', LF will be replaced by CRLF the next time Git touches it
warning: in the working copy of 'node_modules/fs-extra/lib/empty/index.js', LF will be replaced by CRLF the next time Git touches it
warning: in the working copy of 'node_modules/fs-extra/lib/ensure/file.js', LF will be replaced by CRLF the next time Git touches it
warning: in the working copy of 'node_modules/fs-extra/lib/ensure/index.js', LF will be replaced by CRLF the next time Git touches it
warning: in the working copy of 'node_modules/fs-extra/lib/ensure/link.js', LF will be replaced by CRLF the next time Git touches it
warning: in the working copy of 'node_modules/fs-extra/lib/ensure/symlink-paths.js', LF will be replaced by CRLF the next time Git touches it
warning: in the working copy of 'node_modules/fs-extra/lib/ensure/symlink-type.js', LF will be replaced by CRLF the next time Git touches it
warning: in the working copy of 'node_modules/fs-extra/lib/ensure/symlink.js', LF will be replaced by CRLF the next time Git touches it
warning: in the working copy of 'node_modules/fs-extra/lib/fs/index.js', LF will be replaced by CRLF the next time Git touches it
warning: in the working copy of 'node_modules/fs-extra/lib/index.js', LF will be replaced by CRLF the next time Git touches it
warning: in the working copy of 'node_modules/fs-extra/lib/json/index.js', LF will be replaced by CRLF the next time Git touches it
warning: in the working copy of 'node_modules/fs-extra/lib/json/jsonfile.js', LF will be replaced by CRLF the next time Git touches it
warning: in the working copy of 'node_modules/fs-extra/lib/json/output-json-sync.js', LF will be replaced by CRLF the next time Git touches it
warning: in the working copy of 'node_modules/fs-extra/lib/json/output-json.js', LF will be replaced by CRLF the next time Git touches it
warning: in the working copy of 'node_modules/fs-extra/lib/mkdirs/index.js', LF will be replaced by CRLF the next time Git touches it
warning: in the working copy of 'node_modules/fs-extra/lib/mkdirs/make-dir.js', LF will be replaced by CRLF the next time Git touches it
warning: in the working copy of 'node_modules/fs-extra/lib/mkdirs/utils.js', LF will be replaced by CRLF the next time Git touches it
warning: in the working copy of 'node_modules/fs-extra/lib/move/index.js', LF will be replaced by CRLF the next time Git touches it
warning: in the working copy of 'node_modules/fs-extra/lib/move/move-sync.js', LF will be replaced by CRLF the next time Git touches it
warning: in the working copy of 'node_modules/fs-extra/lib/move/move.js', LF will be replaced by CRLF the next time Git touches it
warning: in the working copy of 'node_modules/fs-extra/lib/output-file/index.js', LF will be replaced by CRLF the next time Git touches it
warning: in the working copy of 'node_modules/fs-extra/lib/path-exists/index.js', LF will be replaced by CRLF the next time Git touches it
warning: in the working copy of 'node_modules/fs-extra/lib/remove/index.js', LF will be replaced by CRLF the next time Git touches it
warning: in the working copy of 'node_modules/fs-extra/lib/remove/rimraf.js', LF will be replaced by CRLF the next time Git touches it
warning: in the working copy of 'node_modules/fs-extra/lib/util/stat.js', LF will be replaced by CRLF the next time Git touches it
warning: in the working copy of 'node_modules/fs-extra/lib/util/utimes.js', LF will be replaced by CRLF the next time Git touches it
warning: in the working copy of 'node_modules/fs-extra/package.json', LF will be replaced by CRLF the next time Git touches it
warning: in the working copy of 'node_modules/fs.realpath/LICENSE', LF will be replaced by CRLF the next time Git touches it
warning: in the working copy of 'node_modules/fs.realpath/README.md', LF will be replaced by CRLF the next time Git touches it
warning: in the working copy of 'node_modules/fs.realpath/index.js', LF will be replaced by CRLF the next time Git touches it
warning: in the working copy of 'node_modules/fs.realpath/old.js', LF will be replaced by CRLF the next time Git touches it
warning: in the working copy of 'node_modules/fs.realpath/package.json', LF will be replaced by CRLF the next time Git touches it
warning: in the working copy of 'node_modules/function-bind/.eslintrc', LF will be replaced by CRLF the next time Git touches it
warning: in the working copy of 'node_modules/function-bind/.github/FUNDING.yml', LF will be replaced by CRLF the next time Git touches it
warning: in the working copy of 'node_modules/function-bind/.github/SECURITY.md', LF will be replaced by CRLF the next time Git touches it
warning: in the working copy of 'node_modules/function-bind/.nycrc', LF will be replaced by CRLF the next time Git touches it
warning: in the working copy of 'node_modules/function-bind/CHANGELOG.md', LF will be replaced by CRLF the next time Git touches it
warning: in the working copy of 'node_modules/function-bind/LICENSE', LF will be replaced by CRLF the next time Git touches it
warning: in the working copy of 'node_modules/function-bind/README.md', LF will be replaced by CRLF the next time Git touches it
warning: in the working copy of 'node_modules/function-bind/implementation.js', LF will be replaced by CRLF the next time Git touches it
warning: in the working copy of 'node_modules/function-bind/index.js', LF will be replaced by CRLF the next time Git touches it
warning: in the working copy of 'node_modules/function-bind/package.json', LF will be replaced by CRLF the next time Git touches it
warning: in the working copy of 'node_modules/function-bind/test/.eslintrc', LF will be replaced by CRLF the next time Git touches it
warning: in the working copy of 'node_modules/function-bind/test/index.js', LF will be replaced by CRLF the next time Git touches it
warning: in the working copy of 'node_modules/get-caller-file/LICENSE.md', LF will be replaced by CRLF the next time Git touches it
warning: in the working copy of 'node_modules/get-caller-file/README.md', LF will be replaced by CRLF the next time Git touches it
warning: in the working copy of 'node_modules/get-caller-file/index.d.ts', LF will be replaced by CRLF the next time Git touches it
warning: in the working copy of 'node_modules/get-caller-file/index.js', LF will be replaced by CRLF the next time Git touches it
warning: in the working copy of 'node_modules/get-caller-file/package.json', LF will be replaced by CRLF the next time Git touches it
warning: in the working copy of 'node_modules/get-intrinsic/.eslintrc', LF will be replaced by CRLF the next time Git touches it
warning: in the working copy of 'node_modules/get-intrinsic/.github/FUNDING.yml', LF will be replaced by CRLF the next time Git touches it
warning: in the working copy of 'node_modules/get-intrinsic/.nycrc', LF will be replaced by CRLF the next time Git touches it
warning: in the working copy of 'node_modules/get-intrinsic/CHANGELOG.md', LF will be replaced by CRLF the next time Git touches it
warning: in the working copy of 'node_modules/get-intrinsic/LICENSE', LF will be replaced by CRLF the next time Git touches it
warning: in the working copy of 'node_modules/get-intrinsic/README.md', LF will be replaced by CRLF the next time Git touches it
warning: in the working copy of 'node_modules/get-intrinsic/index.js', LF will be replaced by CRLF the next time Git touches it
warning: in the working copy of 'node_modules/get-intrinsic/package.json', LF will be replaced by CRLF the next time Git touches it
warning: in the working copy of 'node_modules/get-intrinsic/test/GetIntrinsic.js', LF will be replaced by CRLF the next time Git touches it
warning: in the working copy of 'node_modules/get-proto/.eslintrc', LF will be replaced by CRLF the next time Git touches it
warning: in the working copy of 'node_modules/get-proto/.github/FUNDING.yml', LF will be replaced by CRLF the next time Git touches it
warning: in the working copy of 'node_modules/get-proto/.nycrc', LF will be replaced by CRLF the next time Git touches it
warning: in the working copy of 'node_modules/get-proto/CHANGELOG.md', LF will be replaced by CRLF the next time Git touches it
warning: in the working copy of 'node_modules/get-proto/LICENSE', LF will be replaced by CRLF the next time Git touches it
warning: in the working copy of 'node_modules/get-proto/Object.getPrototypeOf.d.ts', LF will be replaced by CRLF the next time Git touches it
warning: in the working copy of 'node_modules/get-proto/Object.getPrototypeOf.js', LF will be replaced by CRLF the next time Git touches it
warning: in the working copy of 'node_modules/get-proto/README.md', LF will be replaced by CRLF the next time Git touches it
warning: in the working copy of 'node_modules/get-proto/Reflect.getPrototypeOf.d.ts', LF will be replaced by CRLF the next time Git touches it
warning: in the working copy of 'node_modules/get-proto/Reflect.getPrototypeOf.js', LF will be replaced by CRLF the next time Git touches it
warning: in the working copy of 'node_modules/get-proto/index.d.ts', LF will be replaced by CRLF the next time Git touches it
warning: in the working copy of 'node_modules/get-proto/index.js', LF will be replaced by CRLF the next time Git touches it
warning: in the working copy of 'node_modules/get-proto/package.json', LF will be replaced by CRLF the next time Git touches it
warning: in the working copy of 'node_modules/get-proto/test/index.js', LF will be replaced by CRLF the next time Git touches it
warning: in the working copy of 'node_modules/get-proto/tsconfig.json', LF will be replaced by CRLF the next time Git touches it
warning: in the working copy of 'node_modules/get-stream/buffer-stream.js', LF will be replaced by CRLF the next time Git touches it
warning: in the working copy of 'node_modules/get-stream/index.d.ts', LF will be replaced by CRLF the next time Git touches it
warning: in the working copy of 'node_modules/get-stream/index.js', LF will be replaced by CRLF the next time Git touches it
warning: in the working copy of 'node_modules/get-stream/license', LF will be replaced by CRLF the next time Git touches it
warning: in the working copy of 'node_modules/get-stream/package.json', LF will be replaced by CRLF the next time Git touches it
warning: in the working copy of 'node_modules/get-stream/readme.md', LF will be replaced by CRLF the next time Git touches it
warning: in the working copy of 'node_modules/glob/LICENSE', LF will be replaced by CRLF the next time Git touches it
warning: in the working copy of 'node_modules/glob/README.md', LF will be replaced by CRLF the next time Git touches it
warning: in the working copy of 'node_modules/glob/common.js', LF will be replaced by CRLF the next time Git touches it
warning: in the working copy of 'node_modules/glob/glob.js', LF will be replaced by CRLF the next time Git touches it
warning: in the working copy of 'node_modules/glob/node_modules/balanced-match/.github/FUNDING.yml', LF will be replaced by CRLF the next time Git touches it
warning: in the working copy of 'node_modules/glob/node_modules/balanced-match/LICENSE.md', LF will be replaced by CRLF the next time Git touches it
warning: in the working copy of 'node_modules/glob/node_modules/balanced-match/README.md', LF will be replaced by CRLF the next time Git touches it
warning: in the working copy of 'node_modules/glob/node_modules/balanced-match/index.js', LF will be replaced by CRLF the next time Git touches it
warning: in the working copy of 'node_modules/glob/node_modules/balanced-match/package.json', LF will be replaced by CRLF the next time Git touches it
warning: in the working copy of 'node_modules/glob/node_modules/brace-expansion/LICENSE', LF will be replaced by CRLF the next time Git touches it
warning: in the working copy of 'node_modules/glob/node_modules/brace-expansion/README.md', LF will be replaced by CRLF the next time Git touches it
warning: in the working copy of 'node_modules/glob/node_modules/brace-expansion/index.js', LF will be replaced by CRLF the next time Git touches it
warning: in the working copy of 'node_modules/glob/node_modules/brace-expansion/package.json', LF will be replaced by CRLF the next time Git touches it
warning: in the working copy of 'node_modules/glob/node_modules/minimatch/LICENSE', LF will be replaced by CRLF the next time Git touches it
warning: in the working copy of 'node_modules/glob/node_modules/minimatch/README.md', LF will be replaced by CRLF the next time Git touches it
warning: in the working copy of 'node_modules/glob/node_modules/minimatch/minimatch.js', LF will be replaced by CRLF the next time Git touches it
warning: in the working copy of 'node_modules/glob/node_modules/minimatch/package.json', LF will be replaced by CRLF the next time Git touches it
warning: in the working copy of 'node_modules/glob/package.json', LF will be replaced by CRLF the next time Git touches it
warning: in the working copy of 'node_modules/glob/sync.js', LF will be replaced by CRLF the next time Git touches it
warning: in the working copy of 'node_modules/global-agent/.flowconfig', LF will be replaced by CRLF the next time Git touches it
warning: in the working copy of 'node_modules/global-agent/LICENSE', LF will be replaced by CRLF the next time Git touches it
warning: in the working copy of 'node_modules/global-agent/README.md', LF will be replaced by CRLF the next time Git touches it
warning: in the working copy of 'node_modules/global-agent/bootstrap.js', LF will be replaced by CRLF the next time Git touches it
warning: in the working copy of 'node_modules/global-agent/dist/Logger.js', LF will be replaced by CRLF the next time Git touches it
warning: in the working copy of 'node_modules/global-agent/dist/Logger.js.flow', LF will be replaced by CRLF the next time Git touches it
warning: in the working copy of 'node_modules/global-agent/dist/classes/Agent.js', LF will be replaced by CRLF the next time Git touches it
warning: in the working copy of 'node_modules/global-agent/dist/classes/Agent.js.flow', LF will be replaced by CRLF the next time Git touches it
warning: in the working copy of 'node_modules/global-agent/dist/classes/HttpProxyAgent.js', LF will be replaced by CRLF the next time Git touches it
warning: in the working copy of 'node_modules/global-agent/dist/classes/HttpProxyAgent.js.flow', LF will be replaced by CRLF the next time Git touches it
warning: in the working copy of 'node_modules/global-agent/dist/classes/HttpsProxyAgent.js', LF will be replaced by CRLF the next time Git touches it
warning: in the working copy of 'node_modules/global-agent/dist/classes/HttpsProxyAgent.js.flow', LF will be replaced by CRLF the next time Git touches it
warning: in the working copy of 'node_modules/global-agent/dist/classes/index.js', LF will be replaced by CRLF the next time Git touches it
warning: in the working copy of 'node_modules/global-agent/dist/classes/index.js.flow', LF will be replaced by CRLF the next time Git touches it
warning: in the working copy of 'node_modules/global-agent/dist/errors.js', LF will be replaced by CRLF the next time Git touches it
warning: in the working copy of 'node_modules/global-agent/dist/errors.js.flow', LF will be replaced by CRLF the next time Git touches it
warning: in the working copy of 'node_modules/global-agent/dist/factories/createGlobalProxyAgent.js', LF will be replaced by CRLF the next time Git touches it
warning: in the working copy of 'node_modules/global-agent/dist/factories/createGlobalProxyAgent.js.flow', LF will be replaced by CRLF the next time Git touches it
warning: in the working copy of 'node_modules/global-agent/dist/factories/createProxyController.js', LF will be replaced by CRLF the next time Git touches it
warning: in the working copy of 'node_modules/global-agent/dist/factories/createProxyController.js.flow', LF will be replaced by CRLF the next time Git touches it
warning: in the working copy of 'node_modules/global-agent/dist/factories/index.js', LF will be replaced by CRLF the next time Git touches it
warning: in the working copy of 'node_modules/global-agent/dist/factories/index.js.flow', LF will be replaced by CRLF the next time Git touches it
warning: in the working copy of 'node_modules/global-agent/dist/index.js', LF will be replaced by CRLF the next time Git touches it
warning: in the working copy of 'node_modules/global-agent/dist/index.js.flow', LF will be replaced by CRLF the next time Git touches it
warning: in the working copy of 'node_modules/global-agent/dist/routines/bootstrap.js', LF will be replaced by CRLF the next time Git touches it
warning: in the working copy of 'node_modules/global-agent/dist/routines/bootstrap.js.flow', LF will be replaced by CRLF the next time Git touches it
warning: in the working copy of 'node_modules/global-agent/dist/routines/index.js', LF will be replaced by CRLF the next time Git touches it
warning: in the working copy of 'node_modules/global-agent/dist/routines/index.js.flow', LF will be replaced by CRLF the next time Git touches it
warning: in the working copy of 'node_modules/global-agent/dist/types.js', LF will be replaced by CRLF the next time Git touches it
warning: in the working copy of 'node_modules/global-agent/dist/types.js.flow', LF will be replaced by CRLF the next time Git touches it
warning: in the working copy of 'node_modules/global-agent/dist/utilities/bindHttpMethod.js', LF will be replaced by CRLF the next time Git touches it
warning: in the working copy of 'node_modules/global-agent/dist/utilities/bindHttpMethod.js.flow', LF will be replaced by CRLF the next time Git touches it
warning: in the working copy of 'node_modules/global-agent/dist/utilities/index.js', LF will be replaced by CRLF the next time Git touches it
warning: in the working copy of 'node_modules/global-agent/dist/utilities/index.js.flow', LF will be replaced by CRLF the next time Git touches it
warning: in the working copy of 'node_modules/global-agent/dist/utilities/isUrlMatchingNoProxy.js', LF will be replaced by CRLF the next time Git touches it
warning: in the working copy of 'node_modules/global-agent/dist/utilities/isUrlMatchingNoProxy.js.flow', LF will be replaced by CRLF the next time Git touches it
warning: in the working copy of 'node_modules/global-agent/dist/utilities/parseProxyUrl.js', LF will be replaced by CRLF the next time Git touches it
warning: in the working copy of 'node_modules/global-agent/dist/utilities/parseProxyUrl.js.flow', LF will be replaced by CRLF the next time Git touches it
warning: in the working copy of 'node_modules/global-agent/package.json', LF will be replaced by CRLF the next time Git touches it
warning: in the working copy of 'node_modules/global-agent/src/Logger.js', LF will be replaced by CRLF the next time Git touches it
warning: in the working copy of 'node_modules/global-agent/src/classes/Agent.js', LF will be replaced by CRLF the next time Git touches it
warning: in the working copy of 'node_modules/global-agent/src/classes/HttpProxyAgent.js', LF will be replaced by CRLF the next time Git touches it
warning: in the working copy of 'node_modules/global-agent/src/classes/HttpsProxyAgent.js', LF will be replaced by CRLF the next time Git touches it
warning: in the working copy of 'node_modules/global-agent/src/classes/index.js', LF will be replaced by CRLF the next time Git touches it
warning: in the working copy of 'node_modules/global-agent/src/errors.js', LF will be replaced by CRLF the next time Git touches it
warning: in the working copy of 'node_modules/global-agent/src/factories/createGlobalProxyAgent.js', LF will be replaced by CRLF the next time Git touches it
warning: in the working copy of 'node_modules/global-agent/src/factories/createProxyController.js', LF will be replaced by CRLF the next time Git touches it
warning: in the working copy of 'node_modules/global-agent/src/factories/index.js', LF will be replaced by CRLF the next time Git touches it
warning: in the working copy of 'node_modules/global-agent/src/index.js', LF will be replaced by CRLF the next time Git touches it
warning: in the working copy of 'node_modules/global-agent/src/routines/bootstrap.js', LF will be replaced by CRLF the next time Git touches it
warning: in the working copy of 'node_modules/global-agent/src/routines/index.js', LF will be replaced by CRLF the next time Git touches it
warning: in the working copy of 'node_modules/global-agent/src/types.js', LF will be replaced by CRLF the next time Git touches it
warning: in the working copy of 'node_modules/global-agent/src/utilities/bindHttpMethod.js', LF will be replaced by CRLF the next time Git touches it
warning: in the working copy of 'node_modules/global-agent/src/utilities/index.js', LF will be replaced by CRLF the next time Git touches it
warning: in the working copy of 'node_modules/global-agent/src/utilities/isUrlMatchingNoProxy.js', LF will be replaced by CRLF the next time Git touches it
warning: in the working copy of 'node_modules/global-agent/src/utilities/parseProxyUrl.js', LF will be replaced by CRLF the next time Git touches it
warning: in the working copy of 'node_modules/globalthis/.eslintrc', LF will be replaced by CRLF the next time Git touches it
warning: in the working copy of 'node_modules/globalthis/.nycrc', LF will be replaced by CRLF the next time Git touches it
warning: in the working copy of 'node_modules/globalthis/CHANGELOG.md', LF will be replaced by CRLF the next time Git touches it
warning: in the working copy of 'node_modules/globalthis/LICENSE', LF will be replaced by CRLF the next time Git touches it
warning: in the working copy of 'node_modules/globalthis/README.md', LF will be replaced by CRLF the next time Git touches it
warning: in the working copy of 'node_modules/globalthis/auto.js', LF will be replaced by CRLF the next time Git touches it
warning: in the working copy of 'node_modules/globalthis/implementation.browser.js', LF will be replaced by CRLF the next time Git touches it
warning: in the working copy of 'node_modules/globalthis/implementation.js', LF will be replaced by CRLF the next time Git touches it
warning: in the working copy of 'node_modules/globalthis/index.js', LF will be replaced by CRLF the next time Git touches it
warning: in the working copy of 'node_modules/globalthis/package.json', LF will be replaced by CRLF the next time Git touches it
warning: in the working copy of 'node_modules/globalthis/polyfill.js', LF will be replaced by CRLF the next time Git touches it
warning: in the working copy of 'node_modules/globalthis/shim.js', LF will be replaced by CRLF the next time Git touches it
warning: in the working copy of 'node_modules/globalthis/test/implementation.js', LF will be replaced by CRLF the next time Git touches it
warning: in the working copy of 'node_modules/globalthis/test/index.js', LF will be replaced by CRLF the next time Git touches it
warning: in the working copy of 'node_modules/globalthis/test/native.js', LF will be replaced by CRLF the next time Git touches it
warning: in the working copy of 'node_modules/globalthis/test/shimmed.js', LF will be replaced by CRLF the next time Git touches it
warning: in the working copy of 'node_modules/globalthis/test/tests.js', LF will be replaced by CRLF the next time Git touches it
warning: in the working copy of 'node_modules/gopd/.eslintrc', LF will be replaced by CRLF the next time Git touches it
warning: in the working copy of 'node_modules/gopd/.github/FUNDING.yml', LF will be replaced by CRLF the next time Git touches it
warning: in the working copy of 'node_modules/gopd/CHANGELOG.md', LF will be replaced by CRLF the next time Git touches it
warning: in the working copy of 'node_modules/gopd/LICENSE', LF will be replaced by CRLF the next time Git touches it
warning: in the working copy of 'node_modules/gopd/README.md', LF will be replaced by CRLF the next time Git touches it
warning: in the working copy of 'node_modules/gopd/gOPD.d.ts', LF will be replaced by CRLF the next time Git touches it
warning: in the working copy of 'node_modules/gopd/gOPD.js', LF will be replaced by CRLF the next time Git touches it
warning: in the working copy of 'node_modules/gopd/index.d.ts', LF will be replaced by CRLF the next time Git touches it
warning: in the working copy of 'node_modules/gopd/index.js', LF will be replaced by CRLF the next time Git touches it
warning: in the working copy of 'node_modules/gopd/package.json', LF will be replaced by CRLF the next time Git touches it
warning: in the working copy of 'node_modules/gopd/test/index.js', LF will be replaced by CRLF the next time Git touches it
warning: in the working copy of 'node_modules/gopd/tsconfig.json', LF will be replaced by CRLF the next time Git touches it
warning: in the working copy of 'node_modules/got/dist/source/as-promise/create-rejection.d.ts', LF will be replaced by CRLF the next time Git touches it
warning: in the working copy of 'node_modules/got/dist/source/as-promise/create-rejection.js', LF will be replaced by CRLF the next time Git touches it
warning: in the working copy of 'node_modules/got/dist/source/as-promise/index.d.ts', LF will be replaced by CRLF the next time Git touches it
warning: in the working copy of 'node_modules/got/dist/source/as-promise/index.js', LF will be replaced by CRLF the next time Git touches it
warning: in the working copy of 'node_modules/got/dist/source/as-promise/normalize-arguments.d.ts', LF will be replaced by CRLF the next time Git touches it
warning: in the working copy of 'node_modules/got/dist/source/as-promise/normalize-arguments.js', LF will be replaced by CRLF the next time Git touches it
warning: in the working copy of 'node_modules/got/dist/source/as-promise/parse-body.d.ts', LF will be replaced by CRLF the next time Git touches it
warning: in the working copy of 'node_modules/got/dist/source/as-promise/parse-body.js', LF will be replaced by CRLF the next time Git touches it
warning: in the working copy of 'node_modules/got/dist/source/as-promise/types.d.ts', LF will be replaced by CRLF the next time Git touches it
warning: in the working copy of 'node_modules/got/dist/source/as-promise/types.js', LF will be replaced by CRLF the next time Git touches it
warning: in the working copy of 'node_modules/got/dist/source/core/calculate-retry-delay.d.ts', LF will be replaced by CRLF the next time Git touches it
warning: in the working copy of 'node_modules/got/dist/source/core/calculate-retry-delay.js', LF will be replaced by CRLF the next time Git touches it
warning: in the working copy of 'node_modules/got/dist/source/core/index.d.ts', LF will be replaced by CRLF the next time Git touches it
warning: in the working copy of 'node_modules/got/dist/source/core/index.js', LF will be replaced by CRLF the next time Git touches it
warning: in the working copy of 'node_modules/got/dist/source/core/utils/dns-ip-version.d.ts', LF will be replaced by CRLF the next time Git touches it
warning: in the working copy of 'node_modules/got/dist/source/core/utils/dns-ip-version.js', LF will be replaced by CRLF the next time Git touches it
warning: in the working copy of 'node_modules/got/dist/source/core/utils/get-body-size.d.ts', LF will be replaced by CRLF the next time Git touches it
warning: in the working copy of 'node_modules/got/dist/source/core/utils/get-body-size.js', LF will be replaced by CRLF the next time Git touches it
warning: in the working copy of 'node_modules/got/dist/source/core/utils/get-buffer.d.ts', LF will be replaced by CRLF the next time Git touches it
warning: in the working copy of 'node_modules/got/dist/source/core/utils/get-buffer.js', LF will be replaced by CRLF the next time Git touches it
warning: in the working copy of 'node_modules/got/dist/source/core/utils/is-form-data.d.ts', LF will be replaced by CRLF the next time Git touches it
warning: in the working copy of 'node_modules/got/dist/source/core/utils/is-form-data.js', LF will be replaced by CRLF the next time Git touches it
warning: in the working copy of 'node_modules/got/dist/source/core/utils/is-response-ok.d.ts', LF will be replaced by CRLF the next time Git touches it
warning: in the working copy of 'node_modules/got/dist/source/core/utils/is-response-ok.js', LF will be replaced by CRLF the next time Git touches it
warning: in the working copy of 'node_modules/got/dist/source/core/utils/options-to-url.d.ts', LF will be replaced by CRLF the next time Git touches it
warning: in the working copy of 'node_modules/got/dist/source/core/utils/options-to-url.js', LF will be replaced by CRLF the next time Git touches it
warning: in the working copy of 'node_modules/got/dist/source/core/utils/proxy-events.d.ts', LF will be replaced by CRLF the next time Git touches it
warning: in the working copy of 'node_modules/got/dist/source/core/utils/proxy-events.js', LF will be replaced by CRLF the next time Git touches it
warning: in the working copy of 'node_modules/got/dist/source/core/utils/timed-out.d.ts', LF will be replaced by CRLF the next time Git touches it
warning: in the working copy of 'node_modules/got/dist/source/core/utils/timed-out.js', LF will be replaced by CRLF the next time Git touches it
warning: in the working copy of 'node_modules/got/dist/source/core/utils/unhandle.d.ts', LF will be replaced by CRLF the next time Git touches it
warning: in the working copy of 'node_modules/got/dist/source/core/utils/unhandle.js', LF will be replaced by CRLF the next time Git touches it
warning: in the working copy of 'node_modules/got/dist/source/core/utils/url-to-options.d.ts', LF will be replaced by CRLF the next time Git touches it
warning: in the working copy of 'node_modules/got/dist/source/core/utils/url-to-options.js', LF will be replaced by CRLF the next time Git touches it
warning: in the working copy of 'node_modules/got/dist/source/core/utils/weakable-map.d.ts', LF will be replaced by CRLF the next time Git touches it
warning: in the working copy of 'node_modules/got/dist/source/core/utils/weakable-map.js', LF will be replaced by CRLF the next time Git touches it
warning: in the working copy of 'node_modules/got/dist/source/create.d.ts', LF will be replaced by CRLF the next time Git touches it
warning: in the working copy of 'node_modules/got/dist/source/create.js', LF will be replaced by CRLF the next time Git touches it
warning: in the working copy of 'node_modules/got/dist/source/index.d.ts', LF will be replaced by CRLF the next time Git touches it
warning: in the working copy of 'node_modules/got/dist/source/index.js', LF will be replaced by CRLF the next time Git touches it
warning: in the working copy of 'node_modules/got/dist/source/types.d.ts', LF will be replaced by CRLF the next time Git touches it
warning: in the working copy of 'node_modules/got/dist/source/types.js', LF will be replaced by CRLF the next time Git touches it
warning: in the working copy of 'node_modules/got/dist/source/utils/deep-freeze.d.ts', LF will be replaced by CRLF the next time Git touches it
warning: in the working copy of 'node_modules/got/dist/source/utils/deep-freeze.js', LF will be replaced by CRLF the next time Git touches it
warning: in the working copy of 'node_modules/got/dist/source/utils/deprecation-warning.d.ts', LF will be replaced by CRLF the next time Git touches it
warning: in the working copy of 'node_modules/got/dist/source/utils/deprecation-warning.js', LF will be replaced by CRLF the next time Git touches it
warning: in the working copy of 'node_modules/got/license', LF will be replaced by CRLF the next time Git touches it
warning: in the working copy of 'node_modules/got/package.json', LF will be replaced by CRLF the next time Git touches it
warning: in the working copy of 'node_modules/got/readme.md', LF will be replaced by CRLF the next time Git touches it
warning: in the working copy of 'node_modules/graceful-fs/LICENSE', LF will be replaced by CRLF the next time Git touches it
warning: in the working copy of 'node_modules/graceful-fs/README.md', LF will be replaced by CRLF the next time Git touches it
warning: in the working copy of 'node_modules/graceful-fs/clone.js', LF will be replaced by CRLF the next time Git touches it
warning: in the working copy of 'node_modules/graceful-fs/graceful-fs.js', LF will be replaced by CRLF the next time Git touches it
warning: in the working copy of 'node_modules/graceful-fs/legacy-streams.js', LF will be replaced by CRLF the next time Git touches it
warning: in the working copy of 'node_modules/graceful-fs/package.json', LF will be replaced by CRLF the next time Git touches it
warning: in the working copy of 'node_modules/graceful-fs/polyfills.js', LF will be replaced by CRLF the next time Git touches it
warning: in the working copy of 'node_modules/has-flag/index.d.ts', LF will be replaced by CRLF the next time Git touches it
warning: in the working copy of 'node_modules/has-flag/index.js', LF will be replaced by CRLF the next time Git touches it
warning: in the working copy of 'node_modules/has-flag/license', LF will be replaced by CRLF the next time Git touches it
warning: in the working copy of 'node_modules/has-flag/package.json', LF will be replaced by CRLF the next time Git touches it
warning: in the working copy of 'node_modules/has-flag/readme.md', LF will be replaced by CRLF the next time Git touches it
warning: in the working copy of 'node_modules/has-property-descriptors/.eslintrc', LF will be replaced by CRLF the next time Git touches it
warning: in the working copy of 'node_modules/has-property-descriptors/.github/FUNDING.yml', LF will be replaced by CRLF the next time Git touches it
warning: in the working copy of 'node_modules/has-property-descriptors/.nycrc', LF will be replaced by CRLF the next time Git touches it
warning: in the working copy of 'node_modules/has-property-descriptors/CHANGELOG.md', LF will be replaced by CRLF the next time Git touches it
warning: in the working copy of 'node_modules/has-property-descriptors/LICENSE', LF will be replaced by CRLF the next time Git touches it
warning: in the working copy of 'node_modules/has-property-descriptors/README.md', LF will be replaced by CRLF the next time Git touches it
warning: in the working copy of 'node_modules/has-property-descriptors/index.js', LF will be replaced by CRLF the next time Git touches it
warning: in the working copy of 'node_modules/has-property-descriptors/package.json', LF will be replaced by CRLF the next time Git touches it
warning: in the working copy of 'node_modules/has-property-descriptors/test/index.js', LF will be replaced by CRLF the next time Git touches it
warning: in the working copy of 'node_modules/has-symbols/.eslintrc', LF will be replaced by CRLF the next time Git touches it
warning: in the working copy of 'node_modules/has-symbols/.github/FUNDING.yml', LF will be replaced by CRLF the next time Git touches it
warning: in the working copy of 'node_modules/has-symbols/.nycrc', LF will be replaced by CRLF the next time Git touches it
warning: in the working copy of 'node_modules/has-symbols/CHANGELOG.md', LF will be replaced by CRLF the next time Git touches it
warning: in the working copy of 'node_modules/has-symbols/LICENSE', LF will be replaced by CRLF the next time Git touches it
warning: in the working copy of 'node_modules/has-symbols/README.md', LF will be replaced by CRLF the next time Git touches it
warning: in the working copy of 'node_modules/has-symbols/index.d.ts', LF will be replaced by CRLF the next time Git touches it
warning: in the working copy of 'node_modules/has-symbols/index.js', LF will be replaced by CRLF the next time Git touches it
warning: in the working copy of 'node_modules/has-symbols/package.json', LF will be replaced by CRLF the next time Git touches it
warning: in the working copy of 'node_modules/has-symbols/shams.d.ts', LF will be replaced by CRLF the next time Git touches it
warning: in the working copy of 'node_modules/has-symbols/shams.js', LF will be replaced by CRLF the next time Git touches it
warning: in the working copy of 'node_modules/has-symbols/test/index.js', LF will be replaced by CRLF the next time Git touches it
warning: in the working copy of 'node_modules/has-symbols/test/shams/core-js.js', LF will be replaced by CRLF the next time Git touches it
warning: in the working copy of 'node_modules/has-symbols/test/shams/get-own-property-symbols.js', LF will be replaced by CRLF the next time Git touches it
warning: in the working copy of 'node_modules/has-symbols/test/tests.js', LF will be replaced by CRLF the next time Git touches it
warning: in the working copy of 'node_modules/has-symbols/tsconfig.json', LF will be replaced by CRLF the next time Git touches it
warning: in the working copy of 'node_modules/has-tostringtag/.eslintrc', LF will be replaced by CRLF the next time Git touches it
warning: in the working copy of 'node_modules/has-tostringtag/.github/FUNDING.yml', LF will be replaced by CRLF the next time Git touches it
warning: in the working copy of 'node_modules/has-tostringtag/.nycrc', LF will be replaced by CRLF the next time Git touches it
warning: in the working copy of 'node_modules/has-tostringtag/CHANGELOG.md', LF will be replaced by CRLF the next time Git touches it
warning: in the working copy of 'node_modules/has-tostringtag/LICENSE', LF will be replaced by CRLF the next time Git touches it
warning: in the working copy of 'node_modules/has-tostringtag/README.md', LF will be replaced by CRLF the next time Git touches it
warning: in the working copy of 'node_modules/has-tostringtag/index.d.ts', LF will be replaced by CRLF the next time Git touches it
warning: in the working copy of 'node_modules/has-tostringtag/index.js', LF will be replaced by CRLF the next time Git touches it
warning: in the working copy of 'node_modules/has-tostringtag/package.json', LF will be replaced by CRLF the next time Git touches it
warning: in the working copy of 'node_modules/has-tostringtag/shams.d.ts', LF will be replaced by CRLF the next time Git touches it
warning: in the working copy of 'node_modules/has-tostringtag/shams.js', LF will be replaced by CRLF the next time Git touches it
warning: in the working copy of 'node_modules/has-tostringtag/test/index.js', LF will be replaced by CRLF the next time Git touches it
warning: in the working copy of 'node_modules/has-tostringtag/test/shams/core-js.js', LF will be replaced by CRLF the next time Git touches it
warning: in the working copy of 'node_modules/has-tostringtag/test/shams/get-own-property-symbols.js', LF will be replaced by CRLF the next time Git touches it
warning: in the working copy of 'node_modules/has-tostringtag/test/tests.js', LF will be replaced by CRLF the next time Git touches it
warning: in the working copy of 'node_modules/has-tostringtag/tsconfig.json', LF will be replaced by CRLF the next time Git touches it
warning: in the working copy of 'node_modules/hasown/.github/FUNDING.yml', LF will be replaced by CRLF the next time Git touches it
warning: in the working copy of 'node_modules/hasown/.nycrc', LF will be replaced by CRLF the next time Git touches it
warning: in the working copy of 'node_modules/hasown/CHANGELOG.md', LF will be replaced by CRLF the next time Git touches it
warning: in the working copy of 'node_modules/hasown/LICENSE', LF will be replaced by CRLF the next time Git touches it
warning: in the working copy of 'node_modules/hasown/README.md', LF will be replaced by CRLF the next time Git touches it
warning: in the working copy of 'node_modules/hasown/eslint.config.mjs', LF will be replaced by CRLF the next time Git touches it
warning: in the working copy of 'node_modules/hasown/index.d.ts', LF will be replaced by CRLF the next time Git touches it
warning: in the working copy of 'node_modules/hasown/index.js', LF will be replaced by CRLF the next time Git touches it
warning: in the working copy of 'node_modules/hasown/package.json', LF will be replaced by CRLF the next time Git touches it
warning: in the working copy of 'node_modules/hasown/tsconfig.json', LF will be replaced by CRLF the next time Git touches it
warning: in the working copy of 'node_modules/hosted-git-info/LICENSE', LF will be replaced by CRLF the next time Git touches it
warning: in the working copy of 'node_modules/hosted-git-info/README.md', LF will be replaced by CRLF the next time Git touches it
warning: in the working copy of 'node_modules/hosted-git-info/git-host-info.js', LF will be replaced by CRLF the next time Git touches it
warning: in the working copy of 'node_modules/hosted-git-info/git-host.js', LF will be replaced by CRLF the next time Git touches it
warning: in the working copy of 'node_modules/hosted-git-info/index.js', LF will be replaced by CRLF the next time Git touches it
warning: in the working copy of 'node_modules/hosted-git-info/package.json', LF will be replaced by CRLF the next time Git touches it
warning: in the working copy of 'node_modules/http-cache-semantics/LICENSE', LF will be replaced by CRLF the next time Git touches it
warning: in the working copy of 'node_modules/http-cache-semantics/README.md', LF will be replaced by CRLF the next time Git touches it
warning: in the working copy of 'node_modules/http-cache-semantics/index.js', LF will be replaced by CRLF the next time Git touches it
warning: in the working copy of 'node_modules/http-cache-semantics/package.json', LF will be replaced by CRLF the next time Git touches it
warning: in the working copy of 'node_modules/http-proxy-agent/LICENSE', LF will be replaced by CRLF the next time Git touches it
warning: in the working copy of 'node_modules/http-proxy-agent/README.md', LF will be replaced by CRLF the next time Git touches it
warning: in the working copy of 'node_modules/http-proxy-agent/dist/index.d.ts', LF will be replaced by CRLF the next time Git touches it
warning: in the working copy of 'node_modules/http-proxy-agent/dist/index.js', LF will be replaced by CRLF the next time Git touches it
warning: in the working copy of 'node_modules/http-proxy-agent/package.json', LF will be replaced by CRLF the next time Git touches it
warning: in the working copy of 'node_modules/http2-wrapper/LICENSE', LF will be replaced by CRLF the next time Git touches it
warning: in the working copy of 'node_modules/http2-wrapper/README.md', LF will be replaced by CRLF the next time Git touches it
warning: in the working copy of 'node_modules/http2-wrapper/package.json', LF will be replaced by CRLF the next time Git touches it
warning: in the working copy of 'node_modules/http2-wrapper/source/agent.js', LF will be replaced by CRLF the next time Git touches it
warning: in the working copy of 'node_modules/http2-wrapper/source/auto.js', LF will be replaced by CRLF the next time Git touches it
warning: in the working copy of 'node_modules/http2-wrapper/source/client-request.js', LF will be replaced by CRLF the next time Git touches it
warning: in the working copy of 'node_modules/http2-wrapper/source/incoming-message.js', LF will be replaced by CRLF the next time Git touches it
warning: in the working copy of 'node_modules/http2-wrapper/source/index.js', LF will be replaced by CRLF the next time Git touches it
warning: in the working copy of 'node_modules/http2-wrapper/source/utils/calculate-server-name.js', LF will be replaced by CRLF the next time Git touches it
warning: in the working copy of 'node_modules/http2-wrapper/source/utils/errors.js', LF will be replaced by CRLF the next time Git touches it
warning: in the working copy of 'node_modules/http2-wrapper/source/utils/is-request-pseudo-header.js', LF will be replaced by CRLF the next time Git touches it
warning: in the working copy of 'node_modules/http2-wrapper/source/utils/proxy-events.js', LF will be replaced by CRLF the next time Git touches it
warning: in the working copy of 'node_modules/http2-wrapper/source/utils/url-to-options.js', LF will be replaced by CRLF the next time Git touches it
warning: in the working copy of 'node_modules/https-proxy-agent/LICENSE', LF will be replaced by CRLF the next time Git touches it
warning: in the working copy of 'node_modules/https-proxy-agent/README.md', LF will be replaced by CRLF the next time Git touches it
warning: in the working copy of 'node_modules/https-proxy-agent/dist/index.d.ts', LF will be replaced by CRLF the next time Git touches it
warning: in the working copy of 'node_modules/https-proxy-agent/dist/index.js', LF will be replaced by CRLF the next time Git touches it
warning: in the working copy of 'node_modules/https-proxy-agent/dist/parse-proxy-response.d.ts', LF will be replaced by CRLF the next time Git touches it
warning: in the working copy of 'node_modules/https-proxy-agent/dist/parse-proxy-response.js', LF will be replaced by CRLF the next time Git touches it
warning: in the working copy of 'node_modules/https-proxy-agent/package.json', LF will be replaced by CRLF the next time Git touches it
warning: in the working copy of 'node_modules/inflight/LICENSE', LF will be replaced by CRLF the next time Git touches it
warning: in the working copy of 'node_modules/inflight/README.md', LF will be replaced by CRLF the next time Git touches it
warning: in the working copy of 'node_modules/inflight/inflight.js', LF will be replaced by CRLF the next time Git touches it
warning: in the working copy of 'node_modules/inflight/package.json', LF will be replaced by CRLF the next time Git touches it
warning: in the working copy of 'node_modules/inherits/LICENSE', LF will be replaced by CRLF the next time Git touches it
warning: in the working copy of 'node_modules/inherits/README.md', LF will be replaced by CRLF the next time Git touches it
warning: in the working copy of 'node_modules/inherits/inherits.js', LF will be replaced by CRLF the next time Git touches it
warning: in the working copy of 'node_modules/inherits/inherits_browser.js', LF will be replaced by CRLF the next time Git touches it
warning: in the working copy of 'node_modules/inherits/package.json', LF will be replaced by CRLF the next time Git touches it
warning: in the working copy of 'node_modules/is-fullwidth-code-point/index.d.ts', LF will be replaced by CRLF the next time Git touches it
warning: in the working copy of 'node_modules/is-fullwidth-code-point/index.js', LF will be replaced by CRLF the next time Git touches it
warning: in the working copy of 'node_modules/is-fullwidth-code-point/license', LF will be replaced by CRLF the next time Git touches it
warning: in the working copy of 'node_modules/is-fullwidth-code-point/package.json', LF will be replaced by CRLF the next time Git touches it
warning: in the working copy of 'node_modules/is-fullwidth-code-point/readme.md', LF will be replaced by CRLF the next time Git touches it
warning: in the working copy of 'node_modules/isarray/.npmignore', LF will be replaced by CRLF the next time Git touches it
warning: in the working copy of 'node_modules/isarray/.travis.yml', LF will be replaced by CRLF the next time Git touches it
warning: in the working copy of 'node_modules/isarray/Makefile', LF will be replaced by CRLF the next time Git touches it
warning: in the working copy of 'node_modules/isarray/README.md', LF will be replaced by CRLF the next time Git touches it
warning: in the working copy of 'node_modules/isarray/component.json', LF will be replaced by CRLF the next time Git touches it
warning: in the working copy of 'node_modules/isarray/index.js', LF will be replaced by CRLF the next time Git touches it
warning: in the working copy of 'node_modules/isarray/package.json', LF will be replaced by CRLF the next time Git touches it
warning: in the working copy of 'node_modules/isarray/test.js', LF will be replaced by CRLF the next time Git touches it
warning: in the working copy of 'node_modules/isbinaryfile/LICENSE.txt', LF will be replaced by CRLF the next time Git touches it
warning: in the working copy of 'node_modules/isbinaryfile/README.md', LF will be replaced by CRLF the next time Git touches it
warning: in the working copy of 'node_modules/isbinaryfile/lib/index.d.ts', LF will be replaced by CRLF the next time Git touches it
warning: in the working copy of 'node_modules/isbinaryfile/lib/index.js', LF will be replaced by CRLF the next time Git touches it
warning: in the working copy of 'node_modules/isbinaryfile/package.json', LF will be replaced by CRLF the next time Git touches it
warning: in the working copy of 'node_modules/isexe/LICENSE.md', LF will be replaced by CRLF the next time Git touches it
warning: in the working copy of 'node_modules/isexe/README.md', LF will be replaced by CRLF the next time Git touches it
warning: in the working copy of 'node_modules/isexe/dist/commonjs/index.d.ts', LF will be replaced by CRLF the next time Git touches it
warning: in the working copy of 'node_modules/isexe/dist/commonjs/index.js', LF will be replaced by CRLF the next time Git touches it
warning: in the working copy of 'node_modules/isexe/dist/commonjs/index.min.js', LF will be replaced by CRLF the next time Git touches it
warning: in the working copy of 'node_modules/isexe/dist/commonjs/index.min.js.map', LF will be replaced by CRLF the next time Git touches it
warning: in the working copy of 'node_modules/isexe/dist/commonjs/options.d.ts', LF will be replaced by CRLF the next time Git touches it
warning: in the working copy of 'node_modules/isexe/dist/commonjs/options.js', LF will be replaced by CRLF the next time Git touches it
warning: in the working copy of 'node_modules/isexe/dist/commonjs/package.json', LF will be replaced by CRLF the next time Git touches it
warning: in the working copy of 'node_modules/isexe/dist/commonjs/posix.d.ts', LF will be replaced by CRLF the next time Git touches it
warning: in the working copy of 'node_modules/isexe/dist/commonjs/posix.js', LF will be replaced by CRLF the next time Git touches it
warning: in the working copy of 'node_modules/isexe/dist/commonjs/win32.d.ts', LF will be replaced by CRLF the next time Git touches it
warning: in the working copy of 'node_modules/isexe/dist/commonjs/win32.js', LF will be replaced by CRLF the next time Git touches it
warning: in the working copy of 'node_modules/isexe/dist/esm/index.d.ts', LF will be replaced by CRLF the next time Git touches it
warning: in the working copy of 'node_modules/isexe/dist/esm/index.js', LF will be replaced by CRLF the next time Git touches it
warning: in the working copy of 'node_modules/isexe/dist/esm/index.min.js', LF will be replaced by CRLF the next time Git touches it
warning: in the working copy of 'node_modules/isexe/dist/esm/index.min.js.map', LF will be replaced by CRLF the next time Git touches it
warning: in the working copy of 'node_modules/isexe/dist/esm/options.d.ts', LF will be replaced by CRLF the next time Git touches it
warning: in the working copy of 'node_modules/isexe/dist/esm/options.js', LF will be replaced by CRLF the next time Git touches it
warning: in the working copy of 'node_modules/isexe/dist/esm/package.json', LF will be replaced by CRLF the next time Git touches it
warning: in the working copy of 'node_modules/isexe/dist/esm/posix.d.ts', LF will be replaced by CRLF the next time Git touches it
warning: in the working copy of 'node_modules/isexe/dist/esm/posix.js', LF will be replaced by CRLF the next time Git touches it
warning: in the working copy of 'node_modules/isexe/dist/esm/win32.d.ts', LF will be replaced by CRLF the next time Git touches it
warning: in the working copy of 'node_modules/isexe/dist/esm/win32.js', LF will be replaced by CRLF the next time Git touches it
warning: in the working copy of 'node_modules/isexe/package.json', LF will be replaced by CRLF the next time Git touches it
warning: in the working copy of 'node_modules/jake/Makefile', LF will be replaced by CRLF the next time Git touches it
warning: in the working copy of 'node_modules/jake/README.md', LF will be replaced by CRLF the next time Git touches it
warning: in the working copy of 'node_modules/jake/bin/bash_completion.sh', LF will be replaced by CRLF the next time Git touches it
warning: in the working copy of 'node_modules/jake/bin/cli.js', LF will be replaced by CRLF the next time Git touches it
warning: in the working copy of 'node_modules/jake/jakefile.js', LF will be replaced by CRLF the next time Git touches it
warning: in the working copy of 'node_modules/jake/lib/api.js', LF will be replaced by CRLF the next time Git touches it
warning: in the working copy of 'node_modules/jake/lib/jake.js', LF will be replaced by CRLF the next time Git touches it
warning: in the working copy of 'node_modules/jake/lib/loader.js', LF will be replaced by CRLF the next time Git touches it
warning: in the working copy of 'node_modules/jake/lib/namespace.js', LF will be replaced by CRLF the next time Git touches it
warning: in the working copy of 'node_modules/jake/lib/package_task.js', LF will be replaced by CRLF the next time Git touches it
warning: in the working copy of 'node_modules/jake/lib/parseargs.js', LF will be replaced by CRLF the next time Git touches it
warning: in the working copy of 'node_modules/jake/lib/program.js', LF will be replaced by CRLF the next time Git touches it
warning: in the working copy of 'node_modules/jake/lib/publish_task.js', LF will be replaced by CRLF the next time Git touches it
warning: in the working copy of 'node_modules/jake/lib/rule.js', LF will be replaced by CRLF the next time Git touches it
warning: in the working copy of 'node_modules/jake/lib/task/directory_task.js', LF will be replaced by CRLF the next time Git touches it
warning: in the working copy of 'node_modules/jake/lib/task/file_task.js', LF will be replaced by CRLF the next time Git touches it
warning: in the working copy of 'node_modules/jake/lib/task/index.js', LF will be replaced by CRLF the next time Git touches it
warning: in the working copy of 'node_modules/jake/lib/task/task.js', LF will be replaced by CRLF the next time Git touches it
warning: in the working copy of 'node_modules/jake/lib/test_task.js', LF will be replaced by CRLF the next time Git touches it
warning: in the working copy of 'node_modules/jake/lib/utils/file.js', LF will be replaced by CRLF the next time Git touches it
warning: in the working copy of 'node_modules/jake/lib/utils/index.js', LF will be replaced by CRLF the next time Git touches it
warning: in the working copy of 'node_modules/jake/lib/utils/logger.js', LF will be replaced by CRLF the next time Git touches it
warning: in the working copy of 'node_modules/jake/package.json', LF will be replaced by CRLF the next time Git touches it
warning: in the working copy of 'node_modules/jake/test/integration/concurrent.js', LF will be replaced by CRLF the next time Git touches it
warning: in the working copy of 'node_modules/jake/test/integration/file.js', LF will be replaced by CRLF the next time Git touches it
warning: in the working copy of 'node_modules/jake/test/integration/file_task.js', LF will be replaced by CRLF the next time Git touches it
warning: in the working copy of 'node_modules/jake/test/integration/helpers.js', LF will be replaced by CRLF the next time Git touches it
warning: in the working copy of 'node_modules/jake/test/integration/jakefile.js', LF will be replaced by CRLF the next time Git touches it
warning: in the working copy of 'node_modules/jake/test/integration/jakelib/concurrent.jake.js', LF will be replaced by CRLF the next time Git touches it
warning: in the working copy of 'node_modules/jake/test/integration/jakelib/publish.jake.js', LF will be replaced by CRLF the next time Git touches it
warning: in the working copy of 'node_modules/jake/test/integration/jakelib/required_module.jake.js', LF will be replaced by CRLF the next time Git touches it
warning: in the working copy of 'node_modules/jake/test/integration/jakelib/rule.jake.js', LF will be replaced by CRLF the next time Git touches it
warning: in the working copy of 'node_modules/jake/test/integration/list_tasks.js', LF will be replaced by CRLF the next time Git touches it
warning: in the working copy of 'node_modules/jake/test/integration/publish_task.js', LF will be replaced by CRLF the next time Git touches it
warning: in the working copy of 'node_modules/jake/test/integration/rule.js', LF will be replaced by CRLF the next time Git touches it
warning: in the working copy of 'node_modules/jake/test/integration/selfdep.js', LF will be replaced by CRLF the next time Git touches it
warning: in the working copy of 'node_modules/jake/test/integration/task_base.js', LF will be replaced by CRLF the next time Git touches it
warning: in the working copy of 'node_modules/jake/test/unit/jakefile.js', LF will be replaced by CRLF the next time Git touches it
warning: in the working copy of 'node_modules/jake/test/unit/namespace.js', LF will be replaced by CRLF the next time Git touches it
warning: in the working copy of 'node_modules/jake/test/unit/parseargs.js', LF will be replaced by CRLF the next time Git touches it
warning: in the working copy of 'node_modules/jake/usage.txt', LF will be replaced by CRLF the next time Git touches it
warning: in the working copy of 'node_modules/jiti/LICENSE', LF will be replaced by CRLF the next time Git touches it
warning: in the working copy of 'node_modules/jiti/README.md', LF will be replaced by CRLF the next time Git touches it
warning: in the working copy of 'node_modules/jiti/dist/babel.cjs', LF will be replaced by CRLF the next time Git touches it
warning: in the working copy of 'node_modules/jiti/lib/jiti-cli.mjs', LF will be replaced by CRLF the next time Git touches it
warning: in the working copy of 'node_modules/jiti/lib/jiti-hooks.mjs', LF will be replaced by CRLF the next time Git touches it
warning: in the working copy of 'node_modules/jiti/lib/jiti-native.mjs', LF will be replaced by CRLF the next time Git touches it
warning: in the working copy of 'node_modules/jiti/lib/jiti-register.d.mts', LF will be replaced by CRLF the next time Git touches it
warning: in the working copy of 'node_modules/jiti/lib/jiti-register.mjs', LF will be replaced by CRLF the next time Git touches it
warning: in the working copy of 'node_modules/jiti/lib/jiti-static.mjs', LF will be replaced by CRLF the next time Git touches it
warning: in the working copy of 'node_modules/jiti/lib/jiti.cjs', LF will be replaced by CRLF the next time Git touches it
warning: in the working copy of 'node_modules/jiti/lib/jiti.d.cts', LF will be replaced by CRLF the next time Git touches it
warning: in the working copy of 'node_modules/jiti/lib/jiti.d.mts', LF will be replaced by CRLF the next time Git touches it
warning: in the working copy of 'node_modules/jiti/lib/jiti.mjs', LF will be replaced by CRLF the next time Git touches it
warning: in the working copy of 'node_modules/jiti/lib/types.d.ts', LF will be replaced by CRLF the next time Git touches it
warning: in the working copy of 'node_modules/jiti/package.json', LF will be replaced by CRLF the next time Git touches it
warning: in the working copy of 'node_modules/js-yaml/LICENSE', LF will be replaced by CRLF the next time Git touches it
warning: in the working copy of 'node_modules/js-yaml/README.md', LF will be replaced by CRLF the next time Git touches it
warning: in the working copy of 'node_modules/js-yaml/bin/js-yaml.js', LF will be replaced by CRLF the next time Git touches it
warning: in the working copy of 'node_modules/js-yaml/dist/js-yaml.js', LF will be replaced by CRLF the next time Git touches it
warning: in the working copy of 'node_modules/js-yaml/dist/js-yaml.min.js', LF will be replaced by CRLF the next time Git touches it
warning: in the working copy of 'node_modules/js-yaml/dist/js-yaml.mjs', LF will be replaced by CRLF the next time Git touches it
warning: in the working copy of 'node_modules/js-yaml/index.js', LF will be replaced by CRLF the next time Git touches it
warning: in the working copy of 'node_modules/js-yaml/lib/common.js', LF will be replaced by CRLF the next time Git touches it
warning: in the working copy of 'node_modules/js-yaml/lib/dumper.js', LF will be replaced by CRLF the next time Git touches it
warning: in the working copy of 'node_modules/js-yaml/lib/exception.js', LF will be replaced by CRLF the next time Git touches it
warning: in the working copy of 'node_modules/js-yaml/lib/index_vite_proxy.tmp.mjs', LF will be replaced by CRLF the next time Git touches it
warning: in the working copy of 'node_modules/js-yaml/lib/loader.js', LF will be replaced by CRLF the next time Git touches it
warning: in the working copy of 'node_modules/js-yaml/lib/schema.js', LF will be replaced by CRLF the next time Git touches it
warning: in the working copy of 'node_modules/js-yaml/lib/schema/core.js', LF will be replaced by CRLF the next time Git touches it
warning: in the working copy of 'node_modules/js-yaml/lib/schema/default.js', LF will be replaced by CRLF the next time Git touches it
warning: in the working copy of 'node_modules/js-yaml/lib/schema/failsafe.js', LF will be replaced by CRLF the next time Git touches it
warning: in the working copy of 'node_modules/js-yaml/lib/schema/json.js', LF will be replaced by CRLF the next time Git touches it
warning: in the working copy of 'node_modules/js-yaml/lib/snippet.js', LF will be replaced by CRLF the next time Git touches it
warning: in the working copy of 'node_modules/js-yaml/lib/type.js', LF will be replaced by CRLF the next time Git touches it
warning: in the working copy of 'node_modules/js-yaml/lib/type/binary.js', LF will be replaced by CRLF the next time Git touches it
warning: in the working copy of 'node_modules/js-yaml/lib/type/bool.js', LF will be replaced by CRLF the next time Git touches it
warning: in the working copy of 'node_modules/js-yaml/lib/type/float.js', LF will be replaced by CRLF the next time Git touches it
warning: in the working copy of 'node_modules/js-yaml/lib/type/int.js', LF will be replaced by CRLF the next time Git touches it
warning: in the working copy of 'node_modules/js-yaml/lib/type/map.js', LF will be replaced by CRLF the next time Git touches it
warning: in the working copy of 'node_modules/js-yaml/lib/type/merge.js', LF will be replaced by CRLF the next time Git touches it
warning: in the working copy of 'node_modules/js-yaml/lib/type/null.js', LF will be replaced by CRLF the next time Git touches it
warning: in the working copy of 'node_modules/js-yaml/lib/type/omap.js', LF will be replaced by CRLF the next time Git touches it
warning: in the working copy of 'node_modules/js-yaml/lib/type/pairs.js', LF will be replaced by CRLF the next time Git touches it
warning: in the working copy of 'node_modules/js-yaml/lib/type/seq.js', LF will be replaced by CRLF the next time Git touches it
warning: in the working copy of 'node_modules/js-yaml/lib/type/set.js', LF will be replaced by CRLF the next time Git touches it
warning: in the working copy of 'node_modules/js-yaml/lib/type/str.js', LF will be replaced by CRLF the next time Git touches it
warning: in the working copy of 'node_modules/js-yaml/lib/type/timestamp.js', LF will be replaced by CRLF the next time Git touches it
warning: in the working copy of 'node_modules/js-yaml/package.json', LF will be replaced by CRLF the next time Git touches it
warning: in the working copy of 'node_modules/json-buffer/.travis.yml', LF will be replaced by CRLF the next time Git touches it
warning: in the working copy of 'node_modules/json-buffer/LICENSE', LF will be replaced by CRLF the next time Git touches it
warning: in the working copy of 'node_modules/json-buffer/README.md', LF will be replaced by CRLF the next time Git touches it
warning: in the working copy of 'node_modules/json-buffer/index.js', LF will be replaced by CRLF the next time Git touches it
warning: in the working copy of 'node_modules/json-buffer/package.json', LF will be replaced by CRLF the next time Git touches it
warning: in the working copy of 'node_modules/json-buffer/test/index.js', LF will be replaced by CRLF the next time Git touches it
warning: in the working copy of 'node_modules/json-schema-traverse/.eslintrc.yml', LF will be replaced by CRLF the next time Git touches it
warning: in the working copy of 'node_modules/json-schema-traverse/.github/FUNDING.yml', LF will be replaced by CRLF the next time Git touches it
warning: in the working copy of 'node_modules/json-schema-traverse/.github/workflows/build.yml', LF will be replaced by CRLF the next time Git touches it
warning: in the working copy of 'node_modules/json-schema-traverse/.github/workflows/publish.yml', LF will be replaced by CRLF the next time Git touches it
warning: in the working copy of 'node_modules/json-schema-traverse/LICENSE', LF will be replaced by CRLF the next time Git touches it
warning: in the working copy of 'node_modules/json-schema-traverse/README.md', LF will be replaced by CRLF the next time Git touches it
warning: in the working copy of 'node_modules/json-schema-traverse/index.d.ts', LF will be replaced by CRLF the next time Git touches it
warning: in the working copy of 'node_modules/json-schema-traverse/index.js', LF will be replaced by CRLF the next time Git touches it
warning: in the working copy of 'node_modules/json-schema-traverse/package.json', LF will be replaced by CRLF the next time Git touches it
warning: in the working copy of 'node_modules/json-schema-traverse/spec/.eslintrc.yml', LF will be replaced by CRLF the next time Git touches it
warning: in the working copy of 'node_modules/json-schema-traverse/spec/fixtures/schema.js', LF will be replaced by CRLF the next time Git touches it
warning: in the working copy of 'node_modules/json-schema-traverse/spec/index.spec.js', LF will be replaced by CRLF the next time Git touches it
warning: in the working copy of 'node_modules/json-stringify-safe/.npmignore', LF will be replaced by CRLF the next time Git touches it
warning: in the working copy of 'node_modules/json-stringify-safe/CHANGELOG.md', LF will be replaced by CRLF the next time Git touches it
warning: in the working copy of 'node_modules/json-stringify-safe/LICENSE', LF will be replaced by CRLF the next time Git touches it
warning: in the working copy of 'node_modules/json-stringify-safe/Makefile', LF will be replaced by CRLF the next time Git touches it
warning: in the working copy of 'node_modules/json-stringify-safe/README.md', LF will be replaced by CRLF the next time Git touches it
warning: in the working copy of 'node_modules/json-stringify-safe/package.json', LF will be replaced by CRLF the next time Git touches it
warning: in the working copy of 'node_modules/json-stringify-safe/stringify.js', LF will be replaced by CRLF the next time Git touches it
warning: in the working copy of 'node_modules/json-stringify-safe/test/mocha.opts', LF will be replaced by CRLF the next time Git touches it
warning: in the working copy of 'node_modules/json-stringify-safe/test/stringify_test.js', LF will be replaced by CRLF the next time Git touches it
warning: in the working copy of 'node_modules/json5/LICENSE.md', LF will be replaced by CRLF the next time Git touches it
warning: in the working copy of 'node_modules/json5/README.md', LF will be replaced by CRLF the next time Git touches it
warning: in the working copy of 'node_modules/json5/dist/index.js', LF will be replaced by CRLF the next time Git touches it
warning: in the working copy of 'node_modules/json5/dist/index.min.js', LF will be replaced by CRLF the next time Git touches it
warning: in the working copy of 'node_modules/json5/dist/index.min.mjs', LF will be replaced by CRLF the next time Git touches it
warning: in the working copy of 'node_modules/json5/dist/index.mjs', LF will be replaced by CRLF the next time Git touches it
warning: in the working copy of 'node_modules/json5/lib/cli.js', LF will be replaced by CRLF the next time Git touches it
warning: in the working copy of 'node_modules/json5/lib/index.d.ts', LF will be replaced by CRLF the next time Git touches it
warning: in the working copy of 'node_modules/json5/lib/index.js', LF will be replaced by CRLF the next time Git touches it
warning: in the working copy of 'node_modules/json5/lib/parse.d.ts', LF will be replaced by CRLF the next time Git touches it
warning: in the working copy of 'node_modules/json5/lib/parse.js', LF will be replaced by CRLF the next time Git touches it
warning: in the working copy of 'node_modules/json5/lib/register.js', LF will be replaced by CRLF the next time Git touches it
warning: in the working copy of 'node_modules/json5/lib/require.js', LF will be replaced by CRLF the next time Git touches it
warning: in the working copy of 'node_modules/json5/lib/stringify.d.ts', LF will be replaced by CRLF the next time Git touches it
warning: in the working copy of 'node_modules/json5/lib/stringify.js', LF will be replaced by CRLF the next time Git touches it
warning: in the working copy of 'node_modules/json5/lib/unicode.d.ts', LF will be replaced by CRLF the next time Git touches it
warning: in the working copy of 'node_modules/json5/lib/unicode.js', LF will be replaced by CRLF the next time Git touches it
warning: in the working copy of 'node_modules/json5/lib/util.d.ts', LF will be replaced by CRLF the next time Git touches it
warning: in the working copy of 'node_modules/json5/lib/util.js', LF will be replaced by CRLF the next time Git touches it
warning: in the working copy of 'node_modules/json5/package.json', LF will be replaced by CRLF the next time Git touches it
warning: in the working copy of 'node_modules/jsonfile/LICENSE', LF will be replaced by CRLF the next time Git touches it
warning: in the working copy of 'node_modules/jsonfile/README.md', LF will be replaced by CRLF the next time Git touches it
warning: in the working copy of 'node_modules/jsonfile/index.js', LF will be replaced by CRLF the next time Git touches it
warning: in the working copy of 'node_modules/jsonfile/package.json', LF will be replaced by CRLF the next time Git touches it
warning: in the working copy of 'node_modules/jsonfile/utils.js', LF will be replaced by CRLF the next time Git touches it
warning: in the working copy of 'node_modules/keyv/README.md', LF will be replaced by CRLF the next time Git touches it
warning: in the working copy of 'node_modules/keyv/package.json', LF will be replaced by CRLF the next time Git touches it
warning: in the working copy of 'node_modules/keyv/src/index.d.ts', LF will be replaced by CRLF the next time Git touches it
warning: in the working copy of 'node_modules/keyv/src/index.js', LF will be replaced by CRLF the next time Git touches it
warning: in the working copy of 'node_modules/lazy-val/out/main.d.ts', LF will be replaced by CRLF the next time Git touches it
warning: in the working copy of 'node_modules/lazy-val/out/main.js', LF will be replaced by CRLF the next time Git touches it
warning: in the working copy of 'node_modules/lazy-val/package.json', LF will be replaced by CRLF the next time Git touches it
warning: in the working copy of 'node_modules/lazy-val/readme.md', LF will be replaced by CRLF the next time Git touches it
warning: in the working copy of 'node_modules/lodash/LICENSE', LF will be replaced by CRLF the next time Git touches it
warning: in the working copy of 'node_modules/lodash/README.md', LF will be replaced by CRLF the next time Git touches it
warning: in the working copy of 'node_modules/lodash/_DataView.js', LF will be replaced by CRLF the next time Git touches it
warning: in the working copy of 'node_modules/lodash/_Hash.js', LF will be replaced by CRLF the next time Git touches it
warning: in the working copy of 'node_modules/lodash/_LazyWrapper.js', LF will be replaced by CRLF the next time Git touches it
warning: in the working copy of 'node_modules/lodash/_ListCache.js', LF will be replaced by CRLF the next time Git touches it
warning: in the working copy of 'node_modules/lodash/_LodashWrapper.js', LF will be replaced by CRLF the next time Git touches it
warning: in the working copy of 'node_modules/lodash/_Map.js', LF will be replaced by CRLF the next time Git touches it
warning: in the working copy of 'node_modules/lodash/_MapCache.js', LF will be replaced by CRLF the next time Git touches it
warning: in the working copy of 'node_modules/lodash/_Promise.js', LF will be replaced by CRLF the next time Git touches it
warning: in the working copy of 'node_modules/lodash/_Set.js', LF will be replaced by CRLF the next time Git touches it
warning: in the working copy of 'node_modules/lodash/_SetCache.js', LF will be replaced by CRLF the next time Git touches it
warning: in the working copy of 'node_modules/lodash/_Stack.js', LF will be replaced by CRLF the next time Git touches it
warning: in the working copy of 'node_modules/lodash/_Symbol.js', LF will be replaced by CRLF the next time Git touches it
warning: in the working copy of 'node_modules/lodash/_Uint8Array.js', LF will be replaced by CRLF the next time Git touches it
warning: in the working copy of 'node_modules/lodash/_WeakMap.js', LF will be replaced by CRLF the next time Git touches it
warning: in the working copy of 'node_modules/lodash/_apply.js', LF will be replaced by CRLF the next time Git touches it
warning: in the working copy of 'node_modules/lodash/_arrayAggregator.js', LF will be replaced by CRLF the next time Git touches it
warning: in the working copy of 'node_modules/lodash/_arrayEach.js', LF will be replaced by CRLF the next time Git touches it
warning: in the working copy of 'node_modules/lodash/_arrayEachRight.js', LF will be replaced by CRLF the next time Git touches it
warning: in the working copy of 'node_modules/lodash/_arrayEvery.js', LF will be replaced by CRLF the next time Git touches it
warning: in the working copy of 'node_modules/lodash/_arrayFilter.js', LF will be replaced by CRLF the next time Git touches it
warning: in the working copy of 'node_modules/lodash/_arrayIncludes.js', LF will be replaced by CRLF the next time Git touches it
warning: in the working copy of 'node_modules/lodash/_arrayIncludesWith.js', LF will be replaced by CRLF the next time Git touches it
warning: in the working copy of 'node_modules/lodash/_arrayLikeKeys.js', LF will be replaced by CRLF the next time Git touches it
warning: in the working copy of 'node_modules/lodash/_arrayMap.js', LF will be replaced by CRLF the next time Git touches it
warning: in the working copy of 'node_modules/lodash/_arrayPush.js', LF will be replaced by CRLF the next time Git touches it
warning: in the working copy of 'node_modules/lodash/_arrayReduce.js', LF will be replaced by CRLF the next time Git touches it
warning: in the working copy of 'node_modules/lodash/_arrayReduceRight.js', LF will be replaced by CRLF the next time Git touches it
warning: in the working copy of 'node_modules/lodash/_arraySample.js', LF will be replaced by CRLF the next time Git touches it
warning: in the working copy of 'node_modules/lodash/_arraySampleSize.js', LF will be replaced by CRLF the next time Git touches it
warning: in the working copy of 'node_modules/lodash/_arrayShuffle.js', LF will be replaced by CRLF the next time Git touches it
warning: in the working copy of 'node_modules/lodash/_arraySome.js', LF will be replaced by CRLF the next time Git touches it
warning: in the working copy of 'node_modules/lodash/_asciiSize.js', LF will be replaced by CRLF the next time Git touches it
warning: in the working copy of 'node_modules/lodash/_asciiToArray.js', LF will be replaced by CRLF the next time Git touches it
warning: in the working copy of 'node_modules/lodash/_asciiWords.js', LF will be replaced by CRLF the next time Git touches it
warning: in the working copy of 'node_modules/lodash/_assignMergeValue.js', LF will be replaced by CRLF the next time Git touches it
warning: in the working copy of 'node_modules/lodash/_assignValue.js', LF will be replaced by CRLF the next time Git touches it
warning: in the working copy of 'node_modules/lodash/_assocIndexOf.js', LF will be replaced by CRLF the next time Git touches it
warning: in the working copy of 'node_modules/lodash/_baseAggregator.js', LF will be replaced by CRLF the next time Git touches it
warning: in the working copy of 'node_modules/lodash/_baseAssign.js', LF will be replaced by CRLF the next time Git touches it
warning: in the working copy of 'node_modules/lodash/_baseAssignIn.js', LF will be replaced by CRLF the next time Git touches it
warning: in the working copy of 'node_modules/lodash/_baseAssignValue.js', LF will be replaced by CRLF the next time Git touches it
warning: in the working copy of 'node_modules/lodash/_baseAt.js', LF will be replaced by CRLF the next time Git touches it
warning: in the working copy of 'node_modules/lodash/_baseClamp.js', LF will be replaced by CRLF the next time Git touches it
warning: in the working copy of 'node_modules/lodash/_baseClone.js', LF will be replaced by CRLF the next time Git touches it
warning: in the working copy of 'node_modules/lodash/_baseConforms.js', LF will be replaced by CRLF the next time Git touches it
warning: in the working copy of 'node_modules/lodash/_baseConformsTo.js', LF will be replaced by CRLF the next time Git touches it
warning: in the working copy of 'node_modules/lodash/_baseCreate.js', LF will be replaced by CRLF the next time Git touches it
warning: in the working copy of 'node_modules/lodash/_baseDelay.js', LF will be replaced by CRLF the next time Git touches it
warning: in the working copy of 'node_modules/lodash/_baseDifference.js', LF will be replaced by CRLF the next time Git touches it
warning: in the working copy of 'node_modules/lodash/_baseEach.js', LF will be replaced by CRLF the next time Git touches it
warning: in the working copy of 'node_modules/lodash/_baseEachRight.js', LF will be replaced by CRLF the next time Git touches it
warning: in the working copy of 'node_modules/lodash/_baseEvery.js', LF will be replaced by CRLF the next time Git touches it
warning: in the working copy of 'node_modules/lodash/_baseExtremum.js', LF will be replaced by CRLF the next time Git touches it
warning: in the working copy of 'node_modules/lodash/_baseFill.js', LF will be replaced by CRLF the next time Git touches it
warning: in the working copy of 'node_modules/lodash/_baseFilter.js', LF will be replaced by CRLF the next time Git touches it
warning: in the working copy of 'node_modules/lodash/_baseFindIndex.js', LF will be replaced by CRLF the next time Git touches it
warning: in the working copy of 'node_modules/lodash/_baseFindKey.js', LF will be replaced by CRLF the next time Git touches it
warning: in the working copy of 'node_modules/lodash/_baseFlatten.js', LF will be replaced by CRLF the next time Git touches it
warning: in the working copy of 'node_modules/lodash/_baseFor.js', LF will be replaced by CRLF the next time Git touches it
warning: in the working copy of 'node_modules/lodash/_baseForOwn.js', LF will be replaced by CRLF the next time Git touches it
warning: in the working copy of 'node_modules/lodash/_baseForOwnRight.js', LF will be replaced by CRLF the next time Git touches it
warning: in the working copy of 'node_modules/lodash/_baseForRight.js', LF will be replaced by CRLF the next time Git touches it
warning: in the working copy of 'node_modules/lodash/_baseFunctions.js', LF will be replaced by CRLF the next time Git touches it
warning: in the working copy of 'node_modules/lodash/_baseGet.js', LF will be replaced by CRLF the next time Git touches it
warning: in the working copy of 'node_modules/lodash/_baseGetAllKeys.js', LF will be replaced by CRLF the next time Git touches it
warning: in the working copy of 'node_modules/lodash/_baseGetTag.js', LF will be replaced by CRLF the next time Git touches it
warning: in the working copy of 'node_modules/lodash/_baseGt.js', LF will be replaced by CRLF the next time Git touches it
warning: in the working copy of 'node_modules/lodash/_baseHas.js', LF will be replaced by CRLF the next time Git touches it
warning: in the working copy of 'node_modules/lodash/_baseHasIn.js', LF will be replaced by CRLF the next time Git touches it
warning: in the working copy of 'node_modules/lodash/_baseInRange.js', LF will be replaced by CRLF the next time Git touches it
warning: in the working copy of 'node_modules/lodash/_baseIndexOf.js', LF will be replaced by CRLF the next time Git touches it
warning: in the working copy of 'node_modules/lodash/_baseIndexOfWith.js', LF will be replaced by CRLF the next time Git touches it
warning: in the working copy of 'node_modules/lodash/_baseIntersection.js', LF will be replaced by CRLF the next time Git touches it
warning: in the working copy of 'node_modules/lodash/_baseInverter.js', LF will be replaced by CRLF the next time Git touches it
warning: in the working copy of 'node_modules/lodash/_baseInvoke.js', LF will be replaced by CRLF the next time Git touches it
warning: in the working copy of 'node_modules/lodash/_baseIsArguments.js', LF will be replaced by CRLF the next time Git touches it
warning: in the working copy of 'node_modules/lodash/_baseIsArrayBuffer.js', LF will be replaced by CRLF the next time Git touches it
warning: in the working copy of 'node_modules/lodash/_baseIsDate.js', LF will be replaced by CRLF the next time Git touches it
warning: in the working copy of 'node_modules/lodash/_baseIsEqual.js', LF will be replaced by CRLF the next time Git touches it
warning: in the working copy of 'node_modules/lodash/_baseIsEqualDeep.js', LF will be replaced by CRLF the next time Git touches it
warning: in the working copy of 'node_modules/lodash/_baseIsMap.js', LF will be replaced by CRLF the next time Git touches it
warning: in the working copy of 'node_modules/lodash/_baseIsMatch.js', LF will be replaced by CRLF the next time Git touches it
warning: in the working copy of 'node_modules/lodash/_baseIsNaN.js', LF will be replaced by CRLF the next time Git touches it
warning: in the working copy of 'node_modules/lodash/_baseIsNative.js', LF will be replaced by CRLF the next time Git touches it
warning: in the working copy of 'node_modules/lodash/_baseIsRegExp.js', LF will be replaced by CRLF the next time Git touches it
warning: in the working copy of 'node_modules/lodash/_baseIsSet.js', LF will be replaced by CRLF the next time Git touches it
warning: in the working copy of 'node_modules/lodash/_baseIsTypedArray.js', LF will be replaced by CRLF the next time Git touches it
warning: in the working copy of 'node_modules/lodash/_baseIteratee.js', LF will be replaced by CRLF the next time Git touches it
warning: in the working copy of 'node_modules/lodash/_baseKeys.js', LF will be replaced by CRLF the next time Git touches it
warning: in the working copy of 'node_modules/lodash/_baseKeysIn.js', LF will be replaced by CRLF the next time Git touches it
warning: in the working copy of 'node_modules/lodash/_baseLodash.js', LF will be replaced by CRLF the next time Git touches it
warning: in the working copy of 'node_modules/lodash/_baseLt.js', LF will be replaced by CRLF the next time Git touches it
warning: in the working copy of 'node_modules/lodash/_baseMap.js', LF will be replaced by CRLF the next time Git touches it
warning: in the working copy of 'node_modules/lodash/_baseMatches.js', LF will be replaced by CRLF the next time Git touches it
warning: in the working copy of 'node_modules/lodash/_baseMatchesProperty.js', LF will be replaced by CRLF the next time Git touches it
warning: in the working copy of 'node_modules/lodash/_baseMean.js', LF will be replaced by CRLF the next time Git touches it
warning: in the working copy of 'node_modules/lodash/_baseMerge.js', LF will be replaced by CRLF the next time Git touches it
warning: in the working copy of 'node_modules/lodash/_baseMergeDeep.js', LF will be replaced by CRLF the next time Git touches it
warning: in the working copy of 'node_modules/lodash/_baseNth.js', LF will be replaced by CRLF the next time Git touches it
warning: in the working copy of 'node_modules/lodash/_baseOrderBy.js', LF will be replaced by CRLF the next time Git touches it
warning: in the working copy of 'node_modules/lodash/_basePick.js', LF will be replaced by CRLF the next time Git touches it
warning: in the working copy of 'node_modules/lodash/_basePickBy.js', LF will be replaced by CRLF the next time Git touches it
warning: in the working copy of 'node_modules/lodash/_baseProperty.js', LF will be replaced by CRLF the next time Git touches it
warning: in the working copy of 'node_modules/lodash/_basePropertyDeep.js', LF will be replaced by CRLF the next time Git touches it
warning: in the working copy of 'node_modules/lodash/_basePropertyOf.js', LF will be replaced by CRLF the next time Git touches it
warning: in the working copy of 'node_modules/lodash/_basePullAll.js', LF will be replaced by CRLF the next time Git touches it
warning: in the working copy of 'node_modules/lodash/_basePullAt.js', LF will be replaced by CRLF the next time Git touches it
warning: in the working copy of 'node_modules/lodash/_baseRandom.js', LF will be replaced by CRLF the next time Git touches it
warning: in the working copy of 'node_modules/lodash/_baseRange.js', LF will be replaced by CRLF the next time Git touches it
warning: in the working copy of 'node_modules/lodash/_baseReduce.js', LF will be replaced by CRLF the next time Git touches it
warning: in the working copy of 'node_modules/lodash/_baseRepeat.js', LF will be replaced by CRLF the next time Git touches it
warning: in the working copy of 'node_modules/lodash/_baseRest.js', LF will be replaced by CRLF the next time Git touches it
warning: in the working copy of 'node_modules/lodash/_baseSample.js', LF will be replaced by CRLF the next time Git touches it
warning: in the working copy of 'node_modules/lodash/_baseSampleSize.js', LF will be replaced by CRLF the next time Git touches it
warning: in the working copy of 'node_modules/lodash/_baseSet.js', LF will be replaced by CRLF the next time Git touches it
warning: in the working copy of 'node_modules/lodash/_baseSetData.js', LF will be replaced by CRLF the next time Git touches it
warning: in the working copy of 'node_modules/lodash/_baseSetToString.js', LF will be replaced by CRLF the next time Git touches it
warning: in the working copy of 'node_modules/lodash/_baseShuffle.js', LF will be replaced by CRLF the next time Git touches it
warning: in the working copy of 'node_modules/lodash/_baseSlice.js', LF will be replaced by CRLF the next time Git touches it
warning: in the working copy of 'node_modules/lodash/_baseSome.js', LF will be replaced by CRLF the next time Git touches it
warning: in the working copy of 'node_modules/lodash/_baseSortBy.js', LF will be replaced by CRLF the next time Git touches it
warning: in the working copy of 'node_modules/lodash/_baseSortedIndex.js', LF will be replaced by CRLF the next time Git touches it
warning: in the working copy of 'node_modules/lodash/_baseSortedIndexBy.js', LF will be replaced by CRLF the next time Git touches it
warning: in the working copy of 'node_modules/lodash/_baseSortedUniq.js', LF will be replaced by CRLF the next time Git touches it
warning: in the working copy of 'node_modules/lodash/_baseSum.js', LF will be replaced by CRLF the next time Git touches it
warning: in the working copy of 'node_modules/lodash/_baseTimes.js', LF will be replaced by CRLF the next time Git touches it
warning: in the working copy of 'node_modules/lodash/_baseToNumber.js', LF will be replaced by CRLF the next time Git touches it
warning: in the working copy of 'node_modules/lodash/_baseToPairs.js', LF will be replaced by CRLF the next time Git touches it
warning: in the working copy of 'node_modules/lodash/_baseToString.js', LF will be replaced by CRLF the next time Git touches it
warning: in the working copy of 'node_modules/lodash/_baseTrim.js', LF will be replaced by CRLF the next time Git touches it
warning: in the working copy of 'node_modules/lodash/_baseUnary.js', LF will be replaced by CRLF the next time Git touches it
warning: in the working copy of 'node_modules/lodash/_baseUniq.js', LF will be replaced by CRLF the next time Git touches it
warning: in the working copy of 'node_modules/lodash/_baseUnset.js', LF will be replaced by CRLF the next time Git touches it
warning: in the working copy of 'node_modules/lodash/_baseUpdate.js', LF will be replaced by CRLF the next time Git touches it
warning: in the working copy of 'node_modules/lodash/_baseValues.js', LF will be replaced by CRLF the next time Git touches it
warning: in the working copy of 'node_modules/lodash/_baseWhile.js', LF will be replaced by CRLF the next time Git touches it
warning: in the working copy of 'node_modules/lodash/_baseWrapperValue.js', LF will be replaced by CRLF the next time Git touches it
warning: in the working copy of 'node_modules/lodash/_baseXor.js', LF will be replaced by CRLF the next time Git touches it
warning: in the working copy of 'node_modules/lodash/_baseZipObject.js', LF will be replaced by CRLF the next time Git touches it
warning: in the working copy of 'node_modules/lodash/_cacheHas.js', LF will be replaced by CRLF the next time Git touches it
warning: in the working copy of 'node_modules/lodash/_castArrayLikeObject.js', LF will be replaced by CRLF the next time Git touches it
warning: in the working copy of 'node_modules/lodash/_castFunction.js', LF will be replaced by CRLF the next time Git touches it
warning: in the working copy of 'node_modules/lodash/_castPath.js', LF will be replaced by CRLF the next time Git touches it
warning: in the working copy of 'node_modules/lodash/_castRest.js', LF will be replaced by CRLF the next time Git touches it
warning: in the working copy of 'node_modules/lodash/_castSlice.js', LF will be replaced by CRLF the next time Git touches it
warning: in the working copy of 'node_modules/lodash/_charsEndIndex.js', LF will be replaced by CRLF the next time Git touches it
warning: in the working copy of 'node_modules/lodash/_charsStartIndex.js', LF will be replaced by CRLF the next time Git touches it
warning: in the working copy of 'node_modules/lodash/_cloneArrayBuffer.js', LF will be replaced by CRLF the next time Git touches it
warning: in the working copy of 'node_modules/lodash/_cloneBuffer.js', LF will be replaced by CRLF the next time Git touches it
warning: in the working copy of 'node_modules/lodash/_cloneDataView.js', LF will be replaced by CRLF the next time Git touches it
warning: in the working copy of 'node_modules/lodash/_cloneRegExp.js', LF will be replaced by CRLF the next time Git touches it
warning: in the working copy of 'node_modules/lodash/_cloneSymbol.js', LF will be replaced by CRLF the next time Git touches it
warning: in the working copy of 'node_modules/lodash/_cloneTypedArray.js', LF will be replaced by CRLF the next time Git touches it
warning: in the working copy of 'node_modules/lodash/_compareAscending.js', LF will be replaced by CRLF the next time Git touches it
warning: in the working copy of 'node_modules/lodash/_compareMultiple.js', LF will be replaced by CRLF the next time Git touches it
warning: in the working copy of 'node_modules/lodash/_composeArgs.js', LF will be replaced by CRLF the next time Git touches it
warning: in the working copy of 'node_modules/lodash/_composeArgsRight.js', LF will be replaced by CRLF the next time Git touches it
warning: in the working copy of 'node_modules/lodash/_copyArray.js', LF will be replaced by CRLF the next time Git touches it
warning: in the working copy of 'node_modules/lodash/_copyObject.js', LF will be replaced by CRLF the next time Git touches it
warning: in the working copy of 'node_modules/lodash/_copySymbols.js', LF will be replaced by CRLF the next time Git touches it
warning: in the working copy of 'node_modules/lodash/_copySymbolsIn.js', LF will be replaced by CRLF the next time Git touches it
warning: in the working copy of 'node_modules/lodash/_coreJsData.js', LF will be replaced by CRLF the next time Git touches it
warning: in the working copy of 'node_modules/lodash/_countHolders.js', LF will be replaced by CRLF the next time Git touches it
warning: in the working copy of 'node_modules/lodash/_createAggregator.js', LF will be replaced by CRLF the next time Git touches it
warning: in the working copy of 'node_modules/lodash/_createAssigner.js', LF will be replaced by CRLF the next time Git touches it
warning: in the working copy of 'node_modules/lodash/_createBaseEach.js', LF will be replaced by CRLF the next time Git touches it
warning: in the working copy of 'node_modules/lodash/_createBaseFor.js', LF will be replaced by CRLF the next time Git touches it
warning: in the working copy of 'node_modules/lodash/_createBind.js', LF will be replaced by CRLF the next time Git touches it
warning: in the working copy of 'node_modules/lodash/_createCaseFirst.js', LF will be replaced by CRLF the next time Git touches it
warning: in the working copy of 'node_modules/lodash/_createCompounder.js', LF will be replaced by CRLF the next time Git touches it
warning: in the working copy of 'node_modules/lodash/_createCtor.js', LF will be replaced by CRLF the next time Git touches it
warning: in the working copy of 'node_modules/lodash/_createCurry.js', LF will be replaced by CRLF the next time Git touches it
warning: in the working copy of 'node_modules/lodash/_createFind.js', LF will be replaced by CRLF the next time Git touches it
warning: in the working copy of 'node_modules/lodash/_createFlow.js', LF will be replaced by CRLF the next time Git touches it
warning: in the working copy of 'node_modules/lodash/_createHybrid.js', LF will be replaced by CRLF the next time Git touches it
warning: in the working copy of 'node_modules/lodash/_createInverter.js', LF will be replaced by CRLF the next time Git touches it
warning: in the working copy of 'node_modules/lodash/_createMathOperation.js', LF will be replaced by CRLF the next time Git touches it
warning: in the working copy of 'node_modules/lodash/_createOver.js', LF will be replaced by CRLF the next time Git touches it
warning: in the working copy of 'node_modules/lodash/_createPadding.js', LF will be replaced by CRLF the next time Git touches it
warning: in the working copy of 'node_modules/lodash/_createPartial.js', LF will be replaced by CRLF the next time Git touches it
warning: in the working copy of 'node_modules/lodash/_createRange.js', LF will be replaced by CRLF the next time Git touches it
warning: in the working copy of 'node_modules/lodash/_createRecurry.js', LF will be replaced by CRLF the next time Git touches it
warning: in the working copy of 'node_modules/lodash/_createRelationalOperation.js', LF will be replaced by CRLF the next time Git touches it
warning: in the working copy of 'node_modules/lodash/_createRound.js', LF will be replaced by CRLF the next time Git touches it
warning: in the working copy of 'node_modules/lodash/_createSet.js', LF will be replaced by CRLF the next time Git touches it
warning: in the working copy of 'node_modules/lodash/_createToPairs.js', LF will be replaced by CRLF the next time Git touches it
warning: in the working copy of 'node_modules/lodash/_createWrap.js', LF will be replaced by CRLF the next time Git touches it
warning: in the working copy of 'node_modules/lodash/_customDefaultsAssignIn.js', LF will be replaced by CRLF the next time Git touches it
warning: in the working copy of 'node_modules/lodash/_customDefaultsMerge.js', LF will be replaced by CRLF the next time Git touches it
warning: in the working copy of 'node_modules/lodash/_customOmitClone.js', LF will be replaced by CRLF the next time Git touches it
warning: in the working copy of 'node_modules/lodash/_deburrLetter.js', LF will be replaced by CRLF the next time Git touches it
warning: in the working copy of 'node_modules/lodash/_defineProperty.js', LF will be replaced by CRLF the next time Git touches it
warning: in the working copy of 'node_modules/lodash/_equalArrays.js', LF will be replaced by CRLF the next time Git touches it
warning: in the working copy of 'node_modules/lodash/_equalByTag.js', LF will be replaced by CRLF the next time Git touches it
warning: in the working copy of 'node_modules/lodash/_equalObjects.js', LF will be replaced by CRLF the next time Git touches it
warning: in the working copy of 'node_modules/lodash/_escapeHtmlChar.js', LF will be replaced by CRLF the next time Git touches it
warning: in the working copy of 'node_modules/lodash/_escapeStringChar.js', LF will be replaced by CRLF the next time Git touches it
warning: in the working copy of 'node_modules/lodash/_flatRest.js', LF will be replaced by CRLF the next time Git touches it
warning: in the working copy of 'node_modules/lodash/_freeGlobal.js', LF will be replaced by CRLF the next time Git touches it
warning: in the working copy of 'node_modules/lodash/_getAllKeys.js', LF will be replaced by CRLF the next time Git touches it
warning: in the working copy of 'node_modules/lodash/_getAllKeysIn.js', LF will be replaced by CRLF the next time Git touches it
warning: in the working copy of 'node_modules/lodash/_getData.js', LF will be replaced by CRLF the next time Git touches it
warning: in the working copy of 'node_modules/lodash/_getFuncName.js', LF will be replaced by CRLF the next time Git touches it
warning: in the working copy of 'node_modules/lodash/_getHolder.js', LF will be replaced by CRLF the next time Git touches it
warning: in the working copy of 'node_modules/lodash/_getMapData.js', LF will be replaced by CRLF the next time Git touches it
warning: in the working copy of 'node_modules/lodash/_getMatchData.js', LF will be replaced by CRLF the next time Git touches it
warning: in the working copy of 'node_modules/lodash/_getNative.js', LF will be replaced by CRLF the next time Git touches it
warning: in the working copy of 'node_modules/lodash/_getPrototype.js', LF will be replaced by CRLF the next time Git touches it
warning: in the working copy of 'node_modules/lodash/_getRawTag.js', LF will be replaced by CRLF the next time Git touches it
warning: in the working copy of 'node_modules/lodash/_getSymbols.js', LF will be replaced by CRLF the next time Git touches it
warning: in the working copy of 'node_modules/lodash/_getSymbolsIn.js', LF will be replaced by CRLF the next time Git touches it
warning: in the working copy of 'node_modules/lodash/_getTag.js', LF will be replaced by CRLF the next time Git touches it
warning: in the working copy of 'node_modules/lodash/_getValue.js', LF will be replaced by CRLF the next time Git touches it
warning: in the working copy of 'node_modules/lodash/_getView.js', LF will be replaced by CRLF the next time Git touches it
warning: in the working copy of 'node_modules/lodash/_getWrapDetails.js', LF will be replaced by CRLF the next time Git touches it
warning: in the working copy of 'node_modules/lodash/_hasPath.js', LF will be replaced by CRLF the next time Git touches it
warning: in the working copy of 'node_modules/lodash/_hasUnicode.js', LF will be replaced by CRLF the next time Git touches it
warning: in the working copy of 'node_modules/lodash/_hasUnicodeWord.js', LF will be replaced by CRLF the next time Git touches it
warning: in the working copy of 'node_modules/lodash/_hashClear.js', LF will be replaced by CRLF the next time Git touches it
warning: in the working copy of 'node_modules/lodash/_hashDelete.js', LF will be replaced by CRLF the next time Git touches it
warning: in the working copy of 'node_modules/lodash/_hashGet.js', LF will be replaced by CRLF the next time Git touches it
warning: in the working copy of 'node_modules/lodash/_hashHas.js', LF will be replaced by CRLF the next time Git touches it
warning: in the working copy of 'node_modules/lodash/_hashSet.js', LF will be replaced by CRLF the next time Git touches it
warning: in the working copy of 'node_modules/lodash/_initCloneArray.js', LF will be replaced by CRLF the next time Git touches it
warning: in the working copy of 'node_modules/lodash/_initCloneByTag.js', LF will be replaced by CRLF the next time Git touches it
warning: in the working copy of 'node_modules/lodash/_initCloneObject.js', LF will be replaced by CRLF the next time Git touches it
warning: in the working copy of 'node_modules/lodash/_insertWrapDetails.js', LF will be replaced by CRLF the next time Git touches it
warning: in the working copy of 'node_modules/lodash/_isFlattenable.js', LF will be replaced by CRLF the next time Git touches it
warning: in the working copy of 'node_modules/lodash/_isIndex.js', LF will be replaced by CRLF the next time Git touches it
warning: in the working copy of 'node_modules/lodash/_isIterateeCall.js', LF will be replaced by CRLF the next time Git touches it
warning: in the working copy of 'node_modules/lodash/_isKey.js', LF will be replaced by CRLF the next time Git touches it
warning: in the working copy of 'node_modules/lodash/_isKeyable.js', LF will be replaced by CRLF the next time Git touches it
warning: in the working copy of 'node_modules/lodash/_isLaziable.js', LF will be replaced by CRLF the next time Git touches it
warning: in the working copy of 'node_modules/lodash/_isMaskable.js', LF will be replaced by CRLF the next time Git touches it
warning: in the working copy of 'node_modules/lodash/_isMasked.js', LF will be replaced by CRLF the next time Git touches it
warning: in the working copy of 'node_modules/lodash/_isPrototype.js', LF will be replaced by CRLF the next time Git touches it
warning: in the working copy of 'node_modules/lodash/_isStrictComparable.js', LF will be replaced by CRLF the next time Git touches it
warning: in the working copy of 'node_modules/lodash/_iteratorToArray.js', LF will be replaced by CRLF the next time Git touches it
warning: in the working copy of 'node_modules/lodash/_lazyClone.js', LF will be replaced by CRLF the next time Git touches it
warning: in the working copy of 'node_modules/lodash/_lazyReverse.js', LF will be replaced by CRLF the next time Git touches it
warning: in the working copy of 'node_modules/lodash/_lazyValue.js', LF will be replaced by CRLF the next time Git touches it
warning: in the working copy of 'node_modules/lodash/_listCacheClear.js', LF will be replaced by CRLF the next time Git touches it
warning: in the working copy of 'node_modules/lodash/_listCacheDelete.js', LF will be replaced by CRLF the next time Git touches it
warning: in the working copy of 'node_modules/lodash/_listCacheGet.js', LF will be replaced by CRLF the next time Git touches it
warning: in the working copy of 'node_modules/lodash/_listCacheHas.js', LF will be replaced by CRLF the next time Git touches it
warning: in the working copy of 'node_modules/lodash/_listCacheSet.js', LF will be replaced by CRLF the next time Git touches it
warning: in the working copy of 'node_modules/lodash/_mapCacheClear.js', LF will be replaced by CRLF the next time Git touches it
warning: in the working copy of 'node_modules/lodash/_mapCacheDelete.js', LF will be replaced by CRLF the next time Git touches it
warning: in the working copy of 'node_modules/lodash/_mapCacheGet.js', LF will be replaced by CRLF the next time Git touches it
warning: in the working copy of 'node_modules/lodash/_mapCacheHas.js', LF will be replaced by CRLF the next time Git touches it
warning: in the working copy of 'node_modules/lodash/_mapCacheSet.js', LF will be replaced by CRLF the next time Git touches it
warning: in the working copy of 'node_modules/lodash/_mapToArray.js', LF will be replaced by CRLF the next time Git touches it
warning: in the working copy of 'node_modules/lodash/_matchesStrictComparable.js', LF will be replaced by CRLF the next time Git touches it
warning: in the working copy of 'node_modules/lodash/_memoizeCapped.js', LF will be replaced by CRLF the next time Git touches it
warning: in the working copy of 'node_modules/lodash/_mergeData.js', LF will be replaced by CRLF the next time Git touches it
warning: in the working copy of 'node_modules/lodash/_metaMap.js', LF will be replaced by CRLF the next time Git touches it
warning: in the working copy of 'node_modules/lodash/_nativeCreate.js', LF will be replaced by CRLF the next time Git touches it
warning: in the working copy of 'node_modules/lodash/_nativeKeys.js', LF will be replaced by CRLF the next time Git touches it
warning: in the working copy of 'node_modules/lodash/_nativeKeysIn.js', LF will be replaced by CRLF the next time Git touches it
warning: in the working copy of 'node_modules/lodash/_nodeUtil.js', LF will be replaced by CRLF the next time Git touches it
warning: in the working copy of 'node_modules/lodash/_objectToString.js', LF will be replaced by CRLF the next time Git touches it
warning: in the working copy of 'node_modules/lodash/_overArg.js', LF will be replaced by CRLF the next time Git touches it
warning: in the working copy of 'node_modules/lodash/_overRest.js', LF will be replaced by CRLF the next time Git touches it
warning: in the working copy of 'node_modules/lodash/_parent.js', LF will be replaced by CRLF the next time Git touches it
warning: in the working copy of 'node_modules/lodash/_reEscape.js', LF will be replaced by CRLF the next time Git touches it
warning: in the working copy of 'node_modules/lodash/_reEvaluate.js', LF will be replaced by CRLF the next time Git touches it
warning: in the working copy of 'node_modules/lodash/_reInterpolate.js', LF will be replaced by CRLF the next time Git touches it
warning: in the working copy of 'node_modules/lodash/_realNames.js', LF will be replaced by CRLF the next time Git touches it
warning: in the working copy of 'node_modules/lodash/_reorder.js', LF will be replaced by CRLF the next time Git touches it
warning: in the working copy of 'node_modules/lodash/_replaceHolders.js', LF will be replaced by CRLF the next time Git touches it
warning: in the working copy of 'node_modules/lodash/_root.js', LF will be replaced by CRLF the next time Git touches it
warning: in the working copy of 'node_modules/lodash/_safeGet.js', LF will be replaced by CRLF the next time Git touches it
warning: in the working copy of 'node_modules/lodash/_setCacheAdd.js', LF will be replaced by CRLF the next time Git touches it
warning: in the working copy of 'node_modules/lodash/_setCacheHas.js', LF will be replaced by CRLF the next time Git touches it
warning: in the working copy of 'node_modules/lodash/_setData.js', LF will be replaced by CRLF the next time Git touches it
warning: in the working copy of 'node_modules/lodash/_setToArray.js', LF will be replaced by CRLF the next time Git touches it
warning: in the working copy of 'node_modules/lodash/_setToPairs.js', LF will be replaced by CRLF the next time Git touches it
warning: in the working copy of 'node_modules/lodash/_setToString.js', LF will be replaced by CRLF the next time Git touches it
warning: in the working copy of 'node_modules/lodash/_setWrapToString.js', LF will be replaced by CRLF the next time Git touches it
warning: in the working copy of 'node_modules/lodash/_shortOut.js', LF will be replaced by CRLF the next time Git touches it
warning: in the working copy of 'node_modules/lodash/_shuffleSelf.js', LF will be replaced by CRLF the next time Git touches it
warning: in the working copy of 'node_modules/lodash/_stackClear.js', LF will be replaced by CRLF the next time Git touches it
warning: in the working copy of 'node_modules/lodash/_stackDelete.js', LF will be replaced by CRLF the next time Git touches it
warning: in the working copy of 'node_modules/lodash/_stackGet.js', LF will be replaced by CRLF the next time Git touches it
warning: in the working copy of 'node_modules/lodash/_stackHas.js', LF will be replaced by CRLF the next time Git touches it
warning: in the working copy of 'node_modules/lodash/_stackSet.js', LF will be replaced by CRLF the next time Git touches it
warning: in the working copy of 'node_modules/lodash/_strictIndexOf.js', LF will be replaced by CRLF the next time Git touches it
warning: in the working copy of 'node_modules/lodash/_strictLastIndexOf.js', LF will be replaced by CRLF the next time Git touches it
warning: in the working copy of 'node_modules/lodash/_stringSize.js', LF will be replaced by CRLF the next time Git touches it
warning: in the working copy of 'node_modules/lodash/_stringToArray.js', LF will be replaced by CRLF the next time Git touches it
warning: in the working copy of 'node_modules/lodash/_stringToPath.js', LF will be replaced by CRLF the next time Git touches it
warning: in the working copy of 'node_modules/lodash/_toKey.js', LF will be replaced by CRLF the next time Git touches it
warning: in the working copy of 'node_modules/lodash/_toSource.js', LF will be replaced by CRLF the next time Git touches it
warning: in the working copy of 'node_modules/lodash/_trimmedEndIndex.js', LF will be replaced by CRLF the next time Git touches it
warning: in the working copy of 'node_modules/lodash/_unescapeHtmlChar.js', LF will be replaced by CRLF the next time Git touches it
warning: in the working copy of 'node_modules/lodash/_unicodeSize.js', LF will be replaced by CRLF the next time Git touches it
warning: in the working copy of 'node_modules/lodash/_unicodeToArray.js', LF will be replaced by CRLF the next time Git touches it
warning: in the working copy of 'node_modules/lodash/_unicodeWords.js', LF will be replaced by CRLF the next time Git touches it
warning: in the working copy of 'node_modules/lodash/_updateWrapDetails.js', LF will be replaced by CRLF the next time Git touches it
warning: in the working copy of 'node_modules/lodash/_wrapperClone.js', LF will be replaced by CRLF the next time Git touches it
warning: in the working copy of 'node_modules/lodash/add.js', LF will be replaced by CRLF the next time Git touches it
warning: in the working copy of 'node_modules/lodash/after.js', LF will be replaced by CRLF the next time Git touches it
warning: in the working copy of 'node_modules/lodash/array.js', LF will be replaced by CRLF the next time Git touches it
warning: in the working copy of 'node_modules/lodash/ary.js', LF will be replaced by CRLF the next time Git touches it
warning: in the working copy of 'node_modules/lodash/assign.js', LF will be replaced by CRLF the next time Git touches it
warning: in the working copy of 'node_modules/lodash/assignIn.js', LF will be replaced by CRLF the next time Git touches it
warning: in the working copy of 'node_modules/lodash/assignInWith.js', LF will be replaced by CRLF the next time Git touches it
warning: in the working copy of 'node_modules/lodash/assignWith.js', LF will be replaced by CRLF the next time Git touches it
warning: in the working copy of 'node_modules/lodash/at.js', LF will be replaced by CRLF the next time Git touches it
warning: in the working copy of 'node_modules/lodash/attempt.js', LF will be replaced by CRLF the next time Git touches it
warning: in the working copy of 'node_modules/lodash/before.js', LF will be replaced by CRLF the next time Git touches it
warning: in the working copy of 'node_modules/lodash/bind.js', LF will be replaced by CRLF the next time Git touches it
warning: in the working copy of 'node_modules/lodash/bindAll.js', LF will be replaced by CRLF the next time Git touches it
warning: in the working copy of 'node_modules/lodash/bindKey.js', LF will be replaced by CRLF the next time Git touches it
warning: in the working copy of 'node_modules/lodash/camelCase.js', LF will be replaced by CRLF the next time Git touches it
warning: in the working copy of 'node_modules/lodash/capitalize.js', LF will be replaced by CRLF the next time Git touches it
warning: in the working copy of 'node_modules/lodash/castArray.js', LF will be replaced by CRLF the next time Git touches it
warning: in the working copy of 'node_modules/lodash/ceil.js', LF will be replaced by CRLF the next time Git touches it
warning: in the working copy of 'node_modules/lodash/chain.js', LF will be replaced by CRLF the next time Git touches it
warning: in the working copy of 'node_modules/lodash/chunk.js', LF will be replaced by CRLF the next time Git touches it
warning: in the working copy of 'node_modules/lodash/clamp.js', LF will be replaced by CRLF the next time Git touches it
warning: in the working copy of 'node_modules/lodash/clone.js', LF will be replaced by CRLF the next time Git touches it
warning: in the working copy of 'node_modules/lodash/cloneDeep.js', LF will be replaced by CRLF the next time Git touches it
warning: in the working copy of 'node_modules/lodash/cloneDeepWith.js', LF will be replaced by CRLF the next time Git touches it
warning: in the working copy of 'node_modules/lodash/cloneWith.js', LF will be replaced by CRLF the next time Git touches it
warning: in the working copy of 'node_modules/lodash/collection.js', LF will be replaced by CRLF the next time Git touches it
warning: in the working copy of 'node_modules/lodash/commit.js', LF will be replaced by CRLF the next time Git touches it
warning: in the working copy of 'node_modules/lodash/compact.js', LF will be replaced by CRLF the next time Git touches it
warning: in the working copy of 'node_modules/lodash/concat.js', LF will be replaced by CRLF the next time Git touches it
warning: in the working copy of 'node_modules/lodash/cond.js', LF will be replaced by CRLF the next time Git touches it
warning: in the working copy of 'node_modules/lodash/conforms.js', LF will be replaced by CRLF the next time Git touches it
warning: in the working copy of 'node_modules/lodash/conformsTo.js', LF will be replaced by CRLF the next time Git touches it
warning: in the working copy of 'node_modules/lodash/constant.js', LF will be replaced by CRLF the next time Git touches it
warning: in the working copy of 'node_modules/lodash/core.js', LF will be replaced by CRLF the next time Git touches it
warning: in the working copy of 'node_modules/lodash/core.min.js', LF will be replaced by CRLF the next time Git touches it
warning: in the working copy of 'node_modules/lodash/countBy.js', LF will be replaced by CRLF the next time Git touches it
warning: in the working copy of 'node_modules/lodash/create.js', LF will be replaced by CRLF the next time Git touches it
warning: in the working copy of 'node_modules/lodash/curry.js', LF will be replaced by CRLF the next time Git touches it
warning: in the working copy of 'node_modules/lodash/curryRight.js', LF will be replaced by CRLF the next time Git touches it
warning: in the working copy of 'node_modules/lodash/date.js', LF will be replaced by CRLF the next time Git touches it
warning: in the working copy of 'node_modules/lodash/debounce.js', LF will be replaced by CRLF the next time Git touches it
warning: in the working copy of 'node_modules/lodash/deburr.js', LF will be replaced by CRLF the next time Git touches it
warning: in the working copy of 'node_modules/lodash/defaultTo.js', LF will be replaced by CRLF the next time Git touches it
warning: in the working copy of 'node_modules/lodash/defaults.js', LF will be replaced by CRLF the next time Git touches it
warning: in the working copy of 'node_modules/lodash/defaultsDeep.js', LF will be replaced by CRLF the next time Git touches it
warning: in the working copy of 'node_modules/lodash/defer.js', LF will be replaced by CRLF the next time Git touches it
warning: in the working copy of 'node_modules/lodash/delay.js', LF will be replaced by CRLF the next time Git touches it
warning: in the working copy of 'node_modules/lodash/difference.js', LF will be replaced by CRLF the next time Git touches it
warning: in the working copy of 'node_modules/lodash/differenceBy.js', LF will be replaced by CRLF the next time Git touches it
warning: in the working copy of 'node_modules/lodash/differenceWith.js', LF will be replaced by CRLF the next time Git touches it
warning: in the working copy of 'node_modules/lodash/divide.js', LF will be replaced by CRLF the next time Git touches it
warning: in the working copy of 'node_modules/lodash/drop.js', LF will be replaced by CRLF the next time Git touches it
warning: in the working copy of 'node_modules/lodash/dropRight.js', LF will be replaced by CRLF the next time Git touches it
warning: in the working copy of 'node_modules/lodash/dropRightWhile.js', LF will be replaced by CRLF the next time Git touches it
warning: in the working copy of 'node_modules/lodash/dropWhile.js', LF will be replaced by CRLF the next time Git touches it
warning: in the working copy of 'node_modules/lodash/each.js', LF will be replaced by CRLF the next time Git touches it
warning: in the working copy of 'node_modules/lodash/eachRight.js', LF will be replaced by CRLF the next time Git touches it
warning: in the working copy of 'node_modules/lodash/endsWith.js', LF will be replaced by CRLF the next time Git touches it
warning: in the working copy of 'node_modules/lodash/entries.js', LF will be replaced by CRLF the next time Git touches it
warning: in the working copy of 'node_modules/lodash/entriesIn.js', LF will be replaced by CRLF the next time Git touches it
warning: in the working copy of 'node_modules/lodash/eq.js', LF will be replaced by CRLF the next time Git touches it
warning: in the working copy of 'node_modules/lodash/escape.js', LF will be replaced by CRLF the next time Git touches it
warning: in the working copy of 'node_modules/lodash/escapeRegExp.js', LF will be replaced by CRLF the next time Git touches it
warning: in the working copy of 'node_modules/lodash/every.js', LF will be replaced by CRLF the next time Git touches it
warning: in the working copy of 'node_modules/lodash/extend.js', LF will be replaced by CRLF the next time Git touches it
warning: in the working copy of 'node_modules/lodash/extendWith.js', LF will be replaced by CRLF the next time Git touches it
warning: in the working copy of 'node_modules/lodash/fill.js', LF will be replaced by CRLF the next time Git touches it
warning: in the working copy of 'node_modules/lodash/filter.js', LF will be replaced by CRLF the next time Git touches it
warning: in the working copy of 'node_modules/lodash/find.js', LF will be replaced by CRLF the next time Git touches it
warning: in the working copy of 'node_modules/lodash/findIndex.js', LF will be replaced by CRLF the next time Git touches it
warning: in the working copy of 'node_modules/lodash/findKey.js', LF will be replaced by CRLF the next time Git touches it
warning: in the working copy of 'node_modules/lodash/findLast.js', LF will be replaced by CRLF the next time Git touches it
warning: in the working copy of 'node_modules/lodash/findLastIndex.js', LF will be replaced by CRLF the next time Git touches it
warning: in the working copy of 'node_modules/lodash/findLastKey.js', LF will be replaced by CRLF the next time Git touches it
warning: in the working copy of 'node_modules/lodash/first.js', LF will be replaced by CRLF the next time Git touches it
warning: in the working copy of 'node_modules/lodash/flatMap.js', LF will be replaced by CRLF the next time Git touches it
warning: in the working copy of 'node_modules/lodash/flatMapDeep.js', LF will be replaced by CRLF the next time Git touches it
warning: in the working copy of 'node_modules/lodash/flatMapDepth.js', LF will be replaced by CRLF the next time Git touches it
warning: in the working copy of 'node_modules/lodash/flatten.js', LF will be replaced by CRLF the next time Git touches it
warning: in the working copy of 'node_modules/lodash/flattenDeep.js', LF will be replaced by CRLF the next time Git touches it
warning: in the working copy of 'node_modules/lodash/flattenDepth.js', LF will be replaced by CRLF the next time Git touches it
warning: in the working copy of 'node_modules/lodash/flip.js', LF will be replaced by CRLF the next time Git touches it
warning: in the working copy of 'node_modules/lodash/floor.js', LF will be replaced by CRLF the next time Git touches it
warning: in the working copy of 'node_modules/lodash/flow.js', LF will be replaced by CRLF the next time Git touches it
warning: in the working copy of 'node_modules/lodash/flowRight.js', LF will be replaced by CRLF the next time Git touches it
warning: in the working copy of 'node_modules/lodash/forEach.js', LF will be replaced by CRLF the next time Git touches it
warning: in the working copy of 'node_modules/lodash/forEachRight.js', LF will be replaced by CRLF the next time Git touches it
warning: in the working copy of 'node_modules/lodash/forIn.js', LF will be replaced by CRLF the next time Git touches it
warning: in the working copy of 'node_modules/lodash/forInRight.js', LF will be replaced by CRLF the next time Git touches it
warning: in the working copy of 'node_modules/lodash/forOwn.js', LF will be replaced by CRLF the next time Git touches it
warning: in the working copy of 'node_modules/lodash/forOwnRight.js', LF will be replaced by CRLF the next time Git touches it
warning: in the working copy of 'node_modules/lodash/fp.js', LF will be replaced by CRLF the next time Git touches it
warning: in the working copy of 'node_modules/lodash/fp/F.js', LF will be replaced by CRLF the next time Git touches it
warning: in the working copy of 'node_modules/lodash/fp/T.js', LF will be replaced by CRLF the next time Git touches it
warning: in the working copy of 'node_modules/lodash/fp/__.js', LF will be replaced by CRLF the next time Git touches it
warning: in the working copy of 'node_modules/lodash/fp/_baseConvert.js', LF will be replaced by CRLF the next time Git touches it
warning: in the working copy of 'node_modules/lodash/fp/_convertBrowser.js', LF will be replaced by CRLF the next time Git touches it
warning: in the working copy of 'node_modules/lodash/fp/_falseOptions.js', LF will be replaced by CRLF the next time Git touches it
warning: in the working copy of 'node_modules/lodash/fp/_mapping.js', LF will be replaced by CRLF the next time Git touches it
warning: in the working copy of 'node_modules/lodash/fp/_util.js', LF will be replaced by CRLF the next time Git touches it
warning: in the working copy of 'node_modules/lodash/fp/add.js', LF will be replaced by CRLF the next time Git touches it
warning: in the working copy of 'node_modules/lodash/fp/after.js', LF will be replaced by CRLF the next time Git touches it
warning: in the working copy of 'node_modules/lodash/fp/all.js', LF will be replaced by CRLF the next time Git touches it
warning: in the working copy of 'node_modules/lodash/fp/allPass.js', LF will be replaced by CRLF the next time Git touches it
warning: in the working copy of 'node_modules/lodash/fp/always.js', LF will be replaced by CRLF the next time Git touches it
warning: in the working copy of 'node_modules/lodash/fp/any.js', LF will be replaced by CRLF the next time Git touches it
warning: in the working copy of 'node_modules/lodash/fp/anyPass.js', LF will be replaced by CRLF the next time Git touches it
warning: in the working copy of 'node_modules/lodash/fp/apply.js', LF will be replaced by CRLF the next time Git touches it
warning: in the working copy of 'node_modules/lodash/fp/array.js', LF will be replaced by CRLF the next time Git touches it
warning: in the working copy of 'node_modules/lodash/fp/ary.js', LF will be replaced by CRLF the next time Git touches it
warning: in the working copy of 'node_modules/lodash/fp/assign.js', LF will be replaced by CRLF the next time Git touches it
warning: in the working copy of 'node_modules/lodash/fp/assignAll.js', LF will be replaced by CRLF the next time Git touches it
warning: in the working copy of 'node_modules/lodash/fp/assignAllWith.js', LF will be replaced by CRLF the next time Git touches it
warning: in the working copy of 'node_modules/lodash/fp/assignIn.js', LF will be replaced by CRLF the next time Git touches it
warning: in the working copy of 'node_modules/lodash/fp/assignInAll.js', LF will be replaced by CRLF the next time Git touches it
warning: in the working copy of 'node_modules/lodash/fp/assignInAllWith.js', LF will be replaced by CRLF the next time Git touches it
warning: in the working copy of 'node_modules/lodash/fp/assignInWith.js', LF will be replaced by CRLF the next time Git touches it
warning: in the working copy of 'node_modules/lodash/fp/assignWith.js', LF will be replaced by CRLF the next time Git touches it
warning: in the working copy of 'node_modules/lodash/fp/assoc.js', LF will be replaced by CRLF the next time Git touches it
warning: in the working copy of 'node_modules/lodash/fp/assocPath.js', LF will be replaced by CRLF the next time Git touches it
warning: in the working copy of 'node_modules/lodash/fp/at.js', LF will be replaced by CRLF the next time Git touches it
warning: in the working copy of 'node_modules/lodash/fp/attempt.js', LF will be replaced by CRLF the next time Git touches it
warning: in the working copy of 'node_modules/lodash/fp/before.js', LF will be replaced by CRLF the next time Git touches it
warning: in the working copy of 'node_modules/lodash/fp/bind.js', LF will be replaced by CRLF the next time Git touches it
warning: in the working copy of 'node_modules/lodash/fp/bindAll.js', LF will be replaced by CRLF the next time Git touches it
warning: in the working copy of 'node_modules/lodash/fp/bindKey.js', LF will be replaced by CRLF the next time Git touches it
warning: in the working copy of 'node_modules/lodash/fp/camelCase.js', LF will be replaced by CRLF the next time Git touches it
warning: in the working copy of 'node_modules/lodash/fp/capitalize.js', LF will be replaced by CRLF the next time Git touches it
warning: in the working copy of 'node_modules/lodash/fp/castArray.js', LF will be replaced by CRLF the next time Git touches it
warning: in the working copy of 'node_modules/lodash/fp/ceil.js', LF will be replaced by CRLF the next time Git touches it
warning: in the working copy of 'node_modules/lodash/fp/chain.js', LF will be replaced by CRLF the next time Git touches it
warning: in the working copy of 'node_modules/lodash/fp/chunk.js', LF will be replaced by CRLF the next time Git touches it
warning: in the working copy of 'node_modules/lodash/fp/clamp.js', LF will be replaced by CRLF the next time Git touches it
warning: in the working copy of 'node_modules/lodash/fp/clone.js', LF will be replaced by CRLF the next time Git touches it
warning: in the working copy of 'node_modules/lodash/fp/cloneDeep.js', LF will be replaced by CRLF the next time Git touches it
warning: in the working copy of 'node_modules/lodash/fp/cloneDeepWith.js', LF will be replaced by CRLF the next time Git touches it
warning: in the working copy of 'node_modules/lodash/fp/cloneWith.js', LF will be replaced by CRLF the next time Git touches it
warning: in the working copy of 'node_modules/lodash/fp/collection.js', LF will be replaced by CRLF the next time Git touches it
warning: in the working copy of 'node_modules/lodash/fp/commit.js', LF will be replaced by CRLF the next time Git touches it
warning: in the working copy of 'node_modules/lodash/fp/compact.js', LF will be replaced by CRLF the next time Git touches it
warning: in the working copy of 'node_modules/lodash/fp/complement.js', LF will be replaced by CRLF the next time Git touches it
warning: in the working copy of 'node_modules/lodash/fp/compose.js', LF will be replaced by CRLF the next time Git touches it
warning: in the working copy of 'node_modules/lodash/fp/concat.js', LF will be replaced by CRLF the next time Git touches it
warning: in the working copy of 'node_modules/lodash/fp/cond.js', LF will be replaced by CRLF the next time Git touches it
warning: in the working copy of 'node_modules/lodash/fp/conforms.js', LF will be replaced by CRLF the next time Git touches it
warning: in the working copy of 'node_modules/lodash/fp/conformsTo.js', LF will be replaced by CRLF the next time Git touches it
warning: in the working copy of 'node_modules/lodash/fp/constant.js', LF will be replaced by CRLF the next time Git touches it
warning: in the working copy of 'node_modules/lodash/fp/contains.js', LF will be replaced by CRLF the next time Git touches it
warning: in the working copy of 'node_modules/lodash/fp/convert.js', LF will be replaced by CRLF the next time Git touches it
warning: in the working copy of 'node_modules/lodash/fp/countBy.js', LF will be replaced by CRLF the next time Git touches it
warning: in the working copy of 'node_modules/lodash/fp/create.js', LF will be replaced by CRLF the next time Git touches it
warning: in the working copy of 'node_modules/lodash/fp/curry.js', LF will be replaced by CRLF the next time Git touches it
warning: in the working copy of 'node_modules/lodash/fp/curryN.js', LF will be replaced by CRLF the next time Git touches it
warning: in the working copy of 'node_modules/lodash/fp/curryRight.js', LF will be replaced by CRLF the next time Git touches it
warning: in the working copy of 'node_modules/lodash/fp/curryRightN.js', LF will be replaced by CRLF the next time Git touches it
warning: in the working copy of 'node_modules/lodash/fp/date.js', LF will be replaced by CRLF the next time Git touches it
warning: in the working copy of 'node_modules/lodash/fp/debounce.js', LF will be replaced by CRLF the next time Git touches it
warning: in the working copy of 'node_modules/lodash/fp/deburr.js', LF will be replaced by CRLF the next time Git touches it
warning: in the working copy of 'node_modules/lodash/fp/defaultTo.js', LF will be replaced by CRLF the next time Git touches it
warning: in the working copy of 'node_modules/lodash/fp/defaults.js', LF will be replaced by CRLF the next time Git touches it
warning: in the working copy of 'node_modules/lodash/fp/defaultsAll.js', LF will be replaced by CRLF the next time Git touches it
warning: in the working copy of 'node_modules/lodash/fp/defaultsDeep.js', LF will be replaced by CRLF the next time Git touches it
warning: in the working copy of 'node_modules/lodash/fp/defaultsDeepAll.js', LF will be replaced by CRLF the next time Git touches it
warning: in the working copy of 'node_modules/lodash/fp/defer.js', LF will be replaced by CRLF the next time Git touches it
warning: in the working copy of 'node_modules/lodash/fp/delay.js', LF will be replaced by CRLF the next time Git touches it
warning: in the working copy of 'node_modules/lodash/fp/difference.js', LF will be replaced by CRLF the next time Git touches it
warning: in the working copy of 'node_modules/lodash/fp/differenceBy.js', LF will be replaced by CRLF the next time Git touches it
warning: in the working copy of 'node_modules/lodash/fp/differenceWith.js', LF will be replaced by CRLF the next time Git touches it
warning: in the working copy of 'node_modules/lodash/fp/dissoc.js', LF will be replaced by CRLF the next time Git touches it
warning: in the working copy of 'node_modules/lodash/fp/dissocPath.js', LF will be replaced by CRLF the next time Git touches it
warning: in the working copy of 'node_modules/lodash/fp/divide.js', LF will be replaced by CRLF the next time Git touches it
warning: in the working copy of 'node_modules/lodash/fp/drop.js', LF will be replaced by CRLF the next time Git touches it
warning: in the working copy of 'node_modules/lodash/fp/dropLast.js', LF will be replaced by CRLF the next time Git touches it
warning: in the working copy of 'node_modules/lodash/fp/dropLastWhile.js', LF will be replaced by CRLF the next time Git touches it
warning: in the working copy of 'node_modules/lodash/fp/dropRight.js', LF will be replaced by CRLF the next time Git touches it
warning: in the working copy of 'node_modules/lodash/fp/dropRightWhile.js', LF will be replaced by CRLF the next time Git touches it
warning: in the working copy of 'node_modules/lodash/fp/dropWhile.js', LF will be replaced by CRLF the next time Git touches it
warning: in the working copy of 'node_modules/lodash/fp/each.js', LF will be replaced by CRLF the next time Git touches it
warning: in the working copy of 'node_modules/lodash/fp/eachRight.js', LF will be replaced by CRLF the next time Git touches it
warning: in the working copy of 'node_modules/lodash/fp/endsWith.js', LF will be replaced by CRLF the next time Git touches it
warning: in the working copy of 'node_modules/lodash/fp/entries.js', LF will be replaced by CRLF the next time Git touches it
warning: in the working copy of 'node_modules/lodash/fp/entriesIn.js', LF will be replaced by CRLF the next time Git touches it
warning: in the working copy of 'node_modules/lodash/fp/eq.js', LF will be replaced by CRLF the next time Git touches it
warning: in the working copy of 'node_modules/lodash/fp/equals.js', LF will be replaced by CRLF the next time Git touches it
warning: in the working copy of 'node_modules/lodash/fp/escape.js', LF will be replaced by CRLF the next time Git touches it
warning: in the working copy of 'node_modules/lodash/fp/escapeRegExp.js', LF will be replaced by CRLF the next time Git touches it
warning: in the working copy of 'node_modules/lodash/fp/every.js', LF will be replaced by CRLF the next time Git touches it
warning: in the working copy of 'node_modules/lodash/fp/extend.js', LF will be replaced by CRLF the next time Git touches it
warning: in the working copy of 'node_modules/lodash/fp/extendAll.js', LF will be replaced by CRLF the next time Git touches it
warning: in the working copy of 'node_modules/lodash/fp/extendAllWith.js', LF will be replaced by CRLF the next time Git touches it
warning: in the working copy of 'node_modules/lodash/fp/extendWith.js', LF will be replaced by CRLF the next time Git touches it
warning: in the working copy of 'node_modules/lodash/fp/fill.js', LF will be replaced by CRLF the next time Git touches it
warning: in the working copy of 'node_modules/lodash/fp/filter.js', LF will be replaced by CRLF the next time Git touches it
warning: in the working copy of 'node_modules/lodash/fp/find.js', LF will be replaced by CRLF the next time Git touches it
warning: in the working copy of 'node_modules/lodash/fp/findFrom.js', LF will be replaced by CRLF the next time Git touches it
warning: in the working copy of 'node_modules/lodash/fp/findIndex.js', LF will be replaced by CRLF the next time Git touches it
warning: in the working copy of 'node_modules/lodash/fp/findIndexFrom.js', LF will be replaced by CRLF the next time Git touches it
warning: in the working copy of 'node_modules/lodash/fp/findKey.js', LF will be replaced by CRLF the next time Git touches it
warning: in the working copy of 'node_modules/lodash/fp/findLast.js', LF will be replaced by CRLF the next time Git touches it
warning: in the working copy of 'node_modules/lodash/fp/findLastFrom.js', LF will be replaced by CRLF the next time Git touches it
warning: in the working copy of 'node_modules/lodash/fp/findLastIndex.js', LF will be replaced by CRLF the next time Git touches it
warning: in the working copy of 'node_modules/lodash/fp/findLastIndexFrom.js', LF will be replaced by CRLF the next time Git touches it
warning: in the working copy of 'node_modules/lodash/fp/findLastKey.js', LF will be replaced by CRLF the next time Git touches it
warning: in the working copy of 'node_modules/lodash/fp/first.js', LF will be replaced by CRLF the next time Git touches it
warning: in the working copy of 'node_modules/lodash/fp/flatMap.js', LF will be replaced by CRLF the next time Git touches it
warning: in the working copy of 'node_modules/lodash/fp/flatMapDeep.js', LF will be replaced by CRLF the next time Git touches it
warning: in the working copy of 'node_modules/lodash/fp/flatMapDepth.js', LF will be replaced by CRLF the next time Git touches it
warning: in the working copy of 'node_modules/lodash/fp/flatten.js', LF will be replaced by CRLF the next time Git touches it
warning: in the working copy of 'node_modules/lodash/fp/flattenDeep.js', LF will be replaced by CRLF the next time Git touches it
warning: in the working copy of 'node_modules/lodash/fp/flattenDepth.js', LF will be replaced by CRLF the next time Git touches it
warning: in the working copy of 'node_modules/lodash/fp/flip.js', LF will be replaced by CRLF the next time Git touches it
warning: in the working copy of 'node_modules/lodash/fp/floor.js', LF will be replaced by CRLF the next time Git touches it
warning: in the working copy of 'node_modules/lodash/fp/flow.js', LF will be replaced by CRLF the next time Git touches it
warning: in the working copy of 'node_modules/lodash/fp/flowRight.js', LF will be replaced by CRLF the next time Git touches it
warning: in the working copy of 'node_modules/lodash/fp/forEach.js', LF will be replaced by CRLF the next time Git touches it
warning: in the working copy of 'node_modules/lodash/fp/forEachRight.js', LF will be replaced by CRLF the next time Git touches it
warning: in the working copy of 'node_modules/lodash/fp/forIn.js', LF will be replaced by CRLF the next time Git touches it
warning: in the working copy of 'node_modules/lodash/fp/forInRight.js', LF will be replaced by CRLF the next time Git touches it
warning: in the working copy of 'node_modules/lodash/fp/forOwn.js', LF will be replaced by CRLF the next time Git touches it
warning: in the working copy of 'node_modules/lodash/fp/forOwnRight.js', LF will be replaced by CRLF the next time Git touches it
warning: in the working copy of 'node_modules/lodash/fp/fromPairs.js', LF will be replaced by CRLF the next time Git touches it
warning: in the working copy of 'node_modules/lodash/fp/function.js', LF will be replaced by CRLF the next time Git touches it
warning: in the working copy of 'node_modules/lodash/fp/functions.js', LF will be replaced by CRLF the next time Git touches it
warning: in the working copy of 'node_modules/lodash/fp/functionsIn.js', LF will be replaced by CRLF the next time Git touches it
warning: in the working copy of 'node_modules/lodash/fp/get.js', LF will be replaced by CRLF the next time Git touches it
warning: in the working copy of 'node_modules/lodash/fp/getOr.js', LF will be replaced by CRLF the next time Git touches it
warning: in the working copy of 'node_modules/lodash/fp/groupBy.js', LF will be replaced by CRLF the next time Git touches it
warning: in the working copy of 'node_modules/lodash/fp/gt.js', LF will be replaced by CRLF the next time Git touches it
warning: in the working copy of 'node_modules/lodash/fp/gte.js', LF will be replaced by CRLF the next time Git touches it
warning: in the working copy of 'node_modules/lodash/fp/has.js', LF will be replaced by CRLF the next time Git touches it
warning: in the working copy of 'node_modules/lodash/fp/hasIn.js', LF will be replaced by CRLF the next time Git touches it
warning: in the working copy of 'node_modules/lodash/fp/head.js', LF will be replaced by CRLF the next time Git touches it
warning: in the working copy of 'node_modules/lodash/fp/identical.js', LF will be replaced by CRLF the next time Git touches it
warning: in the working copy of 'node_modules/lodash/fp/identity.js', LF will be replaced by CRLF the next time Git touches it
warning: in the working copy of 'node_modules/lodash/fp/inRange.js', LF will be replaced by CRLF the next time Git touches it
warning: in the working copy of 'node_modules/lodash/fp/includes.js', LF will be replaced by CRLF the next time Git touches it
warning: in the working copy of 'node_modules/lodash/fp/includesFrom.js', LF will be replaced by CRLF the next time Git touches it
warning: in the working copy of 'node_modules/lodash/fp/indexBy.js', LF will be replaced by CRLF the next time Git touches it
warning: in the working copy of 'node_modules/lodash/fp/indexOf.js', LF will be replaced by CRLF the next time Git touches it
warning: in the working copy of 'node_modules/lodash/fp/indexOfFrom.js', LF will be replaced by CRLF the next time Git touches it
warning: in the working copy of 'node_modules/lodash/fp/init.js', LF will be replaced by CRLF the next time Git touches it
warning: in the working copy of 'node_modules/lodash/fp/initial.js', LF will be replaced by CRLF the next time Git touches it
warning: in the working copy of 'node_modules/lodash/fp/intersection.js', LF will be replaced by CRLF the next time Git touches it
warning: in the working copy of 'node_modules/lodash/fp/intersectionBy.js', LF will be replaced by CRLF the next time Git touches it
warning: in the working copy of 'node_modules/lodash/fp/intersectionWith.js', LF will be replaced by CRLF the next time Git touches it
warning: in the working copy of 'node_modules/lodash/fp/invert.js', LF will be replaced by CRLF the next time Git touches it
warning: in the working copy of 'node_modules/lodash/fp/invertBy.js', LF will be replaced by CRLF the next time Git touches it
warning: in the working copy of 'node_modules/lodash/fp/invertObj.js', LF will be replaced by CRLF the next time Git touches it
warning: in the working copy of 'node_modules/lodash/fp/invoke.js', LF will be replaced by CRLF the next time Git touches it
warning: in the working copy of 'node_modules/lodash/fp/invokeArgs.js', LF will be replaced by CRLF the next time Git touches it
warning: in the working copy of 'node_modules/lodash/fp/invokeArgsMap.js', LF will be replaced by CRLF the next time Git touches it
warning: in the working copy of 'node_modules/lodash/fp/invokeMap.js', LF will be replaced by CRLF the next time Git touches it
warning: in the working copy of 'node_modules/lodash/fp/isArguments.js', LF will be replaced by CRLF the next time Git touches it
warning: in the working copy of 'node_modules/lodash/fp/isArray.js', LF will be replaced by CRLF the next time Git touches it
warning: in the working copy of 'node_modules/lodash/fp/isArrayBuffer.js', LF will be replaced by CRLF the next time Git touches it
warning: in the working copy of 'node_modules/lodash/fp/isArrayLike.js', LF will be replaced by CRLF the next time Git touches it
warning: in the working copy of 'node_modules/lodash/fp/isArrayLikeObject.js', LF will be replaced by CRLF the next time Git touches it
warning: in the working copy of 'node_modules/lodash/fp/isBoolean.js', LF will be replaced by CRLF the next time Git touches it
warning: in the working copy of 'node_modules/lodash/fp/isBuffer.js', LF will be replaced by CRLF the next time Git touches it
warning: in the working copy of 'node_modules/lodash/fp/isDate.js', LF will be replaced by CRLF the next time Git touches it
warning: in the working copy of 'node_modules/lodash/fp/isElement.js', LF will be replaced by CRLF the next time Git touches it
warning: in the working copy of 'node_modules/lodash/fp/isEmpty.js', LF will be replaced by CRLF the next time Git touches it
warning: in the working copy of 'node_modules/lodash/fp/isEqual.js', LF will be replaced by CRLF the next time Git touches it
warning: in the working copy of 'node_modules/lodash/fp/isEqualWith.js', LF will be replaced by CRLF the next time Git touches it
warning: in the working copy of 'node_modules/lodash/fp/isError.js', LF will be replaced by CRLF the next time Git touches it
warning: in the working copy of 'node_modules/lodash/fp/isFinite.js', LF will be replaced by CRLF the next time Git touches it
warning: in the working copy of 'node_modules/lodash/fp/isFunction.js', LF will be replaced by CRLF the next time Git touches it
warning: in the working copy of 'node_modules/lodash/fp/isInteger.js', LF will be replaced by CRLF the next time Git touches it
warning: in the working copy of 'node_modules/lodash/fp/isLength.js', LF will be replaced by CRLF the next time Git touches it
warning: in the working copy of 'node_modules/lodash/fp/isMap.js', LF will be replaced by CRLF the next time Git touches it
warning: in the working copy of 'node_modules/lodash/fp/isMatch.js', LF will be replaced by CRLF the next time Git touches it
warning: in the working copy of 'node_modules/lodash/fp/isMatchWith.js', LF will be replaced by CRLF the next time Git touches it
warning: in the working copy of 'node_modules/lodash/fp/isNaN.js', LF will be replaced by CRLF the next time Git touches it
warning: in the working copy of 'node_modules/lodash/fp/isNative.js', LF will be replaced by CRLF the next time Git touches it
warning: in the working copy of 'node_modules/lodash/fp/isNil.js', LF will be replaced by CRLF the next time Git touches it
warning: in the working copy of 'node_modules/lodash/fp/isNull.js', LF will be replaced by CRLF the next time Git touches it
warning: in the working copy of 'node_modules/lodash/fp/isNumber.js', LF will be replaced by CRLF the next time Git touches it
warning: in the working copy of 'node_modules/lodash/fp/isObject.js', LF will be replaced by CRLF the next time Git touches it
warning: in the working copy of 'node_modules/lodash/fp/isObjectLike.js', LF will be replaced by CRLF the next time Git touches it
warning: in the working copy of 'node_modules/lodash/fp/isPlainObject.js', LF will be replaced by CRLF the next time Git touches it
warning: in the working copy of 'node_modules/lodash/fp/isRegExp.js', LF will be replaced by CRLF the next time Git touches it
warning: in the working copy of 'node_modules/lodash/fp/isSafeInteger.js', LF will be replaced by CRLF the next time Git touches it
warning: in the working copy of 'node_modules/lodash/fp/isSet.js', LF will be replaced by CRLF the next time Git touches it
warning: in the working copy of 'node_modules/lodash/fp/isString.js', LF will be replaced by CRLF the next time Git touches it
warning: in the working copy of 'node_modules/lodash/fp/isSymbol.js', LF will be replaced by CRLF the next time Git touches it
warning: in the working copy of 'node_modules/lodash/fp/isTypedArray.js', LF will be replaced by CRLF the next time Git touches it
warning: in the working copy of 'node_modules/lodash/fp/isUndefined.js', LF will be replaced by CRLF the next time Git touches it
warning: in the working copy of 'node_modules/lodash/fp/isWeakMap.js', LF will be replaced by CRLF the next time Git touches it
warning: in the working copy of 'node_modules/lodash/fp/isWeakSet.js', LF will be replaced by CRLF the next time Git touches it
warning: in the working copy of 'node_modules/lodash/fp/iteratee.js', LF will be replaced by CRLF the next time Git touches it
warning: in the working copy of 'node_modules/lodash/fp/join.js', LF will be replaced by CRLF the next time Git touches it
warning: in the working copy of 'node_modules/lodash/fp/juxt.js', LF will be replaced by CRLF the next time Git touches it
warning: in the working copy of 'node_modules/lodash/fp/kebabCase.js', LF will be replaced by CRLF the next time Git touches it
warning: in the working copy of 'node_modules/lodash/fp/keyBy.js', LF will be replaced by CRLF the next time Git touches it
warning: in the working copy of 'node_modules/lodash/fp/keys.js', LF will be replaced by CRLF the next time Git touches it
warning: in the working copy of 'node_modules/lodash/fp/keysIn.js', LF will be replaced by CRLF the next time Git touches it
warning: in the working copy of 'node_modules/lodash/fp/lang.js', LF will be replaced by CRLF the next time Git touches it
warning: in the working copy of 'node_modules/lodash/fp/last.js', LF will be replaced by CRLF the next time Git touches it
warning: in the working copy of 'node_modules/lodash/fp/lastIndexOf.js', LF will be replaced by CRLF the next time Git touches it
warning: in the working copy of 'node_modules/lodash/fp/lastIndexOfFrom.js', LF will be replaced by CRLF the next time Git touches it
warning: in the working copy of 'node_modules/lodash/fp/lowerCase.js', LF will be replaced by CRLF the next time Git touches it
warning: in the working copy of 'node_modules/lodash/fp/lowerFirst.js', LF will be replaced by CRLF the next time Git touches it
warning: in the working copy of 'node_modules/lodash/fp/lt.js', LF will be replaced by CRLF the next time Git touches it
warning: in the working copy of 'node_modules/lodash/fp/lte.js', LF will be replaced by CRLF the next time Git touches it
warning: in the working copy of 'node_modules/lodash/fp/map.js', LF will be replaced by CRLF the next time Git touches it
warning: in the working copy of 'node_modules/lodash/fp/mapKeys.js', LF will be replaced by CRLF the next time Git touches it
warning: in the working copy of 'node_modules/lodash/fp/mapValues.js', LF will be replaced by CRLF the next time Git touches it
warning: in the working copy of 'node_modules/lodash/fp/matches.js', LF will be replaced by CRLF the next time Git touches it
warning: in the working copy of 'node_modules/lodash/fp/matchesProperty.js', LF will be replaced by CRLF the next time Git touches it
warning: in the working copy of 'node_modules/lodash/fp/math.js', LF will be replaced by CRLF the next time Git touches it
warning: in the working copy of 'node_modules/lodash/fp/max.js', LF will be replaced by CRLF the next time Git touches it
warning: in the working copy of 'node_modules/lodash/fp/maxBy.js', LF will be replaced by CRLF the next time Git touches it
warning: in the working copy of 'node_modules/lodash/fp/mean.js', LF will be replaced by CRLF the next time Git touches it
warning: in the working copy of 'node_modules/lodash/fp/meanBy.js', LF will be replaced by CRLF the next time Git touches it
warning: in the working copy of 'node_modules/lodash/fp/memoize.js', LF will be replaced by CRLF the next time Git touches it
warning: in the working copy of 'node_modules/lodash/fp/merge.js', LF will be replaced by CRLF the next time Git touches it
warning: in the working copy of 'node_modules/lodash/fp/mergeAll.js', LF will be replaced by CRLF the next time Git touches it
warning: in the working copy of 'node_modules/lodash/fp/mergeAllWith.js', LF will be replaced by CRLF the next time Git touches it
warning: in the working copy of 'node_modules/lodash/fp/mergeWith.js', LF will be replaced by CRLF the next time Git touches it
warning: in the working copy of 'node_modules/lodash/fp/method.js', LF will be replaced by CRLF the next time Git touches it
warning: in the working copy of 'node_modules/lodash/fp/methodOf.js', LF will be replaced by CRLF the next time Git touches it
warning: in the working copy of 'node_modules/lodash/fp/min.js', LF will be replaced by CRLF the next time Git touches it
warning: in the working copy of 'node_modules/lodash/fp/minBy.js', LF will be replaced by CRLF the next time Git touches it
warning: in the working copy of 'node_modules/lodash/fp/mixin.js', LF will be replaced by CRLF the next time Git touches it
warning: in the working copy of 'node_modules/lodash/fp/multiply.js', LF will be replaced by CRLF the next time Git touches it
warning: in the working copy of 'node_modules/lodash/fp/nAry.js', LF will be replaced by CRLF the next time Git touches it
warning: in the working copy of 'node_modules/lodash/fp/negate.js', LF will be replaced by CRLF the next time Git touches it
warning: in the working copy of 'node_modules/lodash/fp/next.js', LF will be replaced by CRLF the next time Git touches it
warning: in the working copy of 'node_modules/lodash/fp/noop.js', LF will be replaced by CRLF the next time Git touches it
warning: in the working copy of 'node_modules/lodash/fp/now.js', LF will be replaced by CRLF the next time Git touches it
warning: in the working copy of 'node_modules/lodash/fp/nth.js', LF will be replaced by CRLF the next time Git touches it
warning: in the working copy of 'node_modules/lodash/fp/nthArg.js', LF will be replaced by CRLF the next time Git touches it
warning: in the working copy of 'node_modules/lodash/fp/number.js', LF will be replaced by CRLF the next time Git touches it
warning: in the working copy of 'node_modules/lodash/fp/object.js', LF will be replaced by CRLF the next time Git touches it
warning: in the working copy of 'node_modules/lodash/fp/omit.js', LF will be replaced by CRLF the next time Git touches it
warning: in the working copy of 'node_modules/lodash/fp/omitAll.js', LF will be replaced by CRLF the next time Git touches it
warning: in the working copy of 'node_modules/lodash/fp/omitBy.js', LF will be replaced by CRLF the next time Git touches it
warning: in the working copy of 'node_modules/lodash/fp/once.js', LF will be replaced by CRLF the next time Git touches it
warning: in the working copy of 'node_modules/lodash/fp/orderBy.js', LF will be replaced by CRLF the next time Git touches it
warning: in the working copy of 'node_modules/lodash/fp/over.js', LF will be replaced by CRLF the next time Git touches it
warning: in the working copy of 'node_modules/lodash/fp/overArgs.js', LF will be replaced by CRLF the next time Git touches it
warning: in the working copy of 'node_modules/lodash/fp/overEvery.js', LF will be replaced by CRLF the next time Git touches it
warning: in the working copy of 'node_modules/lodash/fp/overSome.js', LF will be replaced by CRLF the next time Git touches it
warning: in the working copy of 'node_modules/lodash/fp/pad.js', LF will be replaced by CRLF the next time Git touches it
warning: in the working copy of 'node_modules/lodash/fp/padChars.js', LF will be replaced by CRLF the next time Git touches it
warning: in the working copy of 'node_modules/lodash/fp/padCharsEnd.js', LF will be replaced by CRLF the next time Git touches it
warning: in the working copy of 'node_modules/lodash/fp/padCharsStart.js', LF will be replaced by CRLF the next time Git touches it
warning: in the working copy of 'node_modules/lodash/fp/padEnd.js', LF will be replaced by CRLF the next time Git touches it
warning: in the working copy of 'node_modules/lodash/fp/padStart.js', LF will be replaced by CRLF the next time Git touches it
warning: in the working copy of 'node_modules/lodash/fp/parseInt.js', LF will be replaced by CRLF the next time Git touches it
warning: in the working copy of 'node_modules/lodash/fp/partial.js', LF will be replaced by CRLF the next time Git touches it
warning: in the working copy of 'node_modules/lodash/fp/partialRight.js', LF will be replaced by CRLF the next time Git touches it
warning: in the working copy of 'node_modules/lodash/fp/partition.js', LF will be replaced by CRLF the next time Git touches it
warning: in the working copy of 'node_modules/lodash/fp/path.js', LF will be replaced by CRLF the next time Git touches it
warning: in the working copy of 'node_modules/lodash/fp/pathEq.js', LF will be replaced by CRLF the next time Git touches it
warning: in the working copy of 'node_modules/lodash/fp/pathOr.js', LF will be replaced by CRLF the next time Git touches it
warning: in the working copy of 'node_modules/lodash/fp/paths.js', LF will be replaced by CRLF the next time Git touches it
warning: in the working copy of 'node_modules/lodash/fp/pick.js', LF will be replaced by CRLF the next time Git touches it
warning: in the working copy of 'node_modules/lodash/fp/pickAll.js', LF will be replaced by CRLF the next time Git touches it
warning: in the working copy of 'node_modules/lodash/fp/pickBy.js', LF will be replaced by CRLF the next time Git touches it
warning: in the working copy of 'node_modules/lodash/fp/pipe.js', LF will be replaced by CRLF the next time Git touches it
warning: in the working copy of 'node_modules/lodash/fp/placeholder.js', LF will be replaced by CRLF the next time Git touches it
warning: in the working copy of 'node_modules/lodash/fp/plant.js', LF will be replaced by CRLF the next time Git touches it
warning: in the working copy of 'node_modules/lodash/fp/pluck.js', LF will be replaced by CRLF the next time Git touches it
warning: in the working copy of 'node_modules/lodash/fp/prop.js', LF will be replaced by CRLF the next time Git touches it
warning: in the working copy of 'node_modules/lodash/fp/propEq.js', LF will be replaced by CRLF the next time Git touches it
warning: in the working copy of 'node_modules/lodash/fp/propOr.js', LF will be replaced by CRLF the next time Git touches it
warning: in the working copy of 'node_modules/lodash/fp/property.js', LF will be replaced by CRLF the next time Git touches it
warning: in the working copy of 'node_modules/lodash/fp/propertyOf.js', LF will be replaced by CRLF the next time Git touches it
warning: in the working copy of 'node_modules/lodash/fp/props.js', LF will be replaced by CRLF the next time Git touches it
warning: in the working copy of 'node_modules/lodash/fp/pull.js', LF will be replaced by CRLF the next time Git touches it
warning: in the working copy of 'node_modules/lodash/fp/pullAll.js', LF will be replaced by CRLF the next time Git touches it
warning: in the working copy of 'node_modules/lodash/fp/pullAllBy.js', LF will be replaced by CRLF the next time Git touches it
warning: in the working copy of 'node_modules/lodash/fp/pullAllWith.js', LF will be replaced by CRLF the next time Git touches it
warning: in the working copy of 'node_modules/lodash/fp/pullAt.js', LF will be replaced by CRLF the next time Git touches it
warning: in the working copy of 'node_modules/lodash/fp/random.js', LF will be replaced by CRLF the next time Git touches it
warning: in the working copy of 'node_modules/lodash/fp/range.js', LF will be replaced by CRLF the next time Git touches it
warning: in the working copy of 'node_modules/lodash/fp/rangeRight.js', LF will be replaced by CRLF the next time Git touches it
warning: in the working copy of 'node_modules/lodash/fp/rangeStep.js', LF will be replaced by CRLF the next time Git touches it
warning: in the working copy of 'node_modules/lodash/fp/rangeStepRight.js', LF will be replaced by CRLF the next time Git touches it
warning: in the working copy of 'node_modules/lodash/fp/rearg.js', LF will be replaced by CRLF the next time Git touches it
warning: in the working copy of 'node_modules/lodash/fp/reduce.js', LF will be replaced by CRLF the next time Git touches it
warning: in the working copy of 'node_modules/lodash/fp/reduceRight.js', LF will be replaced by CRLF the next time Git touches it
warning: in the working copy of 'node_modules/lodash/fp/reject.js', LF will be replaced by CRLF the next time Git touches it
warning: in the working copy of 'node_modules/lodash/fp/remove.js', LF will be replaced by CRLF the next time Git touches it
warning: in the working copy of 'node_modules/lodash/fp/repeat.js', LF will be replaced by CRLF the next time Git touches it
warning: in the working copy of 'node_modules/lodash/fp/replace.js', LF will be replaced by CRLF the next time Git touches it
warning: in the working copy of 'node_modules/lodash/fp/rest.js', LF will be replaced by CRLF the next time Git touches it
warning: in the working copy of 'node_modules/lodash/fp/restFrom.js', LF will be replaced by CRLF the next time Git touches it
warning: in the working copy of 'node_modules/lodash/fp/result.js', LF will be replaced by CRLF the next time Git touches it
warning: in the working copy of 'node_modules/lodash/fp/reverse.js', LF will be replaced by CRLF the next time Git touches it
warning: in the working copy of 'node_modules/lodash/fp/round.js', LF will be replaced by CRLF the next time Git touches it
warning: in the working copy of 'node_modules/lodash/fp/sample.js', LF will be replaced by CRLF the next time Git touches it
warning: in the working copy of 'node_modules/lodash/fp/sampleSize.js', LF will be replaced by CRLF the next time Git touches it
warning: in the working copy of 'node_modules/lodash/fp/seq.js', LF will be replaced by CRLF the next time Git touches it
warning: in the working copy of 'node_modules/lodash/fp/set.js', LF will be replaced by CRLF the next time Git touches it
warning: in the working copy of 'node_modules/lodash/fp/setWith.js', LF will be replaced by CRLF the next time Git touches it
warning: in the working copy of 'node_modules/lodash/fp/shuffle.js', LF will be replaced by CRLF the next time Git touches it
warning: in the working copy of 'node_modules/lodash/fp/size.js', LF will be replaced by CRLF the next time Git touches it
warning: in the working copy of 'node_modules/lodash/fp/slice.js', LF will be replaced by CRLF the next time Git touches it
warning: in the working copy of 'node_modules/lodash/fp/snakeCase.js', LF will be replaced by CRLF the next time Git touches it
warning: in the working copy of 'node_modules/lodash/fp/some.js', LF will be replaced by CRLF the next time Git touches it
warning: in the working copy of 'node_modules/lodash/fp/sortBy.js', LF will be replaced by CRLF the next time Git touches it
warning: in the working copy of 'node_modules/lodash/fp/sortedIndex.js', LF will be replaced by CRLF the next time Git touches it
warning: in the working copy of 'node_modules/lodash/fp/sortedIndexBy.js', LF will be replaced by CRLF the next time Git touches it
warning: in the working copy of 'node_modules/lodash/fp/sortedIndexOf.js', LF will be replaced by CRLF the next time Git touches it
warning: in the working copy of 'node_modules/lodash/fp/sortedLastIndex.js', LF will be replaced by CRLF the next time Git touches it
warning: in the working copy of 'node_modules/lodash/fp/sortedLastIndexBy.js', LF will be replaced by CRLF the next time Git touches it
warning: in the working copy of 'node_modules/lodash/fp/sortedLastIndexOf.js', LF will be replaced by CRLF the next time Git touches it
warning: in the working copy of 'node_modules/lodash/fp/sortedUniq.js', LF will be replaced by CRLF the next time Git touches it
warning: in the working copy of 'node_modules/lodash/fp/sortedUniqBy.js', LF will be replaced by CRLF the next time Git touches it
warning: in the working copy of 'node_modules/lodash/fp/split.js', LF will be replaced by CRLF the next time Git touches it
warning: in the working copy of 'node_modules/lodash/fp/spread.js', LF will be replaced by CRLF the next time Git touches it
warning: in the working copy of 'node_modules/lodash/fp/spreadFrom.js', LF will be replaced by CRLF the next time Git touches it
warning: in the working copy of 'node_modules/lodash/fp/startCase.js', LF will be replaced by CRLF the next time Git touches it
warning: in the working copy of 'node_modules/lodash/fp/startsWith.js', LF will be replaced by CRLF the next time Git touches it
warning: in the working copy of 'node_modules/lodash/fp/string.js', LF will be replaced by CRLF the next time Git touches it
warning: in the working copy of 'node_modules/lodash/fp/stubArray.js', LF will be replaced by CRLF the next time Git touches it
warning: in the working copy of 'node_modules/lodash/fp/stubFalse.js', LF will be replaced by CRLF the next time Git touches it
warning: in the working copy of 'node_modules/lodash/fp/stubObject.js', LF will be replaced by CRLF the next time Git touches it
warning: in the working copy of 'node_modules/lodash/fp/stubString.js', LF will be replaced by CRLF the next time Git touches it
warning: in the working copy of 'node_modules/lodash/fp/stubTrue.js', LF will be replaced by CRLF the next time Git touches it
warning: in the working copy of 'node_modules/lodash/fp/subtract.js', LF will be replaced by CRLF the next time Git touches it
warning: in the working copy of 'node_modules/lodash/fp/sum.js', LF will be replaced by CRLF the next time Git touches it
warning: in the working copy of 'node_modules/lodash/fp/sumBy.js', LF will be replaced by CRLF the next time Git touches it
warning: in the working copy of 'node_modules/lodash/fp/symmetricDifference.js', LF will be replaced by CRLF the next time Git touches it
warning: in the working copy of 'node_modules/lodash/fp/symmetricDifferenceBy.js', LF will be replaced by CRLF the next time Git touches it
warning: in the working copy of 'node_modules/lodash/fp/symmetricDifferenceWith.js', LF will be replaced by CRLF the next time Git touches it
warning: in the working copy of 'node_modules/lodash/fp/tail.js', LF will be replaced by CRLF the next time Git touches it
warning: in the working copy of 'node_modules/lodash/fp/take.js', LF will be replaced by CRLF the next time Git touches it
warning: in the working copy of 'node_modules/lodash/fp/takeLast.js', LF will be replaced by CRLF the next time Git touches it
warning: in the working copy of 'node_modules/lodash/fp/takeLastWhile.js', LF will be replaced by CRLF the next time Git touches it
warning: in the working copy of 'node_modules/lodash/fp/takeRight.js', LF will be replaced by CRLF the next time Git touches it
warning: in the working copy of 'node_modules/lodash/fp/takeRightWhile.js', LF will be replaced by CRLF the next time Git touches it
warning: in the working copy of 'node_modules/lodash/fp/takeWhile.js', LF will be replaced by CRLF the next time Git touches it
warning: in the working copy of 'node_modules/lodash/fp/tap.js', LF will be replaced by CRLF the next time Git touches it
warning: in the working copy of 'node_modules/lodash/fp/template.js', LF will be replaced by CRLF the next time Git touches it
warning: in the working copy of 'node_modules/lodash/fp/templateSettings.js', LF will be replaced by CRLF the next time Git touches it
warning: in the working copy of 'node_modules/lodash/fp/throttle.js', LF will be replaced by CRLF the next time Git touches it
warning: in the working copy of 'node_modules/lodash/fp/thru.js', LF will be replaced by CRLF the next time Git touches it
warning: in the working copy of 'node_modules/lodash/fp/times.js', LF will be replaced by CRLF the next time Git touches it
warning: in the working copy of 'node_modules/lodash/fp/toArray.js', LF will be replaced by CRLF the next time Git touches it
warning: in the working copy of 'node_modules/lodash/fp/toFinite.js', LF will be replaced by CRLF the next time Git touches it
warning: in the working copy of 'node_modules/lodash/fp/toInteger.js', LF will be replaced by CRLF the next time Git touches it
warning: in the working copy of 'node_modules/lodash/fp/toIterator.js', LF will be replaced by CRLF the next time Git touches it
warning: in the working copy of 'node_modules/lodash/fp/toJSON.js', LF will be replaced by CRLF the next time Git touches it
warning: in the working copy of 'node_modules/lodash/fp/toLength.js', LF will be replaced by CRLF the next time Git touches it
warning: in the working copy of 'node_modules/lodash/fp/toLower.js', LF will be replaced by CRLF the next time Git touches it
warning: in the working copy of 'node_modules/lodash/fp/toNumber.js', LF will be replaced by CRLF the next time Git touches it
warning: in the working copy of 'node_modules/lodash/fp/toPairs.js', LF will be replaced by CRLF the next time Git touches it
warning: in the working copy of 'node_modules/lodash/fp/toPairsIn.js', LF will be replaced by CRLF the next time Git touches it
warning: in the working copy of 'node_modules/lodash/fp/toPath.js', LF will be replaced by CRLF the next time Git touches it
warning: in the working copy of 'node_modules/lodash/fp/toPlainObject.js', LF will be replaced by CRLF the next time Git touches it
warning: in the working copy of 'node_modules/lodash/fp/toSafeInteger.js', LF will be replaced by CRLF the next time Git touches it
warning: in the working copy of 'node_modules/lodash/fp/toString.js', LF will be replaced by CRLF the next time Git touches it
warning: in the working copy of 'node_modules/lodash/fp/toUpper.js', LF will be replaced by CRLF the next time Git touches it
warning: in the working copy of 'node_modules/lodash/fp/transform.js', LF will be replaced by CRLF the next time Git touches it
warning: in the working copy of 'node_modules/lodash/fp/trim.js', LF will be replaced by CRLF the next time Git touches it
warning: in the working copy of 'node_modules/lodash/fp/trimChars.js', LF will be replaced by CRLF the next time Git touches it
warning: in the working copy of 'node_modules/lodash/fp/trimCharsEnd.js', LF will be replaced by CRLF the next time Git touches it
warning: in the working copy of 'node_modules/lodash/fp/trimCharsStart.js', LF will be replaced by CRLF the next time Git touches it
warning: in the working copy of 'node_modules/lodash/fp/trimEnd.js', LF will be replaced by CRLF the next time Git touches it
warning: in the working copy of 'node_modules/lodash/fp/trimStart.js', LF will be replaced by CRLF the next time Git touches it
warning: in the working copy of 'node_modules/lodash/fp/truncate.js', LF will be replaced by CRLF the next time Git touches it
warning: in the working copy of 'node_modules/lodash/fp/unapply.js', LF will be replaced by CRLF the next time Git touches it
warning: in the working copy of 'node_modules/lodash/fp/unary.js', LF will be replaced by CRLF the next time Git touches it
warning: in the working copy of 'node_modules/lodash/fp/unescape.js', LF will be replaced by CRLF the next time Git touches it
warning: in the working copy of 'node_modules/lodash/fp/union.js', LF will be replaced by CRLF the next time Git touches it
warning: in the working copy of 'node_modules/lodash/fp/unionBy.js', LF will be replaced by CRLF the next time Git touches it
warning: in the working copy of 'node_modules/lodash/fp/unionWith.js', LF will be replaced by CRLF the next time Git touches it
warning: in the working copy of 'node_modules/lodash/fp/uniq.js', LF will be replaced by CRLF the next time Git touches it
warning: in the working copy of 'node_modules/lodash/fp/uniqBy.js', LF will be replaced by CRLF the next time Git touches it
warning: in the working copy of 'node_modules/lodash/fp/uniqWith.js', LF will be replaced by CRLF the next time Git touches it
warning: in the working copy of 'node_modules/lodash/fp/uniqueId.js', LF will be replaced by CRLF the next time Git touches it
warning: in the working copy of 'node_modules/lodash/fp/unnest.js', LF will be replaced by CRLF the next time Git touches it
warning: in the working copy of 'node_modules/lodash/fp/unset.js', LF will be replaced by CRLF the next time Git touches it
warning: in the working copy of 'node_modules/lodash/fp/unzip.js', LF will be replaced by CRLF the next time Git touches it
warning: in the working copy of 'node_modules/lodash/fp/unzipWith.js', LF will be replaced by CRLF the next time Git touches it
warning: in the working copy of 'node_modules/lodash/fp/update.js', LF will be replaced by CRLF the next time Git touches it
warning: in the working copy of 'node_modules/lodash/fp/updateWith.js', LF will be replaced by CRLF the next time Git touches it
warning: in the working copy of 'node_modules/lodash/fp/upperCase.js', LF will be replaced by CRLF the next time Git touches it
warning: in the working copy of 'node_modules/lodash/fp/upperFirst.js', LF will be replaced by CRLF the next time Git touches it
warning: in the working copy of 'node_modules/lodash/fp/useWith.js', LF will be replaced by CRLF the next time Git touches it
warning: in the working copy of 'node_modules/lodash/fp/util.js', LF will be replaced by CRLF the next time Git touches it
warning: in the working copy of 'node_modules/lodash/fp/value.js', LF will be replaced by CRLF the next time Git touches it
warning: in the working copy of 'node_modules/lodash/fp/valueOf.js', LF will be replaced by CRLF the next time Git touches it
warning: in the working copy of 'node_modules/lodash/fp/values.js', LF will be replaced by CRLF the next time Git touches it
warning: in the working copy of 'node_modules/lodash/fp/valuesIn.js', LF will be replaced by CRLF the next time Git touches it
warning: in the working copy of 'node_modules/lodash/fp/where.js', LF will be replaced by CRLF the next time Git touches it
warning: in the working copy of 'node_modules/lodash/fp/whereEq.js', LF will be replaced by CRLF the next time Git touches it
warning: in the working copy of 'node_modules/lodash/fp/without.js', LF will be replaced by CRLF the next time Git touches it
warning: in the working copy of 'node_modules/lodash/fp/words.js', LF will be replaced by CRLF the next time Git touches it
warning: in the working copy of 'node_modules/lodash/fp/wrap.js', LF will be replaced by CRLF the next time Git touches it
warning: in the working copy of 'node_modules/lodash/fp/wrapperAt.js', LF will be replaced by CRLF the next time Git touches it
warning: in the working copy of 'node_modules/lodash/fp/wrapperChain.js', LF will be replaced by CRLF the next time Git touches it
warning: in the working copy of 'node_modules/lodash/fp/wrapperLodash.js', LF will be replaced by CRLF the next time Git touches it
warning: in the working copy of 'node_modules/lodash/fp/wrapperReverse.js', LF will be replaced by CRLF the next time Git touches it
warning: in the working copy of 'node_modules/lodash/fp/wrapperValue.js', LF will be replaced by CRLF the next time Git touches it
warning: in the working copy of 'node_modules/lodash/fp/xor.js', LF will be replaced by CRLF the next time Git touches it
warning: in the working copy of 'node_modules/lodash/fp/xorBy.js', LF will be replaced by CRLF the next time Git touches it
warning: in the working copy of 'node_modules/lodash/fp/xorWith.js', LF will be replaced by CRLF the next time Git touches it
warning: in the working copy of 'node_modules/lodash/fp/zip.js', LF will be replaced by CRLF the next time Git touches it
warning: in the working copy of 'node_modules/lodash/fp/zipAll.js', LF will be replaced by CRLF the next time Git touches it
warning: in the working copy of 'node_modules/lodash/fp/zipObj.js', LF will be replaced by CRLF the next time Git touches it
warning: in the working copy of 'node_modules/lodash/fp/zipObject.js', LF will be replaced by CRLF the next time Git touches it
warning: in the working copy of 'node_modules/lodash/fp/zipObjectDeep.js', LF will be replaced by CRLF the next time Git touches it
warning: in the working copy of 'node_modules/lodash/fp/zipWith.js', LF will be replaced by CRLF the next time Git touches it
warning: in the working copy of 'node_modules/lodash/fromPairs.js', LF will be replaced by CRLF the next time Git touches it
warning: in the working copy of 'node_modules/lodash/function.js', LF will be replaced by CRLF the next time Git touches it
warning: in the working copy of 'node_modules/lodash/functions.js', LF will be replaced by CRLF the next time Git touches it
warning: in the working copy of 'node_modules/lodash/functionsIn.js', LF will be replaced by CRLF the next time Git touches it
warning: in the working copy of 'node_modules/lodash/get.js', LF will be replaced by CRLF the next time Git touches it
warning: in the working copy of 'node_modules/lodash/groupBy.js', LF will be replaced by CRLF the next time Git touches it
warning: in the working copy of 'node_modules/lodash/gt.js', LF will be replaced by CRLF the next time Git touches it
warning: in the working copy of 'node_modules/lodash/gte.js', LF will be replaced by CRLF the next time Git touches it
warning: in the working copy of 'node_modules/lodash/has.js', LF will be replaced by CRLF the next time Git touches it
warning: in the working copy of 'node_modules/lodash/hasIn.js', LF will be replaced by CRLF the next time Git touches it
warning: in the working copy of 'node_modules/lodash/head.js', LF will be replaced by CRLF the next time Git touches it
warning: in the working copy of 'node_modules/lodash/identity.js', LF will be replaced by CRLF the next time Git touches it
warning: in the working copy of 'node_modules/lodash/inRange.js', LF will be replaced by CRLF the next time Git touches it
warning: in the working copy of 'node_modules/lodash/includes.js', LF will be replaced by CRLF the next time Git touches it
warning: in the working copy of 'node_modules/lodash/indexOf.js', LF will be replaced by CRLF the next time Git touches it
warning: in the working copy of 'node_modules/lodash/initial.js', LF will be replaced by CRLF the next time Git touches it
warning: in the working copy of 'node_modules/lodash/intersection.js', LF will be replaced by CRLF the next time Git touches it
warning: in the working copy of 'node_modules/lodash/intersectionBy.js', LF will be replaced by CRLF the next time Git touches it
warning: in the working copy of 'node_modules/lodash/intersectionWith.js', LF will be replaced by CRLF the next time Git touches it
warning: in the working copy of 'node_modules/lodash/invert.js', LF will be replaced by CRLF the next time Git touches it
warning: in the working copy of 'node_modules/lodash/invertBy.js', LF will be replaced by CRLF the next time Git touches it
warning: in the working copy of 'node_modules/lodash/invoke.js', LF will be replaced by CRLF the next time Git touches it
warning: in the working copy of 'node_modules/lodash/invokeMap.js', LF will be replaced by CRLF the next time Git touches it
warning: in the working copy of 'node_modules/lodash/isArguments.js', LF will be replaced by CRLF the next time Git touches it
warning: in the working copy of 'node_modules/lodash/isArray.js', LF will be replaced by CRLF the next time Git touches it
warning: in the working copy of 'node_modules/lodash/isArrayBuffer.js', LF will be replaced by CRLF the next time Git touches it
warning: in the working copy of 'node_modules/lodash/isArrayLike.js', LF will be replaced by CRLF the next time Git touches it
warning: in the working copy of 'node_modules/lodash/isArrayLikeObject.js', LF will be replaced by CRLF the next time Git touches it
warning: in the working copy of 'node_modules/lodash/isBoolean.js', LF will be replaced by CRLF the next time Git touches it
warning: in the working copy of 'node_modules/lodash/isBuffer.js', LF will be replaced by CRLF the next time Git touches it
warning: in the working copy of 'node_modules/lodash/isDate.js', LF will be replaced by CRLF the next time Git touches it
warning: in the working copy of 'node_modules/lodash/isElement.js', LF will be replaced by CRLF the next time Git touches it
warning: in the working copy of 'node_modules/lodash/isEmpty.js', LF will be replaced by CRLF the next time Git touches it
warning: in the working copy of 'node_modules/lodash/isEqual.js', LF will be replaced by CRLF the next time Git touches it
warning: in the working copy of 'node_modules/lodash/isEqualWith.js', LF will be replaced by CRLF the next time Git touches it
warning: in the working copy of 'node_modules/lodash/isError.js', LF will be replaced by CRLF the next time Git touches it
warning: in the working copy of 'node_modules/lodash/isFinite.js', LF will be replaced by CRLF the next time Git touches it
warning: in the working copy of 'node_modules/lodash/isFunction.js', LF will be replaced by CRLF the next time Git touches it
warning: in the working copy of 'node_modules/lodash/isInteger.js', LF will be replaced by CRLF the next time Git touches it
warning: in the working copy of 'node_modules/lodash/isLength.js', LF will be replaced by CRLF the next time Git touches it
warning: in the working copy of 'node_modules/lodash/isMap.js', LF will be replaced by CRLF the next time Git touches it
warning: in the working copy of 'node_modules/lodash/isMatch.js', LF will be replaced by CRLF the next time Git touches it
warning: in the working copy of 'node_modules/lodash/isMatchWith.js', LF will be replaced by CRLF the next time Git touches it
warning: in the working copy of 'node_modules/lodash/isNaN.js', LF will be replaced by CRLF the next time Git touches it
warning: in the working copy of 'node_modules/lodash/isNative.js', LF will be replaced by CRLF the next time Git touches it
warning: in the working copy of 'node_modules/lodash/isNil.js', LF will be replaced by CRLF the next time Git touches it
warning: in the working copy of 'node_modules/lodash/isNull.js', LF will be replaced by CRLF the next time Git touches it
warning: in the working copy of 'node_modules/lodash/isNumber.js', LF will be replaced by CRLF the next time Git touches it
warning: in the working copy of 'node_modules/lodash/isObject.js', LF will be replaced by CRLF the next time Git touches it
warning: in the working copy of 'node_modules/lodash/isObjectLike.js', LF will be replaced by CRLF the next time Git touches it
warning: in the working copy of 'node_modules/lodash/isPlainObject.js', LF will be replaced by CRLF the next time Git touches it
warning: in the working copy of 'node_modules/lodash/isRegExp.js', LF will be replaced by CRLF the next time Git touches it
warning: in the working copy of 'node_modules/lodash/isSafeInteger.js', LF will be replaced by CRLF the next time Git touches it
warning: in the working copy of 'node_modules/lodash/isSet.js', LF will be replaced by CRLF the next time Git touches it
warning: in the working copy of 'node_modules/lodash/isString.js', LF will be replaced by CRLF the next time Git touches it
warning: in the working copy of 'node_modules/lodash/isSymbol.js', LF will be replaced by CRLF the next time Git touches it
warning: in the working copy of 'node_modules/lodash/isTypedArray.js', LF will be replaced by CRLF the next time Git touches it
warning: in the working copy of 'node_modules/lodash/isUndefined.js', LF will be replaced by CRLF the next time Git touches it
warning: in the working copy of 'node_modules/lodash/isWeakMap.js', LF will be replaced by CRLF the next time Git touches it
warning: in the working copy of 'node_modules/lodash/isWeakSet.js', LF will be replaced by CRLF the next time Git touches it
warning: in the working copy of 'node_modules/lodash/iteratee.js', LF will be replaced by CRLF the next time Git touches it
warning: in the working copy of 'node_modules/lodash/join.js', LF will be replaced by CRLF the next time Git touches it
warning: in the working copy of 'node_modules/lodash/kebabCase.js', LF will be replaced by CRLF the next time Git touches it
warning: in the working copy of 'node_modules/lodash/keyBy.js', LF will be replaced by CRLF the next time Git touches it
warning: in the working copy of 'node_modules/lodash/keys.js', LF will be replaced by CRLF the next time Git touches it
warning: in the working copy of 'node_modules/lodash/keysIn.js', LF will be replaced by CRLF the next time Git touches it
warning: in the working copy of 'node_modules/lodash/lang.js', LF will be replaced by CRLF the next time Git touches it
warning: in the working copy of 'node_modules/lodash/last.js', LF will be replaced by CRLF the next time Git touches it
warning: in the working copy of 'node_modules/lodash/lastIndexOf.js', LF will be replaced by CRLF the next time Git touches it
warning: in the working copy of 'node_modules/lodash/lodash.js', LF will be replaced by CRLF the next time Git touches it
warning: in the working copy of 'node_modules/lodash/lodash.min.js', LF will be replaced by CRLF the next time Git touches it
warning: in the working copy of 'node_modules/lodash/lowerCase.js', LF will be replaced by CRLF the next time Git touches it
warning: in the working copy of 'node_modules/lodash/lowerFirst.js', LF will be replaced by CRLF the next time Git touches it
warning: in the working copy of 'node_modules/lodash/lt.js', LF will be replaced by CRLF the next time Git touches it
warning: in the working copy of 'node_modules/lodash/lte.js', LF will be replaced by CRLF the next time Git touches it
warning: in the working copy of 'node_modules/lodash/map.js', LF will be replaced by CRLF the next time Git touches it
warning: in the working copy of 'node_modules/lodash/mapKeys.js', LF will be replaced by CRLF the next time Git touches it
warning: in the working copy of 'node_modules/lodash/mapValues.js', LF will be replaced by CRLF the next time Git touches it
warning: in the working copy of 'node_modules/lodash/matches.js', LF will be replaced by CRLF the next time Git touches it
warning: in the working copy of 'node_modules/lodash/matchesProperty.js', LF will be replaced by CRLF the next time Git touches it
warning: in the working copy of 'node_modules/lodash/math.js', LF will be replaced by CRLF the next time Git touches it
warning: in the working copy of 'node_modules/lodash/max.js', LF will be replaced by CRLF the next time Git touches it
warning: in the working copy of 'node_modules/lodash/maxBy.js', LF will be replaced by CRLF the next time Git touches it
warning: in the working copy of 'node_modules/lodash/mean.js', LF will be replaced by CRLF the next time Git touches it
warning: in the working copy of 'node_modules/lodash/meanBy.js', LF will be replaced by CRLF the next time Git touches it
warning: in the working copy of 'node_modules/lodash/memoize.js', LF will be replaced by CRLF the next time Git touches it
warning: in the working copy of 'node_modules/lodash/merge.js', LF will be replaced by CRLF the next time Git touches it
warning: in the working copy of 'node_modules/lodash/mergeWith.js', LF will be replaced by CRLF the next time Git touches it
warning: in the working copy of 'node_modules/lodash/method.js', LF will be replaced by CRLF the next time Git touches it
warning: in the working copy of 'node_modules/lodash/methodOf.js', LF will be replaced by CRLF the next time Git touches it
warning: in the working copy of 'node_modules/lodash/min.js', LF will be replaced by CRLF the next time Git touches it
warning: in the working copy of 'node_modules/lodash/minBy.js', LF will be replaced by CRLF the next time Git touches it
warning: in the working copy of 'node_modules/lodash/mixin.js', LF will be replaced by CRLF the next time Git touches it
warning: in the working copy of 'node_modules/lodash/multiply.js', LF will be replaced by CRLF the next time Git touches it
warning: in the working copy of 'node_modules/lodash/negate.js', LF will be replaced by CRLF the next time Git touches it
warning: in the working copy of 'node_modules/lodash/next.js', LF will be replaced by CRLF the next time Git touches it
warning: in the working copy of 'node_modules/lodash/noop.js', LF will be replaced by CRLF the next time Git touches it
warning: in the working copy of 'node_modules/lodash/now.js', LF will be replaced by CRLF the next time Git touches it
warning: in the working copy of 'node_modules/lodash/nth.js', LF will be replaced by CRLF the next time Git touches it
warning: in the working copy of 'node_modules/lodash/nthArg.js', LF will be replaced by CRLF the next time Git touches it
warning: in the working copy of 'node_modules/lodash/number.js', LF will be replaced by CRLF the next time Git touches it
warning: in the working copy of 'node_modules/lodash/object.js', LF will be replaced by CRLF the next time Git touches it
warning: in the working copy of 'node_modules/lodash/omit.js', LF will be replaced by CRLF the next time Git touches it
warning: in the working copy of 'node_modules/lodash/omitBy.js', LF will be replaced by CRLF the next time Git touches it
warning: in the working copy of 'node_modules/lodash/once.js', LF will be replaced by CRLF the next time Git touches it
warning: in the working copy of 'node_modules/lodash/orderBy.js', LF will be replaced by CRLF the next time Git touches it
warning: in the working copy of 'node_modules/lodash/over.js', LF will be replaced by CRLF the next time Git touches it
warning: in the working copy of 'node_modules/lodash/overArgs.js', LF will be replaced by CRLF the next time Git touches it
warning: in the working copy of 'node_modules/lodash/overEvery.js', LF will be replaced by CRLF the next time Git touches it
warning: in the working copy of 'node_modules/lodash/overSome.js', LF will be replaced by CRLF the next time Git touches it
warning: in the working copy of 'node_modules/lodash/package.json', LF will be replaced by CRLF the next time Git touches it
warning: in the working copy of 'node_modules/lodash/pad.js', LF will be replaced by CRLF the next time Git touches it
warning: in the working copy of 'node_modules/lodash/padEnd.js', LF will be replaced by CRLF the next time Git touches it
warning: in the working copy of 'node_modules/lodash/padStart.js', LF will be replaced by CRLF the next time Git touches it
warning: in the working copy of 'node_modules/lodash/parseInt.js', LF will be replaced by CRLF the next time Git touches it
warning: in the working copy of 'node_modules/lodash/partial.js', LF will be replaced by CRLF the next time Git touches it
warning: in the working copy of 'node_modules/lodash/partialRight.js', LF will be replaced by CRLF the next time Git touches it
warning: in the working copy of 'node_modules/lodash/partition.js', LF will be replaced by CRLF the next time Git touches it
warning: in the working copy of 'node_modules/lodash/pick.js', LF will be replaced by CRLF the next time Git touches it
warning: in the working copy of 'node_modules/lodash/pickBy.js', LF will be replaced by CRLF the next time Git touches it
warning: in the working copy of 'node_modules/lodash/plant.js', LF will be replaced by CRLF the next time Git touches it
warning: in the working copy of 'node_modules/lodash/property.js', LF will be replaced by CRLF the next time Git touches it
warning: in the working copy of 'node_modules/lodash/propertyOf.js', LF will be replaced by CRLF the next time Git touches it
warning: in the working copy of 'node_modules/lodash/pull.js', LF will be replaced by CRLF the next time Git touches it
warning: in the working copy of 'node_modules/lodash/pullAll.js', LF will be replaced by CRLF the next time Git touches it
warning: in the working copy of 'node_modules/lodash/pullAllBy.js', LF will be replaced by CRLF the next time Git touches it
warning: in the working copy of 'node_modules/lodash/pullAllWith.js', LF will be replaced by CRLF the next time Git touches it
warning: in the working copy of 'node_modules/lodash/pullAt.js', LF will be replaced by CRLF the next time Git touches it
warning: in the working copy of 'node_modules/lodash/random.js', LF will be replaced by CRLF the next time Git touches it
warning: in the working copy of 'node_modules/lodash/range.js', LF will be replaced by CRLF the next time Git touches it
warning: in the working copy of 'node_modules/lodash/rangeRight.js', LF will be replaced by CRLF the next time Git touches it
warning: in the working copy of 'node_modules/lodash/rearg.js', LF will be replaced by CRLF the next time Git touches it
warning: in the working copy of 'node_modules/lodash/reduce.js', LF will be replaced by CRLF the next time Git touches it
warning: in the working copy of 'node_modules/lodash/reduceRight.js', LF will be replaced by CRLF the next time Git touches it
warning: in the working copy of 'node_modules/lodash/reject.js', LF will be replaced by CRLF the next time Git touches it
warning: in the working copy of 'node_modules/lodash/remove.js', LF will be replaced by CRLF the next time Git touches it
warning: in the working copy of 'node_modules/lodash/repeat.js', LF will be replaced by CRLF the next time Git touches it
warning: in the working copy of 'node_modules/lodash/replace.js', LF will be replaced by CRLF the next time Git touches it
warning: in the working copy of 'node_modules/lodash/rest.js', LF will be replaced by CRLF the next time Git touches it
warning: in the working copy of 'node_modules/lodash/result.js', LF will be replaced by CRLF the next time Git touches it
warning: in the working copy of 'node_modules/lodash/reverse.js', LF will be replaced by CRLF the next time Git touches it
warning: in the working copy of 'node_modules/lodash/round.js', LF will be replaced by CRLF the next time Git touches it
warning: in the working copy of 'node_modules/lodash/sample.js', LF will be replaced by CRLF the next time Git touches it
warning: in the working copy of 'node_modules/lodash/sampleSize.js', LF will be replaced by CRLF the next time Git touches it
warning: in the working copy of 'node_modules/lodash/seq.js', LF will be replaced by CRLF the next time Git touches it
warning: in the working copy of 'node_modules/lodash/set.js', LF will be replaced by CRLF the next time Git touches it
warning: in the working copy of 'node_modules/lodash/setWith.js', LF will be replaced by CRLF the next time Git touches it
warning: in the working copy of 'node_modules/lodash/shuffle.js', LF will be replaced by CRLF the next time Git touches it
warning: in the working copy of 'node_modules/lodash/size.js', LF will be replaced by CRLF the next time Git touches it
warning: in the working copy of 'node_modules/lodash/slice.js', LF will be replaced by CRLF the next time Git touches it
warning: in the working copy of 'node_modules/lodash/snakeCase.js', LF will be replaced by CRLF the next time Git touches it
warning: in the working copy of 'node_modules/lodash/some.js', LF will be replaced by CRLF the next time Git touches it
warning: in the working copy of 'node_modules/lodash/sortBy.js', LF will be replaced by CRLF the next time Git touches it
warning: in the working copy of 'node_modules/lodash/sortedIndex.js', LF will be replaced by CRLF the next time Git touches it
warning: in the working copy of 'node_modules/lodash/sortedIndexBy.js', LF will be replaced by CRLF the next time Git touches it
warning: in the working copy of 'node_modules/lodash/sortedIndexOf.js', LF will be replaced by CRLF the next time Git touches it
warning: in the working copy of 'node_modules/lodash/sortedLastIndex.js', LF will be replaced by CRLF the next time Git touches it
warning: in the working copy of 'node_modules/lodash/sortedLastIndexBy.js', LF will be replaced by CRLF the next time Git touches it
warning: in the working copy of 'node_modules/lodash/sortedLastIndexOf.js', LF will be replaced by CRLF the next time Git touches it
warning: in the working copy of 'node_modules/lodash/sortedUniq.js', LF will be replaced by CRLF the next time Git touches it
warning: in the working copy of 'node_modules/lodash/sortedUniqBy.js', LF will be replaced by CRLF the next time Git touches it
warning: in the working copy of 'node_modules/lodash/split.js', LF will be replaced by CRLF the next time Git touches it
warning: in the working copy of 'node_modules/lodash/spread.js', LF will be replaced by CRLF the next time Git touches it
warning: in the working copy of 'node_modules/lodash/startCase.js', LF will be replaced by CRLF the next time Git touches it
warning: in the working copy of 'node_modules/lodash/startsWith.js', LF will be replaced by CRLF the next time Git touches it
warning: in the working copy of 'node_modules/lodash/string.js', LF will be replaced by CRLF the next time Git touches it
warning: in the working copy of 'node_modules/lodash/stubArray.js', LF will be replaced by CRLF the next time Git touches it
warning: in the working copy of 'node_modules/lodash/stubFalse.js', LF will be replaced by CRLF the next time Git touches it
warning: in the working copy of 'node_modules/lodash/stubObject.js', LF will be replaced by CRLF the next time Git touches it
warning: in the working copy of 'node_modules/lodash/stubString.js', LF will be replaced by CRLF the next time Git touches it
warning: in the working copy of 'node_modules/lodash/stubTrue.js', LF will be replaced by CRLF the next time Git touches it
warning: in the working copy of 'node_modules/lodash/subtract.js', LF will be replaced by CRLF the next time Git touches it
warning: in the working copy of 'node_modules/lodash/sum.js', LF will be replaced by CRLF the next time Git touches it
warning: in the working copy of 'node_modules/lodash/sumBy.js', LF will be replaced by CRLF the next time Git touches it
warning: in the working copy of 'node_modules/lodash/tail.js', LF will be replaced by CRLF the next time Git touches it
warning: in the working copy of 'node_modules/lodash/take.js', LF will be replaced by CRLF the next time Git touches it
warning: in the working copy of 'node_modules/lodash/takeRight.js', LF will be replaced by CRLF the next time Git touches it
warning: in the working copy of 'node_modules/lodash/takeRightWhile.js', LF will be replaced by CRLF the next time Git touches it
warning: in the working copy of 'node_modules/lodash/takeWhile.js', LF will be replaced by CRLF the next time Git touches it
warning: in the working copy of 'node_modules/lodash/tap.js', LF will be replaced by CRLF the next time Git touches it
warning: in the working copy of 'node_modules/lodash/template.js', LF will be replaced by CRLF the next time Git touches it
warning: in the working copy of 'node_modules/lodash/templateSettings.js', LF will be replaced by CRLF the next time Git touches it
warning: in the working copy of 'node_modules/lodash/throttle.js', LF will be replaced by CRLF the next time Git touches it
warning: in the working copy of 'node_modules/lodash/thru.js', LF will be replaced by CRLF the next time Git touches it
warning: in the working copy of 'node_modules/lodash/times.js', LF will be replaced by CRLF the next time Git touches it
warning: in the working copy of 'node_modules/lodash/toArray.js', LF will be replaced by CRLF the next time Git touches it
warning: in the working copy of 'node_modules/lodash/toFinite.js', LF will be replaced by CRLF the next time Git touches it
warning: in the working copy of 'node_modules/lodash/toInteger.js', LF will be replaced by CRLF the next time Git touches it
warning: in the working copy of 'node_modules/lodash/toIterator.js', LF will be replaced by CRLF the next time Git touches it
warning: in the working copy of 'node_modules/lodash/toJSON.js', LF will be replaced by CRLF the next time Git touches it
warning: in the working copy of 'node_modules/lodash/toLength.js', LF will be replaced by CRLF the next time Git touches it
warning: in the working copy of 'node_modules/lodash/toLower.js', LF will be replaced by CRLF the next time Git touches it
warning: in the working copy of 'node_modules/lodash/toNumber.js', LF will be replaced by CRLF the next time Git touches it
warning: in the working copy of 'node_modules/lodash/toPairs.js', LF will be replaced by CRLF the next time Git touches it
warning: in the working copy of 'node_modules/lodash/toPairsIn.js', LF will be replaced by CRLF the next time Git touches it
warning: in the working copy of 'node_modules/lodash/toPath.js', LF will be replaced by CRLF the next time Git touches it
warning: in the working copy of 'node_modules/lodash/toPlainObject.js', LF will be replaced by CRLF the next time Git touches it
warning: in the working copy of 'node_modules/lodash/toSafeInteger.js', LF will be replaced by CRLF the next time Git touches it
warning: in the working copy of 'node_modules/lodash/toString.js', LF will be replaced by CRLF the next time Git touches it
warning: in the working copy of 'node_modules/lodash/toUpper.js', LF will be replaced by CRLF the next time Git touches it
warning: in the working copy of 'node_modules/lodash/transform.js', LF will be replaced by CRLF the next time Git touches it
warning: in the working copy of 'node_modules/lodash/trim.js', LF will be replaced by CRLF the next time Git touches it
warning: in the working copy of 'node_modules/lodash/trimEnd.js', LF will be replaced by CRLF the next time Git touches it
warning: in the working copy of 'node_modules/lodash/trimStart.js', LF will be replaced by CRLF the next time Git touches it
warning: in the working copy of 'node_modules/lodash/truncate.js', LF will be replaced by CRLF the next time Git touches it
warning: in the working copy of 'node_modules/lodash/unary.js', LF will be replaced by CRLF the next time Git touches it
warning: in the working copy of 'node_modules/lodash/unescape.js', LF will be replaced by CRLF the next time Git touches it
warning: in the working copy of 'node_modules/lodash/union.js', LF will be replaced by CRLF the next time Git touches it
warning: in the working copy of 'node_modules/lodash/unionBy.js', LF will be replaced by CRLF the next time Git touches it
warning: in the working copy of 'node_modules/lodash/unionWith.js', LF will be replaced by CRLF the next time Git touches it
warning: in the working copy of 'node_modules/lodash/uniq.js', LF will be replaced by CRLF the next time Git touches it
warning: in the working copy of 'node_modules/lodash/uniqBy.js', LF will be replaced by CRLF the next time Git touches it
warning: in the working copy of 'node_modules/lodash/uniqWith.js', LF will be replaced by CRLF the next time Git touches it
warning: in the working copy of 'node_modules/lodash/uniqueId.js', LF will be replaced by CRLF the next time Git touches it
warning: in the working copy of 'node_modules/lodash/unset.js', LF will be replaced by CRLF the next time Git touches it
warning: in the working copy of 'node_modules/lodash/unzip.js', LF will be replaced by CRLF the next time Git touches it
warning: in the working copy of 'node_modules/lodash/unzipWith.js', LF will be replaced by CRLF the next time Git touches it
warning: in the working copy of 'node_modules/lodash/update.js', LF will be replaced by CRLF the next time Git touches it
warning: in the working copy of 'node_modules/lodash/updateWith.js', LF will be replaced by CRLF the next time Git touches it
warning: in the working copy of 'node_modules/lodash/upperCase.js', LF will be replaced by CRLF the next time Git touches it
warning: in the working copy of 'node_modules/lodash/upperFirst.js', LF will be replaced by CRLF the next time Git touches it
warning: in the working copy of 'node_modules/lodash/util.js', LF will be replaced by CRLF the next time Git touches it
warning: in the working copy of 'node_modules/lodash/value.js', LF will be replaced by CRLF the next time Git touches it
warning: in the working copy of 'node_modules/lodash/valueOf.js', LF will be replaced by CRLF the next time Git touches it
warning: in the working copy of 'node_modules/lodash/values.js', LF will be replaced by CRLF the next time Git touches it
warning: in the working copy of 'node_modules/lodash/valuesIn.js', LF will be replaced by CRLF the next time Git touches it
warning: in the working copy of 'node_modules/lodash/without.js', LF will be replaced by CRLF the next time Git touches it
warning: in the working copy of 'node_modules/lodash/words.js', LF will be replaced by CRLF the next time Git touches it
warning: in the working copy of 'node_modules/lodash/wrap.js', LF will be replaced by CRLF the next time Git touches it
warning: in the working copy of 'node_modules/lodash/wrapperAt.js', LF will be replaced by CRLF the next time Git touches it
warning: in the working copy of 'node_modules/lodash/wrapperChain.js', LF will be replaced by CRLF the next time Git touches it
warning: in the working copy of 'node_modules/lodash/wrapperLodash.js', LF will be replaced by CRLF the next time Git touches it
warning: in the working copy of 'node_modules/lodash/wrapperReverse.js', LF will be replaced by CRLF the next time Git touches it
warning: in the working copy of 'node_modules/lodash/wrapperValue.js', LF will be replaced by CRLF the next time Git touches it
warning: in the working copy of 'node_modules/lodash/xor.js', LF will be replaced by CRLF the next time Git touches it
warning: in the working copy of 'node_modules/lodash/xorBy.js', LF will be replaced by CRLF the next time Git touches it
warning: in the working copy of 'node_modules/lodash/xorWith.js', LF will be replaced by CRLF the next time Git touches it
warning: in the working copy of 'node_modules/lodash/zip.js', LF will be replaced by CRLF the next time Git touches it
warning: in the working copy of 'node_modules/lodash/zipObject.js', LF will be replaced by CRLF the next time Git touches it
warning: in the working copy of 'node_modules/lodash/zipObjectDeep.js', LF will be replaced by CRLF the next time Git touches it
warning: in the working copy of 'node_modules/lodash/zipWith.js', LF will be replaced by CRLF the next time Git touches it
warning: in the working copy of 'node_modules/lowercase-keys/index.d.ts', LF will be replaced by CRLF the next time Git touches it
warning: in the working copy of 'node_modules/lowercase-keys/index.js', LF will be replaced by CRLF the next time Git touches it
warning: in the working copy of 'node_modules/lowercase-keys/license', LF will be replaced by CRLF the next time Git touches it
warning: in the working copy of 'node_modules/lowercase-keys/package.json', LF will be replaced by CRLF the next time Git touches it
warning: in the working copy of 'node_modules/lowercase-keys/readme.md', LF will be replaced by CRLF the next time Git touches it
warning: in the working copy of 'node_modules/lru-cache/LICENSE', LF will be replaced by CRLF the next time Git touches it
warning: in the working copy of 'node_modules/lru-cache/README.md', LF will be replaced by CRLF the next time Git touches it
warning: in the working copy of 'node_modules/lru-cache/index.js', LF will be replaced by CRLF the next time Git touches it
warning: in the working copy of 'node_modules/lru-cache/package.json', LF will be replaced by CRLF the next time Git touches it
warning: in the working copy of 'node_modules/matcher/index.d.ts', LF will be replaced by CRLF the next time Git touches it
warning: in the working copy of 'node_modules/matcher/index.js', LF will be replaced by CRLF the next time Git touches it
warning: in the working copy of 'node_modules/matcher/license', LF will be replaced by CRLF the next time Git touches it
warning: in the working copy of 'node_modules/matcher/package.json', LF will be replaced by CRLF the next time Git touches it
warning: in the working copy of 'node_modules/matcher/readme.md', LF will be replaced by CRLF the next time Git touches it
warning: in the working copy of 'node_modules/math-intrinsics/.eslintrc', LF will be replaced by CRLF the next time Git touches it
warning: in the working copy of 'node_modules/math-intrinsics/.github/FUNDING.yml', LF will be replaced by CRLF the next time Git touches it
warning: in the working copy of 'node_modules/math-intrinsics/CHANGELOG.md', LF will be replaced by CRLF the next time Git touches it
warning: in the working copy of 'node_modules/math-intrinsics/LICENSE', LF will be replaced by CRLF the next time Git touches it
warning: in the working copy of 'node_modules/math-intrinsics/README.md', LF will be replaced by CRLF the next time Git touches it
warning: in the working copy of 'node_modules/math-intrinsics/abs.js', LF will be replaced by CRLF the next time Git touches it
warning: in the working copy of 'node_modules/math-intrinsics/constants/maxArrayLength.d.ts', LF will be replaced by CRLF the next time Git touches it
warning: in the working copy of 'node_modules/math-intrinsics/constants/maxArrayLength.js', LF will be replaced by CRLF the next time Git touches it
warning: in the working copy of 'node_modules/math-intrinsics/constants/maxSafeInteger.d.ts', LF will be replaced by CRLF the next time Git touches it
warning: in the working copy of 'node_modules/math-intrinsics/constants/maxSafeInteger.js', LF will be replaced by CRLF the next time Git touches it
warning: in the working copy of 'node_modules/math-intrinsics/constants/maxValue.d.ts', LF will be replaced by CRLF the next time Git touches it
warning: in the working copy of 'node_modules/math-intrinsics/constants/maxValue.js', LF will be replaced by CRLF the next time Git touches it
warning: in the working copy of 'node_modules/math-intrinsics/floor.js', LF will be replaced by CRLF the next time Git touches it
warning: in the working copy of 'node_modules/math-intrinsics/isFinite.d.ts', LF will be replaced by CRLF the next time Git touches it
warning: in the working copy of 'node_modules/math-intrinsics/isFinite.js', LF will be replaced by CRLF the next time Git touches it
warning: in the working copy of 'node_modules/math-intrinsics/isInteger.d.ts', LF will be replaced by CRLF the next time Git touches it
warning: in the working copy of 'node_modules/math-intrinsics/isInteger.js', LF will be replaced by CRLF the next time Git touches it
warning: in the working copy of 'node_modules/math-intrinsics/isNaN.js', LF will be replaced by CRLF the next time Git touches it
warning: in the working copy of 'node_modules/math-intrinsics/isNegativeZero.d.ts', LF will be replaced by CRLF the next time Git touches it
warning: in the working copy of 'node_modules/math-intrinsics/isNegativeZero.js', LF will be replaced by CRLF the next time Git touches it
warning: in the working copy of 'node_modules/math-intrinsics/max.js', LF will be replaced by CRLF the next time Git touches it
warning: in the working copy of 'node_modules/math-intrinsics/min.js', LF will be replaced by CRLF the next time Git touches it
warning: in the working copy of 'node_modules/math-intrinsics/mod.d.ts', LF will be replaced by CRLF the next time Git touches it
warning: in the working copy of 'node_modules/math-intrinsics/mod.js', LF will be replaced by CRLF the next time Git touches it
warning: in the working copy of 'node_modules/math-intrinsics/package.json', LF will be replaced by CRLF the next time Git touches it
warning: in the working copy of 'node_modules/math-intrinsics/pow.js', LF will be replaced by CRLF the next time Git touches it
warning: in the working copy of 'node_modules/math-intrinsics/round.js', LF will be replaced by CRLF the next time Git touches it
warning: in the working copy of 'node_modules/math-intrinsics/sign.d.ts', LF will be replaced by CRLF the next time Git touches it
warning: in the working copy of 'node_modules/math-intrinsics/sign.js', LF will be replaced by CRLF the next time Git touches it
warning: in the working copy of 'node_modules/math-intrinsics/test/index.js', LF will be replaced by CRLF the next time Git touches it
warning: in the working copy of 'node_modules/math-intrinsics/tsconfig.json', LF will be replaced by CRLF the next time Git touches it
warning: in the working copy of 'node_modules/mime-db/HISTORY.md', LF will be replaced by CRLF the next time Git touches it
warning: in the working copy of 'node_modules/mime-db/LICENSE', LF will be replaced by CRLF the next time Git touches it
warning: in the working copy of 'node_modules/mime-db/README.md', LF will be replaced by CRLF the next time Git touches it
warning: in the working copy of 'node_modules/mime-db/db.json', LF will be replaced by CRLF the next time Git touches it
warning: in the working copy of 'node_modules/mime-db/index.js', LF will be replaced by CRLF the next time Git touches it
warning: in the working copy of 'node_modules/mime-db/package.json', LF will be replaced by CRLF the next time Git touches it
warning: in the working copy of 'node_modules/mime-types/HISTORY.md', LF will be replaced by CRLF the next time Git touches it
warning: in the working copy of 'node_modules/mime-types/LICENSE', LF will be replaced by CRLF the next time Git touches it
warning: in the working copy of 'node_modules/mime-types/README.md', LF will be replaced by CRLF the next time Git touches it
warning: in the working copy of 'node_modules/mime-types/index.js', LF will be replaced by CRLF the next time Git touches it
warning: in the working copy of 'node_modules/mime-types/package.json', LF will be replaced by CRLF the next time Git touches it
warning: in the working copy of 'node_modules/mime/CHANGELOG.md', LF will be replaced by CRLF the next time Git touches it
warning: in the working copy of 'node_modules/mime/LICENSE', LF will be replaced by CRLF the next time Git touches it
warning: in the working copy of 'node_modules/mime/Mime.js', LF will be replaced by CRLF the next time Git touches it
warning: in the working copy of 'node_modules/mime/README.md', LF will be replaced by CRLF the next time Git touches it
warning: in the working copy of 'node_modules/mime/cli.js', LF will be replaced by CRLF the next time Git touches it
warning: in the working copy of 'node_modules/mime/index.js', LF will be replaced by CRLF the next time Git touches it
warning: in the working copy of 'node_modules/mime/lite.js', LF will be replaced by CRLF the next time Git touches it
warning: in the working copy of 'node_modules/mime/package.json', LF will be replaced by CRLF the next time Git touches it
warning: in the working copy of 'node_modules/mimic-response/index.js', LF will be replaced by CRLF the next time Git touches it
warning: in the working copy of 'node_modules/mimic-response/license', LF will be replaced by CRLF the next time Git touches it
warning: in the working copy of 'node_modules/mimic-response/package.json', LF will be replaced by CRLF the next time Git touches it
warning: in the working copy of 'node_modules/mimic-response/readme.md', LF will be replaced by CRLF the next time Git touches it
warning: in the working copy of 'node_modules/minimatch/LICENSE.md', LF will be replaced by CRLF the next time Git touches it
warning: in the working copy of 'node_modules/minimatch/README.md', LF will be replaced by CRLF the next time Git touches it
warning: in the working copy of 'node_modules/minimatch/dist/commonjs/assert-valid-pattern.d.ts', LF will be replaced by CRLF the next time Git touches it
warning: in the working copy of 'node_modules/minimatch/dist/commonjs/assert-valid-pattern.js', LF will be replaced by CRLF the next time Git touches it
warning: in the working copy of 'node_modules/minimatch/dist/commonjs/ast.d.ts', LF will be replaced by CRLF the next time Git touches it
warning: in the working copy of 'node_modules/minimatch/dist/commonjs/ast.js', LF will be replaced by CRLF the next time Git touches it
warning: in the working copy of 'node_modules/minimatch/dist/commonjs/brace-expressions.d.ts', LF will be replaced by CRLF the next time Git touches it
warning: in the working copy of 'node_modules/minimatch/dist/commonjs/brace-expressions.js', LF will be replaced by CRLF the next time Git touches it
warning: in the working copy of 'node_modules/minimatch/dist/commonjs/escape.d.ts', LF will be replaced by CRLF the next time Git touches it
warning: in the working copy of 'node_modules/minimatch/dist/commonjs/escape.js', LF will be replaced by CRLF the next time Git touches it
warning: in the working copy of 'node_modules/minimatch/dist/commonjs/index.d.ts', LF will be replaced by CRLF the next time Git touches it
warning: in the working copy of 'node_modules/minimatch/dist/commonjs/index.js', LF will be replaced by CRLF the next time Git touches it
warning: in the working copy of 'node_modules/minimatch/dist/commonjs/package.json', LF will be replaced by CRLF the next time Git touches it
warning: in the working copy of 'node_modules/minimatch/dist/commonjs/unescape.d.ts', LF will be replaced by CRLF the next time Git touches it
warning: in the working copy of 'node_modules/minimatch/dist/commonjs/unescape.js', LF will be replaced by CRLF the next time Git touches it
warning: in the working copy of 'node_modules/minimatch/dist/esm/assert-valid-pattern.d.ts', LF will be replaced by CRLF the next time Git touches it
warning: in the working copy of 'node_modules/minimatch/dist/esm/assert-valid-pattern.js', LF will be replaced by CRLF the next time Git touches it
warning: in the working copy of 'node_modules/minimatch/dist/esm/ast.d.ts', LF will be replaced by CRLF the next time Git touches it
warning: in the working copy of 'node_modules/minimatch/dist/esm/ast.js', LF will be replaced by CRLF the next time Git touches it
warning: in the working copy of 'node_modules/minimatch/dist/esm/brace-expressions.d.ts', LF will be replaced by CRLF the next time Git touches it
warning: in the working copy of 'node_modules/minimatch/dist/esm/brace-expressions.js', LF will be replaced by CRLF the next time Git touches it
warning: in the working copy of 'node_modules/minimatch/dist/esm/escape.d.ts', LF will be replaced by CRLF the next time Git touches it
warning: in the working copy of 'node_modules/minimatch/dist/esm/escape.js', LF will be replaced by CRLF the next time Git touches it
warning: in the working copy of 'node_modules/minimatch/dist/esm/index.d.ts', LF will be replaced by CRLF the next time Git touches it
warning: in the working copy of 'node_modules/minimatch/dist/esm/index.js', LF will be replaced by CRLF the next time Git touches it
warning: in the working copy of 'node_modules/minimatch/dist/esm/package.json', LF will be replaced by CRLF the next time Git touches it
warning: in the working copy of 'node_modules/minimatch/dist/esm/unescape.d.ts', LF will be replaced by CRLF the next time Git touches it
warning: in the working copy of 'node_modules/minimatch/dist/esm/unescape.js', LF will be replaced by CRLF the next time Git touches it
warning: in the working copy of 'node_modules/minimatch/package.json', LF will be replaced by CRLF the next time Git touches it
warning: in the working copy of 'node_modules/minimist/.eslintrc', LF will be replaced by CRLF the next time Git touches it
warning: in the working copy of 'node_modules/minimist/.github/FUNDING.yml', LF will be replaced by CRLF the next time Git touches it
warning: in the working copy of 'node_modules/minimist/.nycrc', LF will be replaced by CRLF the next time Git touches it
warning: in the working copy of 'node_modules/minimist/CHANGELOG.md', LF will be replaced by CRLF the next time Git touches it
warning: in the working copy of 'node_modules/minimist/LICENSE', LF will be replaced by CRLF the next time Git touches it
warning: in the working copy of 'node_modules/minimist/README.md', LF will be replaced by CRLF the next time Git touches it
warning: in the working copy of 'node_modules/minimist/example/parse.js', LF will be replaced by CRLF the next time Git touches it
warning: in the working copy of 'node_modules/minimist/index.js', LF will be replaced by CRLF the next time Git touches it
warning: in the working copy of 'node_modules/minimist/package.json', LF will be replaced by CRLF the next time Git touches it
warning: in the working copy of 'node_modules/minimist/test/all_bool.js', LF will be replaced by CRLF the next time Git touches it
warning: in the working copy of 'node_modules/minimist/test/bool.js', LF will be replaced by CRLF the next time Git touches it
warning: in the working copy of 'node_modules/minimist/test/dash.js', LF will be replaced by CRLF the next time Git touches it
warning: in the working copy of 'node_modules/minimist/test/default_bool.js', LF will be replaced by CRLF the next time Git touches it
warning: in the working copy of 'node_modules/minimist/test/dotted.js', LF will be replaced by CRLF the next time Git touches it
warning: in the working copy of 'node_modules/minimist/test/kv_short.js', LF will be replaced by CRLF the next time Git touches it
warning: in the working copy of 'node_modules/minimist/test/long.js', LF will be replaced by CRLF the next time Git touches it
warning: in the working copy of 'node_modules/minimist/test/num.js', LF will be replaced by CRLF the next time Git touches it
warning: in the working copy of 'node_modules/minimist/test/parse.js', LF will be replaced by CRLF the next time Git touches it
warning: in the working copy of 'node_modules/minimist/test/parse_modified.js', LF will be replaced by CRLF the next time Git touches it
warning: in the working copy of 'node_modules/minimist/test/proto.js', LF will be replaced by CRLF the next time Git touches it
warning: in the working copy of 'node_modules/minimist/test/short.js', LF will be replaced by CRLF the next time Git touches it
warning: in the working copy of 'node_modules/minimist/test/stop_early.js', LF will be replaced by CRLF the next time Git touches it
warning: in the working copy of 'node_modules/minimist/test/unknown.js', LF will be replaced by CRLF the next time Git touches it
warning: in the working copy of 'node_modules/minimist/test/whitespace.js', LF will be replaced by CRLF the next time Git touches it
warning: in the working copy of 'node_modules/minipass/LICENSE.md', LF will be replaced by CRLF the next time Git touches it
warning: in the working copy of 'node_modules/minipass/README.md', LF will be replaced by CRLF the next time Git touches it
warning: in the working copy of 'node_modules/minipass/dist/commonjs/index.d.ts', LF will be replaced by CRLF the next time Git touches it
warning: in the working copy of 'node_modules/minipass/dist/commonjs/index.js', LF will be replaced by CRLF the next time Git touches it
warning: in the working copy of 'node_modules/minipass/dist/commonjs/package.json', LF will be replaced by CRLF the next time Git touches it
warning: in the working copy of 'node_modules/minipass/dist/esm/index.d.ts', LF will be replaced by CRLF the next time Git touches it
warning: in the working copy of 'node_modules/minipass/dist/esm/index.js', LF will be replaced by CRLF the next time Git touches it
warning: in the working copy of 'node_modules/minipass/dist/esm/package.json', LF will be replaced by CRLF the next time Git touches it
warning: in the working copy of 'node_modules/minipass/package.json', LF will be replaced by CRLF the next time Git touches it
warning: in the working copy of 'node_modules/minizlib/LICENSE', LF will be replaced by CRLF the next time Git touches it
warning: in the working copy of 'node_modules/minizlib/README.md', LF will be replaced by CRLF the next time Git touches it
warning: in the working copy of 'node_modules/minizlib/dist/commonjs/constants.d.ts', LF will be replaced by CRLF the next time Git touches it
warning: in the working copy of 'node_modules/minizlib/dist/commonjs/constants.js', LF will be replaced by CRLF the next time Git touches it
warning: in the working copy of 'node_modules/minizlib/dist/commonjs/index.d.ts', LF will be replaced by CRLF the next time Git touches it
warning: in the working copy of 'node_modules/minizlib/dist/commonjs/index.js', LF will be replaced by CRLF the next time Git touches it
warning: in the working copy of 'node_modules/minizlib/dist/commonjs/package.json', LF will be replaced by CRLF the next time Git touches it
warning: in the working copy of 'node_modules/minizlib/dist/esm/constants.d.ts', LF will be replaced by CRLF the next time Git touches it
warning: in the working copy of 'node_modules/minizlib/dist/esm/constants.js', LF will be replaced by CRLF the next time Git touches it
warning: in the working copy of 'node_modules/minizlib/dist/esm/index.d.ts', LF will be replaced by CRLF the next time Git touches it
warning: in the working copy of 'node_modules/minizlib/dist/esm/index.js', LF will be replaced by CRLF the next time Git touches it
warning: in the working copy of 'node_modules/minizlib/dist/esm/package.json', LF will be replaced by CRLF the next time Git touches it
warning: in the working copy of 'node_modules/minizlib/package.json', LF will be replaced by CRLF the next time Git touches it
warning: in the working copy of 'node_modules/mkdirp/LICENSE', LF will be replaced by CRLF the next time Git touches it
warning: in the working copy of 'node_modules/mkdirp/bin/cmd.js', LF will be replaced by CRLF the next time Git touches it
warning: in the working copy of 'node_modules/mkdirp/bin/usage.txt', LF will be replaced by CRLF the next time Git touches it
warning: in the working copy of 'node_modules/mkdirp/index.js', LF will be replaced by CRLF the next time Git touches it
warning: in the working copy of 'node_modules/mkdirp/package.json', LF will be replaced by CRLF the next time Git touches it
warning: in the working copy of 'node_modules/mkdirp/readme.markdown', LF will be replaced by CRLF the next time Git touches it
warning: in the working copy of 'node_modules/ms/index.js', LF will be replaced by CRLF the next time Git touches it
warning: in the working copy of 'node_modules/ms/license.md', LF will be replaced by CRLF the next time Git touches it
warning: in the working copy of 'node_modules/ms/package.json', LF will be replaced by CRLF the next time Git touches it
warning: in the working copy of 'node_modules/ms/readme.md', LF will be replaced by CRLF the next time Git touches it
warning: in the working copy of 'node_modules/node-abi/LICENSE', LF will be replaced by CRLF the next time Git touches it
warning: in the working copy of 'node_modules/node-abi/README.md', LF will be replaced by CRLF the next time Git touches it
warning: in the working copy of 'node_modules/node-abi/abi_registry.json', LF will be replaced by CRLF the next time Git touches it
warning: in the working copy of 'node_modules/node-abi/getNextTarget.js', LF will be replaced by CRLF the next time Git touches it
warning: in the working copy of 'node_modules/node-abi/index.js', LF will be replaced by CRLF the next time Git touches it
warning: in the working copy of 'node_modules/node-abi/package.json', LF will be replaced by CRLF the next time Git touches it
warning: in the working copy of 'node_modules/node-api-version/index.js', LF will be replaced by CRLF the next time Git touches it
warning: in the working copy of 'node_modules/node-gyp/.release-please-manifest.json', LF will be replaced by CRLF the next time Git touches it
warning: in the working copy of 'node_modules/node-gyp/CHANGELOG.md', LF will be replaced by CRLF the next time Git touches it
warning: in the working copy of 'node_modules/node-gyp/CODE_OF_CONDUCT.md', LF will be replaced by CRLF the next time Git touches it
warning: in the working copy of 'node_modules/node-gyp/CONTRIBUTING.md', LF will be replaced by CRLF the next time Git touches it
warning: in the working copy of 'node_modules/node-gyp/LICENSE', LF will be replaced by CRLF the next time Git touches it
warning: in the working copy of 'node_modules/node-gyp/README.md', LF will be replaced by CRLF the next time Git touches it
warning: in the working copy of 'node_modules/node-gyp/SECURITY.md', LF will be replaced by CRLF the next time Git touches it
warning: in the working copy of 'node_modules/node-gyp/addon.gypi', LF will be replaced by CRLF the next time Git touches it
warning: in the working copy of 'node_modules/node-gyp/bin/node-gyp.js', LF will be replaced by CRLF the next time Git touches it
warning: in the working copy of 'node_modules/node-gyp/eslint.config.js', LF will be replaced by CRLF the next time Git touches it
warning: in the working copy of 'node_modules/node-gyp/gyp/.release-please-manifest.json', LF will be replaced by CRLF the next time Git touches it
warning: in the working copy of 'node_modules/node-gyp/gyp/LICENSE', LF will be replaced by CRLF the next time Git touches it
warning: in the working copy of 'node_modules/node-gyp/gyp/data/ninja/build.ninja', LF will be replaced by CRLF the next time Git touches it
warning: in the working copy of 'node_modules/node-gyp/gyp/data/win/large-pdb-shim.cc', LF will be replaced by CRLF the next time Git touches it
warning: in the working copy of 'node_modules/node-gyp/gyp/docs/GypVsCMake.md', LF will be replaced by CRLF the next time Git touches it
warning: in the working copy of 'node_modules/node-gyp/gyp/docs/Hacking.md', LF will be replaced by CRLF the next time Git touches it
warning: in the working copy of 'node_modules/node-gyp/gyp/docs/InputFormatReference.md', LF will be replaced by CRLF the next time Git touches it
warning: in the working copy of 'node_modules/node-gyp/gyp/docs/LanguageSpecification.md', LF will be replaced by CRLF the next time Git touches it
warning: in the working copy of 'node_modules/node-gyp/gyp/docs/README.md', LF will be replaced by CRLF the next time Git touches it
warning: in the working copy of 'node_modules/node-gyp/gyp/docs/Testing.md', LF will be replaced by CRLF the next time Git touches it
warning: in the working copy of 'node_modules/node-gyp/gyp/docs/UserDocumentation.md', LF will be replaced by CRLF the next time Git touches it
warning: in the working copy of 'node_modules/node-gyp/gyp/gyp', LF will be replaced by CRLF the next time Git touches it
warning: in the working copy of 'node_modules/node-gyp/gyp/gyp_main.py', LF will be replaced by CRLF the next time Git touches it
warning: in the working copy of 'node_modules/node-gyp/gyp/pylib/gyp/MSVSNew.py', LF will be replaced by CRLF the next time Git touches it
warning: in the working copy of 'node_modules/node-gyp/gyp/pylib/gyp/MSVSProject.py', LF will be replaced by CRLF the next time Git touches it
warning: in the working copy of 'node_modules/node-gyp/gyp/pylib/gyp/MSVSSettings.py', LF will be replaced by CRLF the next time Git touches it
warning: in the working copy of 'node_modules/node-gyp/gyp/pylib/gyp/MSVSSettings_test.py', LF will be replaced by CRLF the next time Git touches it
warning: in the working copy of 'node_modules/node-gyp/gyp/pylib/gyp/MSVSToolFile.py', LF will be replaced by CRLF the next time Git touches it
warning: in the working copy of 'node_modules/node-gyp/gyp/pylib/gyp/MSVSUserFile.py', LF will be replaced by CRLF the next time Git touches it
warning: in the working copy of 'node_modules/node-gyp/gyp/pylib/gyp/MSVSUtil.py', LF will be replaced by CRLF the next time Git touches it
warning: in the working copy of 'node_modules/node-gyp/gyp/pylib/gyp/MSVSVersion.py', LF will be replaced by CRLF the next time Git touches it
warning: in the working copy of 'node_modules/node-gyp/gyp/pylib/gyp/__init__.py', LF will be replaced by CRLF the next time Git touches it
warning: in the working copy of 'node_modules/node-gyp/gyp/pylib/gyp/common.py', LF will be replaced by CRLF the next time Git touches it
warning: in the working copy of 'node_modules/node-gyp/gyp/pylib/gyp/common_test.py', LF will be replaced by CRLF the next time Git touches it
warning: in the working copy of 'node_modules/node-gyp/gyp/pylib/gyp/easy_xml.py', LF will be replaced by CRLF the next time Git touches it
warning: in the working copy of 'node_modules/node-gyp/gyp/pylib/gyp/easy_xml_test.py', LF will be replaced by CRLF the next time Git touches it
warning: in the working copy of 'node_modules/node-gyp/gyp/pylib/gyp/flock_tool.py', LF will be replaced by CRLF the next time Git touches it
warning: in the working copy of 'node_modules/node-gyp/gyp/pylib/gyp/generator/analyzer.py', LF will be replaced by CRLF the next time Git touches it
warning: in the working copy of 'node_modules/node-gyp/gyp/pylib/gyp/generator/android.py', LF will be replaced by CRLF the next time Git touches it
warning: in the working copy of 'node_modules/node-gyp/gyp/pylib/gyp/generator/cmake.py', LF will be replaced by CRLF the next time Git touches it
warning: in the working copy of 'node_modules/node-gyp/gyp/pylib/gyp/generator/compile_commands_json.py', LF will be replaced by CRLF the next time Git touches it
warning: in the working copy of 'node_modules/node-gyp/gyp/pylib/gyp/generator/dump_dependency_json.py', LF will be replaced by CRLF the next time Git touches it
warning: in the working copy of 'node_modules/node-gyp/gyp/pylib/gyp/generator/eclipse.py', LF will be replaced by CRLF the next time Git touches it
warning: in the working copy of 'node_modules/node-gyp/gyp/pylib/gyp/generator/gypd.py', LF will be replaced by CRLF the next time Git touches it
warning: in the working copy of 'node_modules/node-gyp/gyp/pylib/gyp/generator/gypsh.py', LF will be replaced by CRLF the next time Git touches it
warning: in the working copy of 'node_modules/node-gyp/gyp/pylib/gyp/generator/make.py', LF will be replaced by CRLF the next time Git touches it
warning: in the working copy of 'node_modules/node-gyp/gyp/pylib/gyp/generator/msvs.py', LF will be replaced by CRLF the next time Git touches it
warning: in the working copy of 'node_modules/node-gyp/gyp/pylib/gyp/generator/msvs_test.py', LF will be replaced by CRLF the next time Git touches it
warning: in the working copy of 'node_modules/node-gyp/gyp/pylib/gyp/generator/ninja.py', LF will be replaced by CRLF the next time Git touches it
warning: in the working copy of 'node_modules/node-gyp/gyp/pylib/gyp/generator/ninja_test.py', LF will be replaced by CRLF the next time Git touches it
warning: in the working copy of 'node_modules/node-gyp/gyp/pylib/gyp/generator/xcode.py', LF will be replaced by CRLF the next time Git touches it
warning: in the working copy of 'node_modules/node-gyp/gyp/pylib/gyp/generator/xcode_test.py', LF will be replaced by CRLF the next time Git touches it
warning: in the working copy of 'node_modules/node-gyp/gyp/pylib/gyp/input.py', LF will be replaced by CRLF the next time Git touches it
warning: in the working copy of 'node_modules/node-gyp/gyp/pylib/gyp/input_test.py', LF will be replaced by CRLF the next time Git touches it
warning: in the working copy of 'node_modules/node-gyp/gyp/pylib/gyp/mac_tool.py', LF will be replaced by CRLF the next time Git touches it
warning: in the working copy of 'node_modules/node-gyp/gyp/pylib/gyp/msvs_emulation.py', LF will be replaced by CRLF the next time Git touches it
warning: in the working copy of 'node_modules/node-gyp/gyp/pylib/gyp/ninja_syntax.py', LF will be replaced by CRLF the next time Git touches it
warning: in the working copy of 'node_modules/node-gyp/gyp/pylib/gyp/simple_copy.py', LF will be replaced by CRLF the next time Git touches it
warning: in the working copy of 'node_modules/node-gyp/gyp/pylib/gyp/win_tool.py', LF will be replaced by CRLF the next time Git touches it
warning: in the working copy of 'node_modules/node-gyp/gyp/pylib/gyp/xcode_emulation.py', LF will be replaced by CRLF the next time Git touches it
warning: in the working copy of 'node_modules/node-gyp/gyp/pylib/gyp/xcode_emulation_test.py', LF will be replaced by CRLF the next time Git touches it
warning: in the working copy of 'node_modules/node-gyp/gyp/pylib/gyp/xcode_ninja.py', LF will be replaced by CRLF the next time Git touches it
warning: in the working copy of 'node_modules/node-gyp/gyp/pylib/gyp/xcodeproj_file.py', LF will be replaced by CRLF the next time Git touches it
warning: in the working copy of 'node_modules/node-gyp/gyp/pylib/gyp/xml_fix.py', LF will be replaced by CRLF the next time Git touches it
warning: in the working copy of 'node_modules/node-gyp/gyp/pylib/packaging/LICENSE', LF will be replaced by CRLF the next time Git touches it
warning: in the working copy of 'node_modules/node-gyp/gyp/pylib/packaging/LICENSE.APACHE', LF will be replaced by CRLF the next time Git touches it
warning: in the working copy of 'node_modules/node-gyp/gyp/pylib/packaging/LICENSE.BSD', LF will be replaced by CRLF the next time Git touches it
warning: in the working copy of 'node_modules/node-gyp/gyp/pylib/packaging/__init__.py', LF will be replaced by CRLF the next time Git touches it
warning: in the working copy of 'node_modules/node-gyp/gyp/pylib/packaging/_elffile.py', LF will be replaced by CRLF the next time Git touches it
warning: in the working copy of 'node_modules/node-gyp/gyp/pylib/packaging/_manylinux.py', LF will be replaced by CRLF the next time Git touches it
warning: in the working copy of 'node_modules/node-gyp/gyp/pylib/packaging/_musllinux.py', LF will be replaced by CRLF the next time Git touches it
warning: in the working copy of 'node_modules/node-gyp/gyp/pylib/packaging/_parser.py', LF will be replaced by CRLF the next time Git touches it
warning: in the working copy of 'node_modules/node-gyp/gyp/pylib/packaging/_structures.py', LF will be replaced by CRLF the next time Git touches it
warning: in the working copy of 'node_modules/node-gyp/gyp/pylib/packaging/_tokenizer.py', LF will be replaced by CRLF the next time Git touches it
warning: in the working copy of 'node_modules/node-gyp/gyp/pylib/packaging/markers.py', LF will be replaced by CRLF the next time Git touches it
warning: in the working copy of 'node_modules/node-gyp/gyp/pylib/packaging/metadata.py', LF will be replaced by CRLF the next time Git touches it
warning: in the working copy of 'node_modules/node-gyp/gyp/pylib/packaging/requirements.py', LF will be replaced by CRLF the next time Git touches it
warning: in the working copy of 'node_modules/node-gyp/gyp/pylib/packaging/specifiers.py', LF will be replaced by CRLF the next time Git touches it
warning: in the working copy of 'node_modules/node-gyp/gyp/pylib/packaging/tags.py', LF will be replaced by CRLF the next time Git touches it
warning: in the working copy of 'node_modules/node-gyp/gyp/pylib/packaging/utils.py', LF will be replaced by CRLF the next time Git touches it
warning: in the working copy of 'node_modules/node-gyp/gyp/pylib/packaging/version.py', LF will be replaced by CRLF the next time Git touches it
warning: in the working copy of 'node_modules/node-gyp/gyp/pyproject.toml', LF will be replaced by CRLF the next time Git touches it
warning: in the working copy of 'node_modules/node-gyp/gyp/release-please-config.json', LF will be replaced by CRLF the next time Git touches it
warning: in the working copy of 'node_modules/node-gyp/gyp/test_gyp.py', LF will be replaced by CRLF the next time Git touches it
warning: in the working copy of 'node_modules/node-gyp/lib/Find-VisualStudio.cs', LF will be replaced by CRLF the next time Git touches it
warning: in the working copy of 'node_modules/node-gyp/lib/build.js', LF will be replaced by CRLF the next time Git touches it
warning: in the working copy of 'node_modules/node-gyp/lib/clean.js', LF will be replaced by CRLF the next time Git touches it
warning: in the working copy of 'node_modules/node-gyp/lib/configure.js', LF will be replaced by CRLF the next time Git touches it
warning: in the working copy of 'node_modules/node-gyp/lib/create-config-gypi.js', LF will be replaced by CRLF the next time Git touches it
warning: in the working copy of 'node_modules/node-gyp/lib/download.js', LF will be replaced by CRLF the next time Git touches it
warning: in the working copy of 'node_modules/node-gyp/lib/find-node-directory.js', LF will be replaced by CRLF the next time Git touches it
warning: in the working copy of 'node_modules/node-gyp/lib/find-python.js', LF will be replaced by CRLF the next time Git touches it
warning: in the working copy of 'node_modules/node-gyp/lib/find-visualstudio.js', LF will be replaced by CRLF the next time Git touches it
warning: in the working copy of 'node_modules/node-gyp/lib/install.js', LF will be replaced by CRLF the next time Git touches it
warning: in the working copy of 'node_modules/node-gyp/lib/list.js', LF will be replaced by CRLF the next time Git touches it
warning: in the working copy of 'node_modules/node-gyp/lib/log.js', LF will be replaced by CRLF the next time Git touches it
warning: in the working copy of 'node_modules/node-gyp/lib/node-gyp.js', LF will be replaced by CRLF the next time Git touches it
warning: in the working copy of 'node_modules/node-gyp/lib/process-release.js', LF will be replaced by CRLF the next time Git touches it
warning: in the working copy of 'node_modules/node-gyp/lib/rebuild.js', LF will be replaced by CRLF the next time Git touches it
warning: in the working copy of 'node_modules/node-gyp/lib/remove.js', LF will be replaced by CRLF the next time Git touches it
warning: in the working copy of 'node_modules/node-gyp/lib/util.js', LF will be replaced by CRLF the next time Git touches it
warning: in the working copy of 'node_modules/node-gyp/macOS_Catalina_acid_test.sh', LF will be replaced by CRLF the next time Git touches it
warning: in the working copy of 'node_modules/node-gyp/node_modules/.bin/node-which', LF will be replaced by CRLF the next time Git touches it
warning: in the working copy of 'node_modules/node-gyp/node_modules/.bin/node-which.ps1', LF will be replaced by CRLF the next time Git touches it
warning: in the working copy of 'node_modules/node-gyp/node_modules/env-paths/index.d.ts', LF will be replaced by CRLF the next time Git touches it
warning: in the working copy of 'node_modules/node-gyp/node_modules/env-paths/index.js', LF will be replaced by CRLF the next time Git touches it
warning: in the working copy of 'node_modules/node-gyp/node_modules/env-paths/license', LF will be replaced by CRLF the next time Git touches it
warning: in the working copy of 'node_modules/node-gyp/node_modules/env-paths/package.json', LF will be replaced by CRLF the next time Git touches it
warning: in the working copy of 'node_modules/node-gyp/node_modules/env-paths/readme.md', LF will be replaced by CRLF the next time Git touches it
warning: in the working copy of 'node_modules/node-gyp/node_modules/isexe/LICENSE.md', LF will be replaced by CRLF the next time Git touches it
warning: in the working copy of 'node_modules/node-gyp/node_modules/isexe/README.md', LF will be replaced by CRLF the next time Git touches it
warning: in the working copy of 'node_modules/node-gyp/node_modules/isexe/dist/commonjs/index.d.ts', LF will be replaced by CRLF the next time Git touches it
warning: in the working copy of 'node_modules/node-gyp/node_modules/isexe/dist/commonjs/index.js', LF will be replaced by CRLF the next time Git touches it
warning: in the working copy of 'node_modules/node-gyp/node_modules/isexe/dist/commonjs/index.min.js', LF will be replaced by CRLF the next time Git touches it
warning: in the working copy of 'node_modules/node-gyp/node_modules/isexe/dist/commonjs/index.min.js.map', LF will be replaced by CRLF the next time Git touches it
warning: in the working copy of 'node_modules/node-gyp/node_modules/isexe/dist/commonjs/options.d.ts', LF will be replaced by CRLF the next time Git touches it
warning: in the working copy of 'node_modules/node-gyp/node_modules/isexe/dist/commonjs/options.js', LF will be replaced by CRLF the next time Git touches it
warning: in the working copy of 'node_modules/node-gyp/node_modules/isexe/dist/commonjs/package.json', LF will be replaced by CRLF the next time Git touches it
warning: in the working copy of 'node_modules/node-gyp/node_modules/isexe/dist/commonjs/posix.d.ts', LF will be replaced by CRLF the next time Git touches it
warning: in the working copy of 'node_modules/node-gyp/node_modules/isexe/dist/commonjs/posix.js', LF will be replaced by CRLF the next time Git touches it
warning: in the working copy of 'node_modules/node-gyp/node_modules/isexe/dist/commonjs/win32.d.ts', LF will be replaced by CRLF the next time Git touches it
warning: in the working copy of 'node_modules/node-gyp/node_modules/isexe/dist/commonjs/win32.js', LF will be replaced by CRLF the next time Git touches it
warning: in the working copy of 'node_modules/node-gyp/node_modules/isexe/dist/esm/index.d.ts', LF will be replaced by CRLF the next time Git touches it
warning: in the working copy of 'node_modules/node-gyp/node_modules/isexe/dist/esm/index.js', LF will be replaced by CRLF the next time Git touches it
warning: in the working copy of 'node_modules/node-gyp/node_modules/isexe/dist/esm/index.min.js', LF will be replaced by CRLF the next time Git touches it
warning: in the working copy of 'node_modules/node-gyp/node_modules/isexe/dist/esm/index.min.js.map', LF will be replaced by CRLF the next time Git touches it
warning: in the working copy of 'node_modules/node-gyp/node_modules/isexe/dist/esm/options.d.ts', LF will be replaced by CRLF the next time Git touches it
warning: in the working copy of 'node_modules/node-gyp/node_modules/isexe/dist/esm/options.js', LF will be replaced by CRLF the next time Git touches it
warning: in the working copy of 'node_modules/node-gyp/node_modules/isexe/dist/esm/package.json', LF will be replaced by CRLF the next time Git touches it
warning: in the working copy of 'node_modules/node-gyp/node_modules/isexe/dist/esm/posix.d.ts', LF will be replaced by CRLF the next time Git touches it
warning: in the working copy of 'node_modules/node-gyp/node_modules/isexe/dist/esm/posix.js', LF will be replaced by CRLF the next time Git touches it
warning: in the working copy of 'node_modules/node-gyp/node_modules/isexe/dist/esm/win32.d.ts', LF will be replaced by CRLF the next time Git touches it
warning: in the working copy of 'node_modules/node-gyp/node_modules/isexe/dist/esm/win32.js', LF will be replaced by CRLF the next time Git touches it
warning: in the working copy of 'node_modules/node-gyp/node_modules/isexe/package.json', LF will be replaced by CRLF the next time Git touches it
warning: in the working copy of 'node_modules/node-gyp/node_modules/undici/LICENSE', LF will be replaced by CRLF the next time Git touches it
warning: in the working copy of 'node_modules/node-gyp/node_modules/undici/README.md', LF will be replaced by CRLF the next time Git touches it
warning: in the working copy of 'node_modules/node-gyp/node_modules/undici/docs/docs/api/Agent.md', LF will be replaced by CRLF the next time Git touches it
warning: in the working copy of 'node_modules/node-gyp/node_modules/undici/docs/docs/api/BalancedPool.md', LF will be replaced by CRLF the next time Git touches it
warning: in the working copy of 'node_modules/node-gyp/node_modules/undici/docs/docs/api/CacheStorage.md', LF will be replaced by CRLF the next time Git touches it
warning: in the working copy of 'node_modules/node-gyp/node_modules/undici/docs/docs/api/Client.md', LF will be replaced by CRLF the next time Git touches it
warning: in the working copy of 'node_modules/node-gyp/node_modules/undici/docs/docs/api/Connector.md', LF will be replaced by CRLF the next time Git touches it
warning: in the working copy of 'node_modules/node-gyp/node_modules/undici/docs/docs/api/ContentType.md', LF will be replaced by CRLF the next time Git touches it
warning: in the working copy of 'node_modules/node-gyp/node_modules/undici/docs/docs/api/Cookies.md', LF will be replaced by CRLF the next time Git touches it
warning: in the working copy of 'node_modules/node-gyp/node_modules/undici/docs/docs/api/Debug.md', LF will be replaced by CRLF the next time Git touches it
warning: in the working copy of 'node_modules/node-gyp/node_modules/undici/docs/docs/api/DiagnosticsChannel.md', LF will be replaced by CRLF the next time Git touches it
warning: in the working copy of 'node_modules/node-gyp/node_modules/undici/docs/docs/api/DispatchInterceptor.md', LF will be replaced by CRLF the next time Git touches it
warning: in the working copy of 'node_modules/node-gyp/node_modules/undici/docs/docs/api/Dispatcher.md', LF will be replaced by CRLF the next time Git touches it
warning: in the working copy of 'node_modules/node-gyp/node_modules/undici/docs/docs/api/EnvHttpProxyAgent.md', LF will be replaced by CRLF the next time Git touches it
warning: in the working copy of 'node_modules/node-gyp/node_modules/undici/docs/docs/api/Errors.md', LF will be replaced by CRLF the next time Git touches it
warning: in the working copy of 'node_modules/node-gyp/node_modules/undici/docs/docs/api/EventSource.md', LF will be replaced by CRLF the next time Git touches it
warning: in the working copy of 'node_modules/node-gyp/node_modules/undici/docs/docs/api/Fetch.md', LF will be replaced by CRLF the next time Git touches it
warning: in the working copy of 'node_modules/node-gyp/node_modules/undici/docs/docs/api/MockAgent.md', LF will be replaced by CRLF the next time Git touches it
warning: in the working copy of 'node_modules/node-gyp/node_modules/undici/docs/docs/api/MockClient.md', LF will be replaced by CRLF the next time Git touches it
warning: in the working copy of 'node_modules/node-gyp/node_modules/undici/docs/docs/api/MockErrors.md', LF will be replaced by CRLF the next time Git touches it
warning: in the working copy of 'node_modules/node-gyp/node_modules/undici/docs/docs/api/MockPool.md', LF will be replaced by CRLF the next time Git touches it
warning: in the working copy of 'node_modules/node-gyp/node_modules/undici/docs/docs/api/Pool.md', LF will be replaced by CRLF the next time Git touches it
warning: in the working copy of 'node_modules/node-gyp/node_modules/undici/docs/docs/api/PoolStats.md', LF will be replaced by CRLF the next time Git touches it
warning: in the working copy of 'node_modules/node-gyp/node_modules/undici/docs/docs/api/ProxyAgent.md', LF will be replaced by CRLF the next time Git touches it
warning: in the working copy of 'node_modules/node-gyp/node_modules/undici/docs/docs/api/RedirectHandler.md', LF will be replaced by CRLF the next time Git touches it
warning: in the working copy of 'node_modules/node-gyp/node_modules/undici/docs/docs/api/RetryAgent.md', LF will be replaced by CRLF the next time Git touches it
warning: in the working copy of 'node_modules/node-gyp/node_modules/undici/docs/docs/api/RetryHandler.md', LF will be replaced by CRLF the next time Git touches it
warning: in the working copy of 'node_modules/node-gyp/node_modules/undici/docs/docs/api/Util.md', LF will be replaced by CRLF the next time Git touches it
warning: in the working copy of 'node_modules/node-gyp/node_modules/undici/docs/docs/api/WebSocket.md', LF will be replaced by CRLF the next time Git touches it
warning: in the working copy of 'node_modules/node-gyp/node_modules/undici/docs/docs/api/api-lifecycle.md', LF will be replaced by CRLF the next time Git touches it
warning: in the working copy of 'node_modules/node-gyp/node_modules/undici/docs/docs/best-practices/client-certificate.md', LF will be replaced by CRLF the next time Git touches it
warning: in the working copy of 'node_modules/node-gyp/node_modules/undici/docs/docs/best-practices/mocking-request.md', LF will be replaced by CRLF the next time Git touches it
warning: in the working copy of 'node_modules/node-gyp/node_modules/undici/docs/docs/best-practices/proxy.md', LF will be replaced by CRLF the next time Git touches it
warning: in the working copy of 'node_modules/node-gyp/node_modules/undici/docs/docs/best-practices/writing-tests.md', LF will be replaced by CRLF the next time Git touches it
warning: in the working copy of 'node_modules/node-gyp/node_modules/undici/index-fetch.js', LF will be replaced by CRLF the next time Git touches it
warning: in the working copy of 'node_modules/node-gyp/node_modules/undici/index.d.ts', LF will be replaced by CRLF the next time Git touches it
warning: in the working copy of 'node_modules/node-gyp/node_modules/undici/index.js', LF will be replaced by CRLF the next time Git touches it
warning: in the working copy of 'node_modules/node-gyp/node_modules/undici/lib/api/abort-signal.js', LF will be replaced by CRLF the next time Git touches it
warning: in the working copy of 'node_modules/node-gyp/node_modules/undici/lib/api/api-connect.js', LF will be replaced by CRLF the next time Git touches it
warning: in the working copy of 'node_modules/node-gyp/node_modules/undici/lib/api/api-pipeline.js', LF will be replaced by CRLF the next time Git touches it
warning: in the working copy of 'node_modules/node-gyp/node_modules/undici/lib/api/api-request.js', LF will be replaced by CRLF the next time Git touches it
warning: in the working copy of 'node_modules/node-gyp/node_modules/undici/lib/api/api-stream.js', LF will be replaced by CRLF the next time Git touches it
warning: in the working copy of 'node_modules/node-gyp/node_modules/undici/lib/api/api-upgrade.js', LF will be replaced by CRLF the next time Git touches it
warning: in the working copy of 'node_modules/node-gyp/node_modules/undici/lib/api/index.js', LF will be replaced by CRLF the next time Git touches it
warning: in the working copy of 'node_modules/node-gyp/node_modules/undici/lib/api/readable.js', LF will be replaced by CRLF the next time Git touches it
warning: in the working copy of 'node_modules/node-gyp/node_modules/undici/lib/api/util.js', LF will be replaced by CRLF the next time Git touches it
warning: in the working copy of 'node_modules/node-gyp/node_modules/undici/lib/core/connect.js', LF will be replaced by CRLF the next time Git touches it
warning: in the working copy of 'node_modules/node-gyp/node_modules/undici/lib/core/constants.js', LF will be replaced by CRLF the next time Git touches it
warning: in the working copy of 'node_modules/node-gyp/node_modules/undici/lib/core/diagnostics.js', LF will be replaced by CRLF the next time Git touches it
warning: in the working copy of 'node_modules/node-gyp/node_modules/undici/lib/core/errors.js', LF will be replaced by CRLF the next time Git touches it
warning: in the working copy of 'node_modules/node-gyp/node_modules/undici/lib/core/request.js', LF will be replaced by CRLF the next time Git touches it
warning: in the working copy of 'node_modules/node-gyp/node_modules/undici/lib/core/symbols.js', LF will be replaced by CRLF the next time Git touches it
warning: in the working copy of 'node_modules/node-gyp/node_modules/undici/lib/core/tree.js', LF will be replaced by CRLF the next time Git touches it
warning: in the working copy of 'node_modules/node-gyp/node_modules/undici/lib/core/util.js', LF will be replaced by CRLF the next time Git touches it
warning: in the working copy of 'node_modules/node-gyp/node_modules/undici/lib/dispatcher/agent.js', LF will be replaced by CRLF the next time Git touches it
warning: in the working copy of 'node_modules/node-gyp/node_modules/undici/lib/dispatcher/balanced-pool.js', LF will be replaced by CRLF the next time Git touches it
warning: in the working copy of 'node_modules/node-gyp/node_modules/undici/lib/dispatcher/client-h1.js', LF will be replaced by CRLF the next time Git touches it
warning: in the working copy of 'node_modules/node-gyp/node_modules/undici/lib/dispatcher/client-h2.js', LF will be replaced by CRLF the next time Git touches it
warning: in the working copy of 'node_modules/node-gyp/node_modules/undici/lib/dispatcher/client.js', LF will be replaced by CRLF the next time Git touches it
warning: in the working copy of 'node_modules/node-gyp/node_modules/undici/lib/dispatcher/dispatcher-base.js', LF will be replaced by CRLF the next time Git touches it
warning: in the working copy of 'node_modules/node-gyp/node_modules/undici/lib/dispatcher/dispatcher.js', LF will be replaced by CRLF the next time Git touches it
warning: in the working copy of 'node_modules/node-gyp/node_modules/undici/lib/dispatcher/env-http-proxy-agent.js', LF will be replaced by CRLF the next time Git touches it
warning: in the working copy of 'node_modules/node-gyp/node_modules/undici/lib/dispatcher/fixed-queue.js', LF will be replaced by CRLF the next time Git touches it
warning: in the working copy of 'node_modules/node-gyp/node_modules/undici/lib/dispatcher/pool-base.js', LF will be replaced by CRLF the next time Git touches it
warning: in the working copy of 'node_modules/node-gyp/node_modules/undici/lib/dispatcher/pool-stats.js', LF will be replaced by CRLF the next time Git touches it
warning: in the working copy of 'node_modules/node-gyp/node_modules/undici/lib/dispatcher/pool.js', LF will be replaced by CRLF the next time Git touches it
warning: in the working copy of 'node_modules/node-gyp/node_modules/undici/lib/dispatcher/proxy-agent.js', LF will be replaced by CRLF the next time Git touches it
warning: in the working copy of 'node_modules/node-gyp/node_modules/undici/lib/dispatcher/retry-agent.js', LF will be replaced by CRLF the next time Git touches it
warning: in the working copy of 'node_modules/node-gyp/node_modules/undici/lib/global.js', LF will be replaced by CRLF the next time Git touches it
warning: in the working copy of 'node_modules/node-gyp/node_modules/undici/lib/handler/decorator-handler.js', LF will be replaced by CRLF the next time Git touches it
warning: in the working copy of 'node_modules/node-gyp/node_modules/undici/lib/handler/redirect-handler.js', LF will be replaced by CRLF the next time Git touches it
warning: in the working copy of 'node_modules/node-gyp/node_modules/undici/lib/handler/retry-handler.js', LF will be replaced by CRLF the next time Git touches it
warning: in the working copy of 'node_modules/node-gyp/node_modules/undici/lib/interceptor/dns.js', LF will be replaced by CRLF the next time Git touches it
warning: in the working copy of 'node_modules/node-gyp/node_modules/undici/lib/interceptor/dump.js', LF will be replaced by CRLF the next time Git touches it
warning: in the working copy of 'node_modules/node-gyp/node_modules/undici/lib/interceptor/redirect-interceptor.js', LF will be replaced by CRLF the next time Git touches it
warning: in the working copy of 'node_modules/node-gyp/node_modules/undici/lib/interceptor/redirect.js', LF will be replaced by CRLF the next time Git touches it
warning: in the working copy of 'node_modules/node-gyp/node_modules/undici/lib/interceptor/response-error.js', LF will be replaced by CRLF the next time Git touches it
warning: in the working copy of 'node_modules/node-gyp/node_modules/undici/lib/interceptor/retry.js', LF will be replaced by CRLF the next time Git touches it
warning: in the working copy of 'node_modules/node-gyp/node_modules/undici/lib/llhttp/constants.js', LF will be replaced by CRLF the next time Git touches it
warning: in the working copy of 'node_modules/node-gyp/node_modules/undici/lib/llhttp/llhttp-wasm.js', LF will be replaced by CRLF the next time Git touches it
warning: in the working copy of 'node_modules/node-gyp/node_modules/undici/lib/llhttp/llhttp_simd-wasm.js', LF will be replaced by CRLF the next time Git touches it
warning: in the working copy of 'node_modules/node-gyp/node_modules/undici/lib/llhttp/utils.js', LF will be replaced by CRLF the next time Git touches it
warning: in the working copy of 'node_modules/node-gyp/node_modules/undici/lib/mock/mock-agent.js', LF will be replaced by CRLF the next time Git touches it
warning: in the working copy of 'node_modules/node-gyp/node_modules/undici/lib/mock/mock-client.js', LF will be replaced by CRLF the next time Git touches it
warning: in the working copy of 'node_modules/node-gyp/node_modules/undici/lib/mock/mock-errors.js', LF will be replaced by CRLF the next time Git touches it
warning: in the working copy of 'node_modules/node-gyp/node_modules/undici/lib/mock/mock-interceptor.js', LF will be replaced by CRLF the next time Git touches it
warning: in the working copy of 'node_modules/node-gyp/node_modules/undici/lib/mock/mock-pool.js', LF will be replaced by CRLF the next time Git touches it
warning: in the working copy of 'node_modules/node-gyp/node_modules/undici/lib/mock/mock-symbols.js', LF will be replaced by CRLF the next time Git touches it
warning: in the working copy of 'node_modules/node-gyp/node_modules/undici/lib/mock/mock-utils.js', LF will be replaced by CRLF the next time Git touches it
warning: in the working copy of 'node_modules/node-gyp/node_modules/undici/lib/mock/pending-interceptors-formatter.js', LF will be replaced by CRLF the next time Git touches it
warning: in the working copy of 'node_modules/node-gyp/node_modules/undici/lib/mock/pluralizer.js', LF will be replaced by CRLF the next time Git touches it
warning: in the working copy of 'node_modules/node-gyp/node_modules/undici/lib/util/timers.js', LF will be replaced by CRLF the next time Git touches it
warning: in the working copy of 'node_modules/node-gyp/node_modules/undici/lib/web/cache/cache.js', LF will be replaced by CRLF the next time Git touches it
warning: in the working copy of 'node_modules/node-gyp/node_modules/undici/lib/web/cache/cachestorage.js', LF will be replaced by CRLF the next time Git touches it
warning: in the working copy of 'node_modules/node-gyp/node_modules/undici/lib/web/cache/symbols.js', LF will be replaced by CRLF the next time Git touches it
warning: in the working copy of 'node_modules/node-gyp/node_modules/undici/lib/web/cache/util.js', LF will be replaced by CRLF the next time Git touches it
warning: in the working copy of 'node_modules/node-gyp/node_modules/undici/lib/web/cookies/constants.js', LF will be replaced by CRLF the next time Git touches it
warning: in the working copy of 'node_modules/node-gyp/node_modules/undici/lib/web/cookies/index.js', LF will be replaced by CRLF the next time Git touches it
warning: in the working copy of 'node_modules/node-gyp/node_modules/undici/lib/web/cookies/parse.js', LF will be replaced by CRLF the next time Git touches it
warning: in the working copy of 'node_modules/node-gyp/node_modules/undici/lib/web/cookies/util.js', LF will be replaced by CRLF the next time Git touches it
warning: in the working copy of 'node_modules/node-gyp/node_modules/undici/lib/web/eventsource/eventsource-stream.js', LF will be replaced by CRLF the next time Git touches it
warning: in the working copy of 'node_modules/node-gyp/node_modules/undici/lib/web/eventsource/eventsource.js', LF will be replaced by CRLF the next time Git touches it
warning: in the working copy of 'node_modules/node-gyp/node_modules/undici/lib/web/eventsource/util.js', LF will be replaced by CRLF the next time Git touches it
warning: in the working copy of 'node_modules/node-gyp/node_modules/undici/lib/web/fetch/LICENSE', LF will be replaced by CRLF the next time Git touches it
warning: in the working copy of 'node_modules/node-gyp/node_modules/undici/lib/web/fetch/body.js', LF will be replaced by CRLF the next time Git touches it
warning: in the working copy of 'node_modules/node-gyp/node_modules/undici/lib/web/fetch/constants.js', LF will be replaced by CRLF the next time Git touches it
warning: in the working copy of 'node_modules/node-gyp/node_modules/undici/lib/web/fetch/data-url.js', LF will be replaced by CRLF the next time Git touches it
warning: in the working copy of 'node_modules/node-gyp/node_modules/undici/lib/web/fetch/dispatcher-weakref.js', LF will be replaced by CRLF the next time Git touches it
warning: in the working copy of 'node_modules/node-gyp/node_modules/undici/lib/web/fetch/file.js', LF will be replaced by CRLF the next time Git touches it
warning: in the working copy of 'node_modules/node-gyp/node_modules/undici/lib/web/fetch/formdata-parser.js', LF will be replaced by CRLF the next time Git touches it
warning: in the working copy of 'node_modules/node-gyp/node_modules/undici/lib/web/fetch/formdata.js', LF will be replaced by CRLF the next time Git touches it
warning: in the working copy of 'node_modules/node-gyp/node_modules/undici/lib/web/fetch/global.js', LF will be replaced by CRLF the next time Git touches it
warning: in the working copy of 'node_modules/node-gyp/node_modules/undici/lib/web/fetch/headers.js', LF will be replaced by CRLF the next time Git touches it
warning: in the working copy of 'node_modules/node-gyp/node_modules/undici/lib/web/fetch/index.js', LF will be replaced by CRLF the next time Git touches it
warning: in the working copy of 'node_modules/node-gyp/node_modules/undici/lib/web/fetch/request.js', LF will be replaced by CRLF the next time Git touches it
warning: in the working copy of 'node_modules/node-gyp/node_modules/undici/lib/web/fetch/response.js', LF will be replaced by CRLF the next time Git touches it
warning: in the working copy of 'node_modules/node-gyp/node_modules/undici/lib/web/fetch/symbols.js', LF will be replaced by CRLF the next time Git touches it
warning: in the working copy of 'node_modules/node-gyp/node_modules/undici/lib/web/fetch/util.js', LF will be replaced by CRLF the next time Git touches it
warning: in the working copy of 'node_modules/node-gyp/node_modules/undici/lib/web/fetch/webidl.js', LF will be replaced by CRLF the next time Git touches it
warning: in the working copy of 'node_modules/node-gyp/node_modules/undici/lib/web/fileapi/encoding.js', LF will be replaced by CRLF the next time Git touches it
warning: in the working copy of 'node_modules/node-gyp/node_modules/undici/lib/web/fileapi/filereader.js', LF will be replaced by CRLF the next time Git touches it
warning: in the working copy of 'node_modules/node-gyp/node_modules/undici/lib/web/fileapi/progressevent.js', LF will be replaced by CRLF the next time Git touches it
warning: in the working copy of 'node_modules/node-gyp/node_modules/undici/lib/web/fileapi/symbols.js', LF will be replaced by CRLF the next time Git touches it
warning: in the working copy of 'node_modules/node-gyp/node_modules/undici/lib/web/fileapi/util.js', LF will be replaced by CRLF the next time Git touches it
warning: in the working copy of 'node_modules/node-gyp/node_modules/undici/lib/web/websocket/connection.js', LF will be replaced by CRLF the next time Git touches it
warning: in the working copy of 'node_modules/node-gyp/node_modules/undici/lib/web/websocket/constants.js', LF will be replaced by CRLF the next time Git touches it
warning: in the working copy of 'node_modules/node-gyp/node_modules/undici/lib/web/websocket/events.js', LF will be replaced by CRLF the next time Git touches it
warning: in the working copy of 'node_modules/node-gyp/node_modules/undici/lib/web/websocket/frame.js', LF will be replaced by CRLF the next time Git touches it
warning: in the working copy of 'node_modules/node-gyp/node_modules/undici/lib/web/websocket/permessage-deflate.js', LF will be replaced by CRLF the next time Git touches it
warning: in the working copy of 'node_modules/node-gyp/node_modules/undici/lib/web/websocket/receiver.js', LF will be replaced by CRLF the next time Git touches it
warning: in the working copy of 'node_modules/node-gyp/node_modules/undici/lib/web/websocket/sender.js', LF will be replaced by CRLF the next time Git touches it
warning: in the working copy of 'node_modules/node-gyp/node_modules/undici/lib/web/websocket/symbols.js', LF will be replaced by CRLF the next time Git touches it
warning: in the working copy of 'node_modules/node-gyp/node_modules/undici/lib/web/websocket/util.js', LF will be replaced by CRLF the next time Git touches it
warning: in the working copy of 'node_modules/node-gyp/node_modules/undici/lib/web/websocket/websocket.js', LF will be replaced by CRLF the next time Git touches it
warning: in the working copy of 'node_modules/node-gyp/node_modules/undici/package.json', LF will be replaced by CRLF the next time Git touches it
warning: in the working copy of 'node_modules/node-gyp/node_modules/undici/scripts/strip-comments.js', LF will be replaced by CRLF the next time Git touches it
warning: in the working copy of 'node_modules/node-gyp/node_modules/undici/types/README.md', LF will be replaced by CRLF the next time Git touches it
warning: in the working copy of 'node_modules/node-gyp/node_modules/undici/types/agent.d.ts', LF will be replaced by CRLF the next time Git touches it
warning: in the working copy of 'node_modules/node-gyp/node_modules/undici/types/api.d.ts', LF will be replaced by CRLF the next time Git touches it
warning: in the working copy of 'node_modules/node-gyp/node_modules/undici/types/balanced-pool.d.ts', LF will be replaced by CRLF the next time Git touches it
warning: in the working copy of 'node_modules/node-gyp/node_modules/undici/types/cache.d.ts', LF will be replaced by CRLF the next time Git touches it
warning: in the working copy of 'node_modules/node-gyp/node_modules/undici/types/client.d.ts', LF will be replaced by CRLF the next time Git touches it
warning: in the working copy of 'node_modules/node-gyp/node_modules/undici/types/connector.d.ts', LF will be replaced by CRLF the next time Git touches it
warning: in the working copy of 'node_modules/node-gyp/node_modules/undici/types/content-type.d.ts', LF will be replaced by CRLF the next time Git touches it
warning: in the working copy of 'node_modules/node-gyp/node_modules/undici/types/cookies.d.ts', LF will be replaced by CRLF the next time Git touches it
warning: in the working copy of 'node_modules/node-gyp/node_modules/undici/types/diagnostics-channel.d.ts', LF will be replaced by CRLF the next time Git touches it
warning: in the working copy of 'node_modules/node-gyp/node_modules/undici/types/dispatcher.d.ts', LF will be replaced by CRLF the next time Git touches it
warning: in the working copy of 'node_modules/node-gyp/node_modules/undici/types/env-http-proxy-agent.d.ts', LF will be replaced by CRLF the next time Git touches it
warning: in the working copy of 'node_modules/node-gyp/node_modules/undici/types/errors.d.ts', LF will be replaced by CRLF the next time Git touches it
warning: in the working copy of 'node_modules/node-gyp/node_modules/undici/types/eventsource.d.ts', LF will be replaced by CRLF the next time Git touches it
warning: in the working copy of 'node_modules/node-gyp/node_modules/undici/types/fetch.d.ts', LF will be replaced by CRLF the next time Git touches it
warning: in the working copy of 'node_modules/node-gyp/node_modules/undici/types/file.d.ts', LF will be replaced by CRLF the next time Git touches it
warning: in the working copy of 'node_modules/node-gyp/node_modules/undici/types/filereader.d.ts', LF will be replaced by CRLF the next time Git touches it
warning: in the working copy of 'node_modules/node-gyp/node_modules/undici/types/formdata.d.ts', LF will be replaced by CRLF the next time Git touches it
warning: in the working copy of 'node_modules/node-gyp/node_modules/undici/types/global-dispatcher.d.ts', LF will be replaced by CRLF the next time Git touches it
warning: in the working copy of 'node_modules/node-gyp/node_modules/undici/types/global-origin.d.ts', LF will be replaced by CRLF the next time Git touches it
warning: in the working copy of 'node_modules/node-gyp/node_modules/undici/types/handlers.d.ts', LF will be replaced by CRLF the next time Git touches it
warning: in the working copy of 'node_modules/node-gyp/node_modules/undici/types/header.d.ts', LF will be replaced by CRLF the next time Git touches it
warning: in the working copy of 'node_modules/node-gyp/node_modules/undici/types/index.d.ts', LF will be replaced by CRLF the next time Git touches it
warning: in the working copy of 'node_modules/node-gyp/node_modules/undici/types/interceptors.d.ts', LF will be replaced by CRLF the next time Git touches it
warning: in the working copy of 'node_modules/node-gyp/node_modules/undici/types/mock-agent.d.ts', LF will be replaced by CRLF the next time Git touches it
warning: in the working copy of 'node_modules/node-gyp/node_modules/undici/types/mock-client.d.ts', LF will be replaced by CRLF the next time Git touches it
warning: in the working copy of 'node_modules/node-gyp/node_modules/undici/types/mock-errors.d.ts', LF will be replaced by CRLF the next time Git touches it
warning: in the working copy of 'node_modules/node-gyp/node_modules/undici/types/mock-interceptor.d.ts', LF will be replaced by CRLF the next time Git touches it
warning: in the working copy of 'node_modules/node-gyp/node_modules/undici/types/mock-pool.d.ts', LF will be replaced by CRLF the next time Git touches it
warning: in the working copy of 'node_modules/node-gyp/node_modules/undici/types/patch.d.ts', LF will be replaced by CRLF the next time Git touches it
warning: in the working copy of 'node_modules/node-gyp/node_modules/undici/types/pool-stats.d.ts', LF will be replaced by CRLF the next time Git touches it
warning: in the working copy of 'node_modules/node-gyp/node_modules/undici/types/pool.d.ts', LF will be replaced by CRLF the next time Git touches it
warning: in the working copy of 'node_modules/node-gyp/node_modules/undici/types/proxy-agent.d.ts', LF will be replaced by CRLF the next time Git touches it
warning: in the working copy of 'node_modules/node-gyp/node_modules/undici/types/readable.d.ts', LF will be replaced by CRLF the next time Git touches it
warning: in the working copy of 'node_modules/node-gyp/node_modules/undici/types/retry-agent.d.ts', LF will be replaced by CRLF the next time Git touches it
warning: in the working copy of 'node_modules/node-gyp/node_modules/undici/types/retry-handler.d.ts', LF will be replaced by CRLF the next time Git touches it
warning: in the working copy of 'node_modules/node-gyp/node_modules/undici/types/util.d.ts', LF will be replaced by CRLF the next time Git touches it
warning: in the working copy of 'node_modules/node-gyp/node_modules/undici/types/webidl.d.ts', LF will be replaced by CRLF the next time Git touches it
warning: in the working copy of 'node_modules/node-gyp/node_modules/undici/types/websocket.d.ts', LF will be replaced by CRLF the next time Git touches it
warning: in the working copy of 'node_modules/node-gyp/node_modules/which/LICENSE', LF will be replaced by CRLF the next time Git touches it
warning: in the working copy of 'node_modules/node-gyp/node_modules/which/README.md', LF will be replaced by CRLF the next time Git touches it
warning: in the working copy of 'node_modules/node-gyp/node_modules/which/bin/which.js', LF will be replaced by CRLF the next time Git touches it
warning: in the working copy of 'node_modules/node-gyp/node_modules/which/lib/index.js', LF will be replaced by CRLF the next time Git touches it
warning: in the working copy of 'node_modules/node-gyp/node_modules/which/package.json', LF will be replaced by CRLF the next time Git touches it
warning: in the working copy of 'node_modules/node-gyp/package.json', LF will be replaced by CRLF the next time Git touches it
warning: in the working copy of 'node_modules/node-gyp/release-please-config.json', LF will be replaced by CRLF the next time Git touches it
warning: in the working copy of 'node_modules/node-gyp/src/win_delay_load_hook.cc', LF will be replaced by CRLF the next time Git touches it
warning: in the working copy of 'node_modules/node-int64/.npmignore', LF will be replaced by CRLF the next time Git touches it
warning: in the working copy of 'node_modules/node-int64/Int64.js', LF will be replaced by CRLF the next time Git touches it
warning: in the working copy of 'node_modules/node-int64/LICENSE', LF will be replaced by CRLF the next time Git touches it
warning: in the working copy of 'node_modules/node-int64/README.md', LF will be replaced by CRLF the next time Git touches it
warning: in the working copy of 'node_modules/node-int64/package.json', LF will be replaced by CRLF the next time Git touches it
warning: in the working copy of 'node_modules/node-int64/test.js', LF will be replaced by CRLF the next time Git touches it
warning: in the working copy of 'node_modules/nopt/LICENSE', LF will be replaced by CRLF the next time Git touches it
warning: in the working copy of 'node_modules/nopt/README.md', LF will be replaced by CRLF the next time Git touches it
warning: in the working copy of 'node_modules/nopt/bin/nopt.js', LF will be replaced by CRLF the next time Git touches it
warning: in the working copy of 'node_modules/nopt/lib/debug.js', LF will be replaced by CRLF the next time Git touches it
warning: in the working copy of 'node_modules/nopt/lib/nopt-lib.js', LF will be replaced by CRLF the next time Git touches it
warning: in the working copy of 'node_modules/nopt/lib/nopt.js', LF will be replaced by CRLF the next time Git touches it
warning: in the working copy of 'node_modules/nopt/lib/type-defs.js', LF will be replaced by CRLF the next time Git touches it
warning: in the working copy of 'node_modules/nopt/package.json', LF will be replaced by CRLF the next time Git touches it
warning: in the working copy of 'node_modules/normalize-url/index.d.ts', LF will be replaced by CRLF the next time Git touches it
warning: in the working copy of 'node_modules/normalize-url/index.js', LF will be replaced by CRLF the next time Git touches it
warning: in the working copy of 'node_modules/normalize-url/license', LF will be replaced by CRLF the next time Git touches it
warning: in the working copy of 'node_modules/normalize-url/package.json', LF will be replaced by CRLF the next time Git touches it
warning: in the working copy of 'node_modules/normalize-url/readme.md', LF will be replaced by CRLF the next time Git touches it
warning: in the working copy of 'node_modules/object-keys/.editorconfig', LF will be replaced by CRLF the next time Git touches it
warning: in the working copy of 'node_modules/object-keys/.eslintrc', LF will be replaced by CRLF the next time Git touches it
warning: in the working copy of 'node_modules/object-keys/.travis.yml', LF will be replaced by CRLF the next time Git touches it
warning: in the working copy of 'node_modules/object-keys/CHANGELOG.md', LF will be replaced by CRLF the next time Git touches it
warning: in the working copy of 'node_modules/object-keys/LICENSE', LF will be replaced by CRLF the next time Git touches it
warning: in the working copy of 'node_modules/object-keys/README.md', LF will be replaced by CRLF the next time Git touches it
warning: in the working copy of 'node_modules/object-keys/implementation.js', LF will be replaced by CRLF the next time Git touches it
warning: in the working copy of 'node_modules/object-keys/index.js', LF will be replaced by CRLF the next time Git touches it
warning: in the working copy of 'node_modules/object-keys/isArguments.js', LF will be replaced by CRLF the next time Git touches it
warning: in the working copy of 'node_modules/object-keys/package.json', LF will be replaced by CRLF the next time Git touches it
warning: in the working copy of 'node_modules/object-keys/test/index.js', LF will be replaced by CRLF the next time Git touches it
warning: in the working copy of 'node_modules/once/LICENSE', LF will be replaced by CRLF the next time Git touches it
warning: in the working copy of 'node_modules/once/README.md', LF will be replaced by CRLF the next time Git touches it
warning: in the working copy of 'node_modules/once/once.js', LF will be replaced by CRLF the next time Git touches it
warning: in the working copy of 'node_modules/once/package.json', LF will be replaced by CRLF the next time Git touches it
warning: in the working copy of 'node_modules/p-cancelable/index.d.ts', LF will be replaced by CRLF the next time Git touches it
warning: in the working copy of 'node_modules/p-cancelable/index.js', LF will be replaced by CRLF the next time Git touches it
warning: in the working copy of 'node_modules/p-cancelable/license', LF will be replaced by CRLF the next time Git touches it
warning: in the working copy of 'node_modules/p-cancelable/package.json', LF will be replaced by CRLF the next time Git touches it
warning: in the working copy of 'node_modules/p-cancelable/readme.md', LF will be replaced by CRLF the next time Git touches it
warning: in the working copy of 'node_modules/p-limit/index.d.ts', LF will be replaced by CRLF the next time Git touches it
warning: in the working copy of 'node_modules/p-limit/index.js', LF will be replaced by CRLF the next time Git touches it
warning: in the working copy of 'node_modules/p-limit/license', LF will be replaced by CRLF the next time Git touches it
warning: in the working copy of 'node_modules/p-limit/package.json', LF will be replaced by CRLF the next time Git touches it
warning: in the working copy of 'node_modules/p-limit/readme.md', LF will be replaced by CRLF the next time Git touches it
warning: in the working copy of 'node_modules/path-is-absolute/index.js', LF will be replaced by CRLF the next time Git touches it
warning: in the working copy of 'node_modules/path-is-absolute/license', LF will be replaced by CRLF the next time Git touches it
warning: in the working copy of 'node_modules/path-is-absolute/package.json', LF will be replaced by CRLF the next time Git touches it
warning: in the working copy of 'node_modules/path-is-absolute/readme.md', LF will be replaced by CRLF the next time Git touches it
warning: in the working copy of 'node_modules/path-key/index.d.ts', LF will be replaced by CRLF the next time Git touches it
warning: in the working copy of 'node_modules/path-key/index.js', LF will be replaced by CRLF the next time Git touches it
warning: in the working copy of 'node_modules/path-key/license', LF will be replaced by CRLF the next time Git touches it
warning: in the working copy of 'node_modules/path-key/package.json', LF will be replaced by CRLF the next time Git touches it
warning: in the working copy of 'node_modules/path-key/readme.md', LF will be replaced by CRLF the next time Git touches it
warning: in the working copy of 'node_modules/pe-library/CHANGELOG.md', LF will be replaced by CRLF the next time Git touches it
warning: in the working copy of 'node_modules/pe-library/LICENSE', LF will be replaced by CRLF the next time Git touches it
warning: in the working copy of 'node_modules/pe-library/README.md', LF will be replaced by CRLF the next time Git touches it
warning: in the working copy of 'node_modules/pe-library/dist/index.mjs', LF will be replaced by CRLF the next time Git touches it
warning: in the working copy of 'node_modules/pe-library/package.json', LF will be replaced by CRLF the next time Git touches it
warning: in the working copy of 'node_modules/picocolors/LICENSE', LF will be replaced by CRLF the next time Git touches it
warning: in the working copy of 'node_modules/picocolors/README.md', LF will be replaced by CRLF the next time Git touches it
warning: in the working copy of 'node_modules/picocolors/package.json', LF will be replaced by CRLF the next time Git touches it
warning: in the working copy of 'node_modules/picocolors/picocolors.browser.js', LF will be replaced by CRLF the next time Git touches it
warning: in the working copy of 'node_modules/picocolors/picocolors.d.ts', LF will be replaced by CRLF the next time Git touches it
warning: in the working copy of 'node_modules/picocolors/picocolors.js', LF will be replaced by CRLF the next time Git touches it
warning: in the working copy of 'node_modules/picocolors/types.d.ts', LF will be replaced by CRLF the next time Git touches it
warning: in the working copy of 'node_modules/picomatch/LICENSE', LF will be replaced by CRLF the next time Git touches it
warning: in the working copy of 'node_modules/picomatch/README.md', LF will be replaced by CRLF the next time Git touches it
warning: in the working copy of 'node_modules/picomatch/index.js', LF will be replaced by CRLF the next time Git touches it
warning: in the working copy of 'node_modules/picomatch/lib/constants.js', LF will be replaced by CRLF the next time Git touches it
warning: in the working copy of 'node_modules/picomatch/lib/parse.js', LF will be replaced by CRLF the next time Git touches it
warning: in the working copy of 'node_modules/picomatch/lib/picomatch.js', LF will be replaced by CRLF the next time Git touches it
warning: in the working copy of 'node_modules/picomatch/lib/scan.js', LF will be replaced by CRLF the next time Git touches it
warning: in the working copy of 'node_modules/picomatch/lib/utils.js', LF will be replaced by CRLF the next time Git touches it
warning: in the working copy of 'node_modules/picomatch/package.json', LF will be replaced by CRLF the next time Git touches it
warning: in the working copy of 'node_modules/picomatch/posix.js', LF will be replaced by CRLF the next time Git touches it
warning: in the working copy of 'node_modules/pkijs/LICENSE', LF will be replaced by CRLF the next time Git touches it
warning: in the working copy of 'node_modules/pkijs/build/index.d.ts', LF will be replaced by CRLF the next time Git touches it
warning: in the working copy of 'node_modules/pkijs/build/index.es.js', LF will be replaced by CRLF the next time Git touches it
warning: in the working copy of 'node_modules/pkijs/build/index.js', LF will be replaced by CRLF the next time Git touches it
warning: in the working copy of 'node_modules/pkijs/node_modules/@noble/hashes/LICENSE', LF will be replaced by CRLF the next time Git touches it
warning: in the working copy of 'node_modules/pkijs/node_modules/@noble/hashes/README.md', LF will be replaced by CRLF the next time Git touches it
warning: in the working copy of 'node_modules/pkijs/node_modules/@noble/hashes/_assert.d.ts', LF will be replaced by CRLF the next time Git touches it
warning: in the working copy of 'node_modules/pkijs/node_modules/@noble/hashes/_assert.js', LF will be replaced by CRLF the next time Git touches it
warning: in the working copy of 'node_modules/pkijs/node_modules/@noble/hashes/_blake.d.ts', LF will be replaced by CRLF the next time Git touches it
warning: in the working copy of 'node_modules/pkijs/node_modules/@noble/hashes/_blake.js', LF will be replaced by CRLF the next time Git touches it
warning: in the working copy of 'node_modules/pkijs/node_modules/@noble/hashes/_md.d.ts', LF will be replaced by CRLF the next time Git touches it
warning: in the working copy of 'node_modules/pkijs/node_modules/@noble/hashes/_md.js', LF will be replaced by CRLF the next time Git touches it
warning: in the working copy of 'node_modules/pkijs/node_modules/@noble/hashes/_u64.d.ts', LF will be replaced by CRLF the next time Git touches it
warning: in the working copy of 'node_modules/pkijs/node_modules/@noble/hashes/_u64.js', LF will be replaced by CRLF the next time Git touches it
warning: in the working copy of 'node_modules/pkijs/node_modules/@noble/hashes/argon2.d.ts', LF will be replaced by CRLF the next time Git touches it
warning: in the working copy of 'node_modules/pkijs/node_modules/@noble/hashes/argon2.js', LF will be replaced by CRLF the next time Git touches it
warning: in the working copy of 'node_modules/pkijs/node_modules/@noble/hashes/blake2b.d.ts', LF will be replaced by CRLF the next time Git touches it
warning: in the working copy of 'node_modules/pkijs/node_modules/@noble/hashes/blake2b.js', LF will be replaced by CRLF the next time Git touches it
warning: in the working copy of 'node_modules/pkijs/node_modules/@noble/hashes/blake2s.d.ts', LF will be replaced by CRLF the next time Git touches it
warning: in the working copy of 'node_modules/pkijs/node_modules/@noble/hashes/blake2s.js', LF will be replaced by CRLF the next time Git touches it
warning: in the working copy of 'node_modules/pkijs/node_modules/@noble/hashes/blake3.d.ts', LF will be replaced by CRLF the next time Git touches it
warning: in the working copy of 'node_modules/pkijs/node_modules/@noble/hashes/blake3.js', LF will be replaced by CRLF the next time Git touches it
warning: in the working copy of 'node_modules/pkijs/node_modules/@noble/hashes/crypto.d.ts', LF will be replaced by CRLF the next time Git touches it
warning: in the working copy of 'node_modules/pkijs/node_modules/@noble/hashes/crypto.js', LF will be replaced by CRLF the next time Git touches it
warning: in the working copy of 'node_modules/pkijs/node_modules/@noble/hashes/cryptoNode.d.ts', LF will be replaced by CRLF the next time Git touches it
warning: in the working copy of 'node_modules/pkijs/node_modules/@noble/hashes/cryptoNode.js', LF will be replaced by CRLF the next time Git touches it
warning: in the working copy of 'node_modules/pkijs/node_modules/@noble/hashes/eskdf.d.ts', LF will be replaced by CRLF the next time Git touches it
warning: in the working copy of 'node_modules/pkijs/node_modules/@noble/hashes/eskdf.js', LF will be replaced by CRLF the next time Git touches it
warning: in the working copy of 'node_modules/pkijs/node_modules/@noble/hashes/esm/_assert.js', LF will be replaced by CRLF the next time Git touches it
warning: in the working copy of 'node_modules/pkijs/node_modules/@noble/hashes/esm/_blake.js', LF will be replaced by CRLF the next time Git touches it
warning: in the working copy of 'node_modules/pkijs/node_modules/@noble/hashes/esm/_md.js', LF will be replaced by CRLF the next time Git touches it
warning: in the working copy of 'node_modules/pkijs/node_modules/@noble/hashes/esm/_u64.js', LF will be replaced by CRLF the next time Git touches it
warning: in the working copy of 'node_modules/pkijs/node_modules/@noble/hashes/esm/argon2.js', LF will be replaced by CRLF the next time Git touches it
warning: in the working copy of 'node_modules/pkijs/node_modules/@noble/hashes/esm/blake2b.js', LF will be replaced by CRLF the next time Git touches it
warning: in the working copy of 'node_modules/pkijs/node_modules/@noble/hashes/esm/blake2s.js', LF will be replaced by CRLF the next time Git touches it
warning: in the working copy of 'node_modules/pkijs/node_modules/@noble/hashes/esm/blake3.js', LF will be replaced by CRLF the next time Git touches it
warning: in the working copy of 'node_modules/pkijs/node_modules/@noble/hashes/esm/crypto.js', LF will be replaced by CRLF the next time Git touches it
warning: in the working copy of 'node_modules/pkijs/node_modules/@noble/hashes/esm/cryptoNode.js', LF will be replaced by CRLF the next time Git touches it
warning: in the working copy of 'node_modules/pkijs/node_modules/@noble/hashes/esm/eskdf.js', LF will be replaced by CRLF the next time Git touches it
warning: in the working copy of 'node_modules/pkijs/node_modules/@noble/hashes/esm/hkdf.js', LF will be replaced by CRLF the next time Git touches it
warning: in the working copy of 'node_modules/pkijs/node_modules/@noble/hashes/esm/hmac.js', LF will be replaced by CRLF the next time Git touches it
warning: in the working copy of 'node_modules/pkijs/node_modules/@noble/hashes/esm/index.js', LF will be replaced by CRLF the next time Git touches it
warning: in the working copy of 'node_modules/pkijs/node_modules/@noble/hashes/esm/package.json', LF will be replaced by CRLF the next time Git touches it
warning: in the working copy of 'node_modules/pkijs/node_modules/@noble/hashes/esm/pbkdf2.js', LF will be replaced by CRLF the next time Git touches it
warning: in the working copy of 'node_modules/pkijs/node_modules/@noble/hashes/esm/ripemd160.js', LF will be replaced by CRLF the next time Git touches it
warning: in the working copy of 'node_modules/pkijs/node_modules/@noble/hashes/esm/scrypt.js', LF will be replaced by CRLF the next time Git touches it
warning: in the working copy of 'node_modules/pkijs/node_modules/@noble/hashes/esm/sha1.js', LF will be replaced by CRLF the next time Git touches it
warning: in the working copy of 'node_modules/pkijs/node_modules/@noble/hashes/esm/sha2.js', LF will be replaced by CRLF the next time Git touches it
warning: in the working copy of 'node_modules/pkijs/node_modules/@noble/hashes/esm/sha256.js', LF will be replaced by CRLF the next time Git touches it
warning: in the working copy of 'node_modules/pkijs/node_modules/@noble/hashes/esm/sha3-addons.js', LF will be replaced by CRLF the next time Git touches it
warning: in the working copy of 'node_modules/pkijs/node_modules/@noble/hashes/esm/sha3.js', LF will be replaced by CRLF the next time Git touches it
warning: in the working copy of 'node_modules/pkijs/node_modules/@noble/hashes/esm/sha512.js', LF will be replaced by CRLF the next time Git touches it
warning: in the working copy of 'node_modules/pkijs/node_modules/@noble/hashes/esm/utils.js', LF will be replaced by CRLF the next time Git touches it
warning: in the working copy of 'node_modules/pkijs/node_modules/@noble/hashes/hkdf.d.ts', LF will be replaced by CRLF the next time Git touches it
warning: in the working copy of 'node_modules/pkijs/node_modules/@noble/hashes/hkdf.js', LF will be replaced by CRLF the next time Git touches it
warning: in the working copy of 'node_modules/pkijs/node_modules/@noble/hashes/hmac.d.ts', LF will be replaced by CRLF the next time Git touches it
warning: in the working copy of 'node_modules/pkijs/node_modules/@noble/hashes/hmac.js', LF will be replaced by CRLF the next time Git touches it
warning: in the working copy of 'node_modules/pkijs/node_modules/@noble/hashes/index.js', LF will be replaced by CRLF the next time Git touches it
warning: in the working copy of 'node_modules/pkijs/node_modules/@noble/hashes/package.json', LF will be replaced by CRLF the next time Git touches it
warning: in the working copy of 'node_modules/pkijs/node_modules/@noble/hashes/pbkdf2.d.ts', LF will be replaced by CRLF the next time Git touches it
warning: in the working copy of 'node_modules/pkijs/node_modules/@noble/hashes/pbkdf2.js', LF will be replaced by CRLF the next time Git touches it
warning: in the working copy of 'node_modules/pkijs/node_modules/@noble/hashes/ripemd160.d.ts', LF will be replaced by CRLF the next time Git touches it
warning: in the working copy of 'node_modules/pkijs/node_modules/@noble/hashes/ripemd160.js', LF will be replaced by CRLF the next time Git touches it
warning: in the working copy of 'node_modules/pkijs/node_modules/@noble/hashes/scrypt.d.ts', LF will be replaced by CRLF the next time Git touches it
warning: in the working copy of 'node_modules/pkijs/node_modules/@noble/hashes/scrypt.js', LF will be replaced by CRLF the next time Git touches it
warning: in the working copy of 'node_modules/pkijs/node_modules/@noble/hashes/sha1.d.ts', LF will be replaced by CRLF the next time Git touches it
warning: in the working copy of 'node_modules/pkijs/node_modules/@noble/hashes/sha1.js', LF will be replaced by CRLF the next time Git touches it
warning: in the working copy of 'node_modules/pkijs/node_modules/@noble/hashes/sha2.d.ts', LF will be replaced by CRLF the next time Git touches it
warning: in the working copy of 'node_modules/pkijs/node_modules/@noble/hashes/sha2.js', LF will be replaced by CRLF the next time Git touches it
warning: in the working copy of 'node_modules/pkijs/node_modules/@noble/hashes/sha256.d.ts', LF will be replaced by CRLF the next time Git touches it
warning: in the working copy of 'node_modules/pkijs/node_modules/@noble/hashes/sha256.js', LF will be replaced by CRLF the next time Git touches it
warning: in the working copy of 'node_modules/pkijs/node_modules/@noble/hashes/sha3-addons.d.ts', LF will be replaced by CRLF the next time Git touches it
warning: in the working copy of 'node_modules/pkijs/node_modules/@noble/hashes/sha3-addons.js', LF will be replaced by CRLF the next time Git touches it
warning: in the working copy of 'node_modules/pkijs/node_modules/@noble/hashes/sha3.d.ts', LF will be replaced by CRLF the next time Git touches it
warning: in the working copy of 'node_modules/pkijs/node_modules/@noble/hashes/sha3.js', LF will be replaced by CRLF the next time Git touches it
warning: in the working copy of 'node_modules/pkijs/node_modules/@noble/hashes/sha512.d.ts', LF will be replaced by CRLF the next time Git touches it
warning: in the working copy of 'node_modules/pkijs/node_modules/@noble/hashes/sha512.js', LF will be replaced by CRLF the next time Git touches it
warning: in the working copy of 'node_modules/pkijs/node_modules/@noble/hashes/src/_assert.ts', LF will be replaced by CRLF the next time Git touches it
warning: in the working copy of 'node_modules/pkijs/node_modules/@noble/hashes/src/_blake.ts', LF will be replaced by CRLF the next time Git touches it
warning: in the working copy of 'node_modules/pkijs/node_modules/@noble/hashes/src/_md.ts', LF will be replaced by CRLF the next time Git touches it
warning: in the working copy of 'node_modules/pkijs/node_modules/@noble/hashes/src/_u64.ts', LF will be replaced by CRLF the next time Git touches it
warning: in the working copy of 'node_modules/pkijs/node_modules/@noble/hashes/src/argon2.ts', LF will be replaced by CRLF the next time Git touches it
warning: in the working copy of 'node_modules/pkijs/node_modules/@noble/hashes/src/blake2b.ts', LF will be replaced by CRLF the next time Git touches it
warning: in the working copy of 'node_modules/pkijs/node_modules/@noble/hashes/src/blake2s.ts', LF will be replaced by CRLF the next time Git touches it
warning: in the working copy of 'node_modules/pkijs/node_modules/@noble/hashes/src/blake3.ts', LF will be replaced by CRLF the next time Git touches it
warning: in the working copy of 'node_modules/pkijs/node_modules/@noble/hashes/src/crypto.ts', LF will be replaced by CRLF the next time Git touches it
warning: in the working copy of 'node_modules/pkijs/node_modules/@noble/hashes/src/cryptoNode.ts', LF will be replaced by CRLF the next time Git touches it
warning: in the working copy of 'node_modules/pkijs/node_modules/@noble/hashes/src/eskdf.ts', LF will be replaced by CRLF the next time Git touches it
warning: in the working copy of 'node_modules/pkijs/node_modules/@noble/hashes/src/hkdf.ts', LF will be replaced by CRLF the next time Git touches it
warning: in the working copy of 'node_modules/pkijs/node_modules/@noble/hashes/src/hmac.ts', LF will be replaced by CRLF the next time Git touches it
warning: in the working copy of 'node_modules/pkijs/node_modules/@noble/hashes/src/index.ts', LF will be replaced by CRLF the next time Git touches it
warning: in the working copy of 'node_modules/pkijs/node_modules/@noble/hashes/src/pbkdf2.ts', LF will be replaced by CRLF the next time Git touches it
warning: in the working copy of 'node_modules/pkijs/node_modules/@noble/hashes/src/ripemd160.ts', LF will be replaced by CRLF the next time Git touches it
warning: in the working copy of 'node_modules/pkijs/node_modules/@noble/hashes/src/scrypt.ts', LF will be replaced by CRLF the next time Git touches it
warning: in the working copy of 'node_modules/pkijs/node_modules/@noble/hashes/src/sha1.ts', LF will be replaced by CRLF the next time Git touches it
warning: in the working copy of 'node_modules/pkijs/node_modules/@noble/hashes/src/sha2.ts', LF will be replaced by CRLF the next time Git touches it
warning: in the working copy of 'node_modules/pkijs/node_modules/@noble/hashes/src/sha256.ts', LF will be replaced by CRLF the next time Git touches it
warning: in the working copy of 'node_modules/pkijs/node_modules/@noble/hashes/src/sha3-addons.ts', LF will be replaced by CRLF the next time Git touches it
warning: in the working copy of 'node_modules/pkijs/node_modules/@noble/hashes/src/sha3.ts', LF will be replaced by CRLF the next time Git touches it
warning: in the working copy of 'node_modules/pkijs/node_modules/@noble/hashes/src/sha512.ts', LF will be replaced by CRLF the next time Git touches it
warning: in the working copy of 'node_modules/pkijs/node_modules/@noble/hashes/src/utils.ts', LF will be replaced by CRLF the next time Git touches it
warning: in the working copy of 'node_modules/pkijs/node_modules/@noble/hashes/utils.d.ts', LF will be replaced by CRLF the next time Git touches it
warning: in the working copy of 'node_modules/pkijs/node_modules/@noble/hashes/utils.js', LF will be replaced by CRLF the next time Git touches it
warning: in the working copy of 'node_modules/plist/.github/workflows/ci.yml', LF will be replaced by CRLF the next time Git touches it
warning: in the working copy of 'node_modules/plist/.jshintrc', LF will be replaced by CRLF the next time Git touches it
warning: in the working copy of 'node_modules/plist/History.md', LF will be replaced by CRLF the next time Git touches it
warning: in the working copy of 'node_modules/plist/LICENSE', LF will be replaced by CRLF the next time Git touches it
warning: in the working copy of 'node_modules/plist/Makefile', LF will be replaced by CRLF the next time Git touches it
warning: in the working copy of 'node_modules/plist/README.md', LF will be replaced by CRLF the next time Git touches it
warning: in the working copy of 'node_modules/plist/dist/plist-build.js', LF will be replaced by CRLF the next time Git touches it
warning: in the working copy of 'node_modules/plist/dist/plist-parse.js', LF will be replaced by CRLF the next time Git touches it
warning: in the working copy of 'node_modules/plist/dist/plist.js', LF will be replaced by CRLF the next time Git touches it
warning: in the working copy of 'node_modules/plist/examples/browser/index.html', LF will be replaced by CRLF the next time Git touches it
warning: in the working copy of 'node_modules/plist/index.js', LF will be replaced by CRLF the next time Git touches it
warning: in the working copy of 'node_modules/plist/lib/build.js', LF will be replaced by CRLF the next time Git touches it
warning: in the working copy of 'node_modules/plist/lib/parse.js', LF will be replaced by CRLF the next time Git touches it
warning: in the working copy of 'node_modules/plist/package.json', LF will be replaced by CRLF the next time Git touches it
warning: in the working copy of 'node_modules/postject/CODE_OF_CONDUCT.md', LF will be replaced by CRLF the next time Git touches it
warning: in the working copy of 'node_modules/postject/CONTRIBUTING.md', LF will be replaced by CRLF the next time Git touches it
warning: in the working copy of 'node_modules/postject/LICENSE', LF will be replaced by CRLF the next time Git touches it
warning: in the working copy of 'node_modules/postject/README.markdown', LF will be replaced by CRLF the next time Git touches it
warning: in the working copy of 'node_modules/postject/dist/api.js', LF will be replaced by CRLF the next time Git touches it
warning: in the working copy of 'node_modules/postject/dist/cli.js', LF will be replaced by CRLF the next time Git touches it
warning: in the working copy of 'node_modules/postject/dist/postject-api.h', LF will be replaced by CRLF the next time Git touches it
warning: in the working copy of 'node_modules/postject/node_modules/commander/LICENSE', LF will be replaced by CRLF the next time Git touches it
warning: in the working copy of 'node_modules/postject/node_modules/commander/Readme.md', LF will be replaced by CRLF the next time Git touches it
warning: in the working copy of 'node_modules/postject/node_modules/commander/esm.mjs', LF will be replaced by CRLF the next time Git touches it
warning: in the working copy of 'node_modules/postject/node_modules/commander/index.js', LF will be replaced by CRLF the next time Git touches it
warning: in the working copy of 'node_modules/postject/node_modules/commander/lib/argument.js', LF will be replaced by CRLF the next time Git touches it
warning: in the working copy of 'node_modules/postject/node_modules/commander/lib/command.js', LF will be replaced by CRLF the next time Git touches it
warning: in the working copy of 'node_modules/postject/node_modules/commander/lib/error.js', LF will be replaced by CRLF the next time Git touches it
warning: in the working copy of 'node_modules/postject/node_modules/commander/lib/help.js', LF will be replaced by CRLF the next time Git touches it
warning: in the working copy of 'node_modules/postject/node_modules/commander/lib/option.js', LF will be replaced by CRLF the next time Git touches it
warning: in the working copy of 'node_modules/postject/node_modules/commander/lib/suggestSimilar.js', LF will be replaced by CRLF the next time Git touches it
warning: in the working copy of 'node_modules/postject/node_modules/commander/package-support.json', LF will be replaced by CRLF the next time Git touches it
warning: in the working copy of 'node_modules/postject/node_modules/commander/package.json', LF will be replaced by CRLF the next time Git touches it
warning: in the working copy of 'node_modules/postject/node_modules/commander/typings/index.d.ts', LF will be replaced by CRLF the next time Git touches it
warning: in the working copy of 'node_modules/postject/package.json', LF will be replaced by CRLF the next time Git touches it
warning: in the working copy of 'node_modules/proc-log/LICENSE', LF will be replaced by CRLF the next time Git touches it
warning: in the working copy of 'node_modules/proc-log/README.md', LF will be replaced by CRLF the next time Git touches it
warning: in the working copy of 'node_modules/proc-log/lib/index.js', LF will be replaced by CRLF the next time Git touches it
warning: in the working copy of 'node_modules/proc-log/package.json', LF will be replaced by CRLF the next time Git touches it
warning: in the working copy of 'node_modules/process-nextick-args/index.js', LF will be replaced by CRLF the next time Git touches it
warning: in the working copy of 'node_modules/process-nextick-args/license.md', LF will be replaced by CRLF the next time Git touches it
warning: in the working copy of 'node_modules/process-nextick-args/package.json', LF will be replaced by CRLF the next time Git touches it
warning: in the working copy of 'node_modules/process-nextick-args/readme.md', LF will be replaced by CRLF the next time Git touches it
warning: in the working copy of 'node_modules/progress/CHANGELOG.md', LF will be replaced by CRLF the next time Git touches it
warning: in the working copy of 'node_modules/progress/LICENSE', LF will be replaced by CRLF the next time Git touches it
warning: in the working copy of 'node_modules/progress/Makefile', LF will be replaced by CRLF the next time Git touches it
warning: in the working copy of 'node_modules/progress/Readme.md', LF will be replaced by CRLF the next time Git touches it
warning: in the working copy of 'node_modules/progress/index.js', LF will be replaced by CRLF the next time Git touches it
warning: in the working copy of 'node_modules/progress/lib/node-progress.js', LF will be replaced by CRLF the next time Git touches it
warning: in the working copy of 'node_modules/progress/package.json', LF will be replaced by CRLF the next time Git touches it
warning: in the working copy of 'node_modules/promise-retry/.editorconfig', LF will be replaced by CRLF the next time Git touches it
warning: in the working copy of 'node_modules/promise-retry/.jshintrc', LF will be replaced by CRLF the next time Git touches it
warning: in the working copy of 'node_modules/promise-retry/.travis.yml', LF will be replaced by CRLF the next time Git touches it
warning: in the working copy of 'node_modules/promise-retry/LICENSE', LF will be replaced by CRLF the next time Git touches it
warning: in the working copy of 'node_modules/promise-retry/README.md', LF will be replaced by CRLF the next time Git touches it
warning: in the working copy of 'node_modules/promise-retry/index.js', LF will be replaced by CRLF the next time Git touches it
warning: in the working copy of 'node_modules/promise-retry/package.json', LF will be replaced by CRLF the next time Git touches it
warning: in the working copy of 'node_modules/promise-retry/test/test.js', LF will be replaced by CRLF the next time Git touches it
warning: in the working copy of 'node_modules/proper-lockfile/CHANGELOG.md', LF will be replaced by CRLF the next time Git touches it
warning: in the working copy of 'node_modules/proper-lockfile/LICENSE', LF will be replaced by CRLF the next time Git touches it
warning: in the working copy of 'node_modules/proper-lockfile/README.md', LF will be replaced by CRLF the next time Git touches it
warning: in the working copy of 'node_modules/proper-lockfile/index.js', LF will be replaced by CRLF the next time Git touches it
warning: in the working copy of 'node_modules/proper-lockfile/lib/adapter.js', LF will be replaced by CRLF the next time Git touches it
warning: in the working copy of 'node_modules/proper-lockfile/lib/lockfile.js', LF will be replaced by CRLF the next time Git touches it
warning: in the working copy of 'node_modules/proper-lockfile/lib/mtime-precision.js', LF will be replaced by CRLF the next time Git touches it
warning: in the working copy of 'node_modules/proper-lockfile/package.json', LF will be replaced by CRLF the next time Git touches it
warning: in the working copy of 'node_modules/pump/.github/FUNDING.yml', LF will be replaced by CRLF the next time Git touches it
warning: in the working copy of 'node_modules/pump/.travis.yml', LF will be replaced by CRLF the next time Git touches it
warning: in the working copy of 'node_modules/pump/LICENSE', LF will be replaced by CRLF the next time Git touches it
warning: in the working copy of 'node_modules/pump/README.md', LF will be replaced by CRLF the next time Git touches it
warning: in the working copy of 'node_modules/pump/SECURITY.md', LF will be replaced by CRLF the next time Git touches it
warning: in the working copy of 'node_modules/pump/empty.js', LF will be replaced by CRLF the next time Git touches it
warning: in the working copy of 'node_modules/pump/index.js', LF will be replaced by CRLF the next time Git touches it
warning: in the working copy of 'node_modules/pump/package.json', LF will be replaced by CRLF the next time Git touches it
warning: in the working copy of 'node_modules/pump/test-browser.js', LF will be replaced by CRLF the next time Git touches it
warning: in the working copy of 'node_modules/pump/test-node.js', LF will be replaced by CRLF the next time Git touches it
warning: in the working copy of 'node_modules/pvtsutils/LICENSE', LF will be replaced by CRLF the next time Git touches it
warning: in the working copy of 'node_modules/pvtsutils/README.md', LF will be replaced by CRLF the next time Git touches it
warning: in the working copy of 'node_modules/pvtsutils/build/index.d.ts', LF will be replaced by CRLF the next time Git touches it
warning: in the working copy of 'node_modules/pvtsutils/build/index.es.js', LF will be replaced by CRLF the next time Git touches it
warning: in the working copy of 'node_modules/pvtsutils/build/index.js', LF will be replaced by CRLF the next time Git touches it
warning: in the working copy of 'node_modules/pvtsutils/package.json', LF will be replaced by CRLF the next time Git touches it
warning: in the working copy of 'node_modules/pvutils/LICENSE', LF will be replaced by CRLF the next time Git touches it
warning: in the working copy of 'node_modules/pvutils/README.md', LF will be replaced by CRLF the next time Git touches it
warning: in the working copy of 'node_modules/pvutils/build/index.d.ts', LF will be replaced by CRLF the next time Git touches it
warning: in the working copy of 'node_modules/pvutils/build/utils.es.js', LF will be replaced by CRLF the next time Git touches it
warning: in the working copy of 'node_modules/pvutils/build/utils.js', LF will be replaced by CRLF the next time Git touches it
warning: in the working copy of 'node_modules/pvutils/package.json', LF will be replaced by CRLF the next time Git touches it
warning: in the working copy of 'node_modules/quick-lru/index.d.ts', LF will be replaced by CRLF the next time Git touches it
warning: in the working copy of 'node_modules/quick-lru/index.js', LF will be replaced by CRLF the next time Git touches it
warning: in the working copy of 'node_modules/quick-lru/license', LF will be replaced by CRLF the next time Git touches it
warning: in the working copy of 'node_modules/quick-lru/package.json', LF will be replaced by CRLF the next time Git touches it
warning: in the working copy of 'node_modules/quick-lru/readme.md', LF will be replaced by CRLF the next time Git touches it
warning: in the working copy of 'node_modules/read-binary-file-arch/README.md', LF will be replaced by CRLF the next time Git touches it
warning: in the working copy of 'node_modules/read-binary-file-arch/cli.js', LF will be replaced by CRLF the next time Git touches it
warning: in the working copy of 'node_modules/read-binary-file-arch/index.d.ts', LF will be replaced by CRLF the next time Git touches it
warning: in the working copy of 'node_modules/read-binary-file-arch/index.js', LF will be replaced by CRLF the next time Git touches it
warning: in the working copy of 'node_modules/read-binary-file-arch/package.json', LF will be replaced by CRLF the next time Git touches it
warning: in the working copy of 'node_modules/read-binary-file-arch/test.js', LF will be replaced by CRLF the next time Git touches it
warning: in the working copy of 'node_modules/readable-stream/.travis.yml', LF will be replaced by CRLF the next time Git touches it
warning: in the working copy of 'node_modules/readable-stream/CONTRIBUTING.md', LF will be replaced by CRLF the next time Git touches it
warning: in the working copy of 'node_modules/readable-stream/GOVERNANCE.md', LF will be replaced by CRLF the next time Git touches it
warning: in the working copy of 'node_modules/readable-stream/LICENSE', LF will be replaced by CRLF the next time Git touches it
warning: in the working copy of 'node_modules/readable-stream/README.md', LF will be replaced by CRLF the next time Git touches it
warning: in the working copy of 'node_modules/readable-stream/doc/wg-meetings/2015-01-30.md', LF will be replaced by CRLF the next time Git touches it
warning: in the working copy of 'node_modules/readable-stream/duplex-browser.js', LF will be replaced by CRLF the next time Git touches it
warning: in the working copy of 'node_modules/readable-stream/duplex.js', LF will be replaced by CRLF the next time Git touches it
warning: in the working copy of 'node_modules/readable-stream/lib/_stream_duplex.js', LF will be replaced by CRLF the next time Git touches it
warning: in the working copy of 'node_modules/readable-stream/lib/_stream_passthrough.js', LF will be replaced by CRLF the next time Git touches it
warning: in the working copy of 'node_modules/readable-stream/lib/_stream_readable.js', LF will be replaced by CRLF the next time Git touches it
warning: in the working copy of 'node_modules/readable-stream/lib/_stream_transform.js', LF will be replaced by CRLF the next time Git touches it
warning: in the working copy of 'node_modules/readable-stream/lib/_stream_writable.js', LF will be replaced by CRLF the next time Git touches it
warning: in the working copy of 'node_modules/readable-stream/lib/internal/streams/BufferList.js', LF will be replaced by CRLF the next time Git touches it
warning: in the working copy of 'node_modules/readable-stream/lib/internal/streams/destroy.js', LF will be replaced by CRLF the next time Git touches it
warning: in the working copy of 'node_modules/readable-stream/lib/internal/streams/stream-browser.js', LF will be replaced by CRLF the next time Git touches it
warning: in the working copy of 'node_modules/readable-stream/lib/internal/streams/stream.js', LF will be replaced by CRLF the next time Git touches it
warning: in the working copy of 'node_modules/readable-stream/package.json', LF will be replaced by CRLF the next time Git touches it
warning: in the working copy of 'node_modules/readable-stream/passthrough.js', LF will be replaced by CRLF the next time Git touches it
warning: in the working copy of 'node_modules/readable-stream/readable-browser.js', LF will be replaced by CRLF the next time Git touches it
warning: in the working copy of 'node_modules/readable-stream/readable.js', LF will be replaced by CRLF the next time Git touches it
warning: in the working copy of 'node_modules/readable-stream/transform.js', LF will be replaced by CRLF the next time Git touches it
warning: in the working copy of 'node_modules/readable-stream/writable-browser.js', LF will be replaced by CRLF the next time Git touches it
warning: in the working copy of 'node_modules/readable-stream/writable.js', LF will be replaced by CRLF the next time Git touches it
warning: in the working copy of 'node_modules/require-directory/.jshintrc', LF will be replaced by CRLF the next time Git touches it
warning: in the working copy of 'node_modules/require-directory/.npmignore', LF will be replaced by CRLF the next time Git touches it
warning: in the working copy of 'node_modules/require-directory/.travis.yml', LF will be replaced by CRLF the next time Git touches it
warning: in the working copy of 'node_modules/require-directory/LICENSE', LF will be replaced by CRLF the next time Git touches it
warning: in the working copy of 'node_modules/require-directory/README.markdown', LF will be replaced by CRLF the next time Git touches it
warning: in the working copy of 'node_modules/require-directory/index.js', LF will be replaced by CRLF the next time Git touches it
warning: in the working copy of 'node_modules/require-directory/package.json', LF will be replaced by CRLF the next time Git touches it
warning: in the working copy of 'node_modules/require-from-string/index.js', LF will be replaced by CRLF the next time Git touches it
warning: in the working copy of 'node_modules/require-from-string/license', LF will be replaced by CRLF the next time Git touches it
warning: in the working copy of 'node_modules/require-from-string/package.json', LF will be replaced by CRLF the next time Git touches it
warning: in the working copy of 'node_modules/require-from-string/readme.md', LF will be replaced by CRLF the next time Git touches it
warning: in the working copy of 'node_modules/resedit/CHANGELOG.md', LF will be replaced by CRLF the next time Git touches it
warning: in the working copy of 'node_modules/resedit/LICENSE', LF will be replaced by CRLF the next time Git touches it
warning: in the working copy of 'node_modules/resedit/README.md', LF will be replaced by CRLF the next time Git touches it
warning: in the working copy of 'node_modules/resedit/dist/index.mjs', LF will be replaced by CRLF the next time Git touches it
warning: in the working copy of 'node_modules/resedit/package.json', LF will be replaced by CRLF the next time Git touches it
warning: in the working copy of 'node_modules/resolve-alpn/LICENSE', LF will be replaced by CRLF the next time Git touches it
warning: in the working copy of 'node_modules/resolve-alpn/README.md', LF will be replaced by CRLF the next time Git touches it
warning: in the working copy of 'node_modules/resolve-alpn/index.js', LF will be replaced by CRLF the next time Git touches it
warning: in the working copy of 'node_modules/resolve-alpn/package.json', LF will be replaced by CRLF the next time Git touches it
warning: in the working copy of 'node_modules/responselike/LICENSE', LF will be replaced by CRLF the next time Git touches it
warning: in the working copy of 'node_modules/responselike/README.md', LF will be replaced by CRLF the next time Git touches it
warning: in the working copy of 'node_modules/responselike/package.json', LF will be replaced by CRLF the next time Git touches it
warning: in the working copy of 'node_modules/responselike/src/index.js', LF will be replaced by CRLF the next time Git touches it
warning: in the working copy of 'node_modules/retry/.npmignore', LF will be replaced by CRLF the next time Git touches it
warning: in the working copy of 'node_modules/retry/.travis.yml', LF will be replaced by CRLF the next time Git touches it
warning: in the working copy of 'node_modules/retry/License', LF will be replaced by CRLF the next time Git touches it
warning: in the working copy of 'node_modules/retry/Makefile', LF will be replaced by CRLF the next time Git touches it
warning: in the working copy of 'node_modules/retry/README.md', LF will be replaced by CRLF the next time Git touches it
warning: in the working copy of 'node_modules/retry/example/dns.js', LF will be replaced by CRLF the next time Git touches it
warning: in the working copy of 'node_modules/retry/example/stop.js', LF will be replaced by CRLF the next time Git touches it
warning: in the working copy of 'node_modules/retry/lib/retry.js', LF will be replaced by CRLF the next time Git touches it
warning: in the working copy of 'node_modules/retry/lib/retry_operation.js', LF will be replaced by CRLF the next time Git touches it
warning: in the working copy of 'node_modules/retry/package.json', LF will be replaced by CRLF the next time Git touches it
warning: in the working copy of 'node_modules/retry/test/common.js', LF will be replaced by CRLF the next time Git touches it
warning: in the working copy of 'node_modules/retry/test/integration/test-forever.js', LF will be replaced by CRLF the next time Git touches it
warning: in the working copy of 'node_modules/retry/test/integration/test-retry-operation.js', LF will be replaced by CRLF the next time Git touches it
warning: in the working copy of 'node_modules/retry/test/integration/test-retry-wrap.js', LF will be replaced by CRLF the next time Git touches it
warning: in the working copy of 'node_modules/retry/test/integration/test-timeouts.js', LF will be replaced by CRLF the next time Git touches it
warning: in the working copy of 'node_modules/rimraf/LICENSE', LF will be replaced by CRLF the next time Git touches it
warning: in the working copy of 'node_modules/rimraf/README.md', LF will be replaced by CRLF the next time Git touches it
warning: in the working copy of 'node_modules/rimraf/bin.js', LF will be replaced by CRLF the next time Git touches it
warning: in the working copy of 'node_modules/rimraf/package.json', LF will be replaced by CRLF the next time Git touches it
warning: in the working copy of 'node_modules/rimraf/rimraf.js', LF will be replaced by CRLF the next time Git touches it
warning: in the working copy of 'node_modules/roarr/LICENSE', LF will be replaced by CRLF the next time Git touches it
warning: in the working copy of 'node_modules/roarr/README.md', LF will be replaced by CRLF the next time Git touches it
warning: in the working copy of 'node_modules/roarr/dist/constants.js', LF will be replaced by CRLF the next time Git touches it
warning: in the working copy of 'node_modules/roarr/dist/constants.js.flow', LF will be replaced by CRLF the next time Git touches it
warning: in the working copy of 'node_modules/roarr/dist/factories/createLogger.js', LF will be replaced by CRLF the next time Git touches it
warning: in the working copy of 'node_modules/roarr/dist/factories/createLogger.js.flow', LF will be replaced by CRLF the next time Git touches it
warning: in the working copy of 'node_modules/roarr/dist/factories/createMockLogger.js', LF will be replaced by CRLF the next time Git touches it
warning: in the working copy of 'node_modules/roarr/dist/factories/createMockLogger.js.flow', LF will be replaced by CRLF the next time Git touches it
warning: in the working copy of 'node_modules/roarr/dist/factories/createNodeWriter.js', LF will be replaced by CRLF the next time Git touches it
warning: in the working copy of 'node_modules/roarr/dist/factories/createNodeWriter.js.flow', LF will be replaced by CRLF the next time Git touches it
warning: in the working copy of 'node_modules/roarr/dist/factories/createRoarrInititialGlobalState.js', LF will be replaced by CRLF the next time Git touches it
warning: in the working copy of 'node_modules/roarr/dist/factories/createRoarrInititialGlobalState.js.flow', LF will be replaced by CRLF the next time Git touches it
warning: in the working copy of 'node_modules/roarr/dist/factories/index.js', LF will be replaced by CRLF the next time Git touches it
warning: in the working copy of 'node_modules/roarr/dist/factories/index.js.flow', LF will be replaced by CRLF the next time Git touches it
warning: in the working copy of 'node_modules/roarr/dist/log.js', LF will be replaced by CRLF the next time Git touches it
warning: in the working copy of 'node_modules/roarr/dist/log.js.flow', LF will be replaced by CRLF the next time Git touches it
warning: in the working copy of 'node_modules/roarr/dist/types.js', LF will be replaced by CRLF the next time Git touches it
warning: in the working copy of 'node_modules/roarr/dist/types.js.flow', LF will be replaced by CRLF the next time Git touches it
warning: in the working copy of 'node_modules/roarr/package.json', LF will be replaced by CRLF the next time Git touches it
warning: in the working copy of 'node_modules/safe-buffer/LICENSE', LF will be replaced by CRLF the next time Git touches it
warning: in the working copy of 'node_modules/safe-buffer/README.md', LF will be replaced by CRLF the next time Git touches it
warning: in the working copy of 'node_modules/safe-buffer/index.d.ts', LF will be replaced by CRLF the next time Git touches it
warning: in the working copy of 'node_modules/safe-buffer/index.js', LF will be replaced by CRLF the next time Git touches it
warning: in the working copy of 'node_modules/safe-buffer/package.json', LF will be replaced by CRLF the next time Git touches it
warning: in the working copy of 'node_modules/sanitize-filename/.airtap.yml', LF will be replaced by CRLF the next time Git touches it
warning: in the working copy of 'node_modules/sanitize-filename/.gitmodules', LF will be replaced by CRLF the next time Git touches it
warning: in the working copy of 'node_modules/sanitize-filename/.travis.yml', LF will be replaced by CRLF the next time Git touches it
warning: in the working copy of 'node_modules/sanitize-filename/AUTHORS', LF will be replaced by CRLF the next time Git touches it
warning: in the working copy of 'node_modules/sanitize-filename/Changelog.md', LF will be replaced by CRLF the next time Git touches it
warning: in the working copy of 'node_modules/sanitize-filename/LICENSE.md', LF will be replaced by CRLF the next time Git touches it
warning: in the working copy of 'node_modules/sanitize-filename/README.md', LF will be replaced by CRLF the next time Git touches it
warning: in the working copy of 'node_modules/sanitize-filename/index.d.ts', LF will be replaced by CRLF the next time Git touches it
warning: in the working copy of 'node_modules/sanitize-filename/index.js', LF will be replaced by CRLF the next time Git touches it
warning: in the working copy of 'node_modules/sanitize-filename/package.json', LF will be replaced by CRLF the next time Git touches it
warning: in the working copy of 'node_modules/sanitize-filename/test.js', LF will be replaced by CRLF the next time Git touches it
warning: in the working copy of 'node_modules/sax/LICENSE.md', LF will be replaced by CRLF the next time Git touches it
warning: in the working copy of 'node_modules/sax/README.md', LF will be replaced by CRLF the next time Git touches it
warning: in the working copy of 'node_modules/sax/lib/sax.js', LF will be replaced by CRLF the next time Git touches it
warning: in the working copy of 'node_modules/sax/package.json', LF will be replaced by CRLF the next time Git touches it
warning: in the working copy of 'node_modules/semver-compare/.travis.yml', LF will be replaced by CRLF the next time Git touches it
warning: in the working copy of 'node_modules/semver-compare/LICENSE', LF will be replaced by CRLF the next time Git touches it
warning: in the working copy of 'node_modules/semver-compare/example/cmp.js', LF will be replaced by CRLF the next time Git touches it
warning: in the working copy of 'node_modules/semver-compare/example/lex.js', LF will be replaced by CRLF the next time Git touches it
warning: in the working copy of 'node_modules/semver-compare/index.js', LF will be replaced by CRLF the next time Git touches it
warning: in the working copy of 'node_modules/semver-compare/package.json', LF will be replaced by CRLF the next time Git touches it
warning: in the working copy of 'node_modules/semver-compare/readme.markdown', LF will be replaced by CRLF the next time Git touches it
warning: in the working copy of 'node_modules/semver-compare/test/cmp.js', LF will be replaced by CRLF the next time Git touches it
warning: in the working copy of 'node_modules/semver/LICENSE', LF will be replaced by CRLF the next time Git touches it
warning: in the working copy of 'node_modules/semver/README.md', LF will be replaced by CRLF the next time Git touches it
warning: in the working copy of 'node_modules/semver/bin/semver.js', LF will be replaced by CRLF the next time Git touches it
warning: in the working copy of 'node_modules/semver/classes/comparator.js', LF will be replaced by CRLF the next time Git touches it
warning: in the working copy of 'node_modules/semver/classes/index.js', LF will be replaced by CRLF the next time Git touches it
warning: in the working copy of 'node_modules/semver/classes/range.js', LF will be replaced by CRLF the next time Git touches it
warning: in the working copy of 'node_modules/semver/classes/semver.js', LF will be replaced by CRLF the next time Git touches it
warning: in the working copy of 'node_modules/semver/functions/clean.js', LF will be replaced by CRLF the next time Git touches it
warning: in the working copy of 'node_modules/semver/functions/cmp.js', LF will be replaced by CRLF the next time Git touches it
warning: in the working copy of 'node_modules/semver/functions/coerce.js', LF will be replaced by CRLF the next time Git touches it
warning: in the working copy of 'node_modules/semver/functions/compare-build.js', LF will be replaced by CRLF the next time Git touches it
warning: in the working copy of 'node_modules/semver/functions/compare-loose.js', LF will be replaced by CRLF the next time Git touches it
warning: in the working copy of 'node_modules/semver/functions/compare.js', LF will be replaced by CRLF the next time Git touches it
warning: in the working copy of 'node_modules/semver/functions/diff.js', LF will be replaced by CRLF the next time Git touches it
warning: in the working copy of 'node_modules/semver/functions/eq.js', LF will be replaced by CRLF the next time Git touches it
warning: in the working copy of 'node_modules/semver/functions/gt.js', LF will be replaced by CRLF the next time Git touches it
warning: in the working copy of 'node_modules/semver/functions/gte.js', LF will be replaced by CRLF the next time Git touches it
warning: in the working copy of 'node_modules/semver/functions/inc.js', LF will be replaced by CRLF the next time Git touches it
warning: in the working copy of 'node_modules/semver/functions/lt.js', LF will be replaced by CRLF the next time Git touches it
warning: in the working copy of 'node_modules/semver/functions/lte.js', LF will be replaced by CRLF the next time Git touches it
warning: in the working copy of 'node_modules/semver/functions/major.js', LF will be replaced by CRLF the next time Git touches it
warning: in the working copy of 'node_modules/semver/functions/minor.js', LF will be replaced by CRLF the next time Git touches it
warning: in the working copy of 'node_modules/semver/functions/neq.js', LF will be replaced by CRLF the next time Git touches it
warning: in the working copy of 'node_modules/semver/functions/parse.js', LF will be replaced by CRLF the next time Git touches it
warning: in the working copy of 'node_modules/semver/functions/patch.js', LF will be replaced by CRLF the next time Git touches it
warning: in the working copy of 'node_modules/semver/functions/prerelease.js', LF will be replaced by CRLF the next time Git touches it
warning: in the working copy of 'node_modules/semver/functions/rcompare.js', LF will be replaced by CRLF the next time Git touches it
warning: in the working copy of 'node_modules/semver/functions/rsort.js', LF will be replaced by CRLF the next time Git touches it
warning: in the working copy of 'node_modules/semver/functions/satisfies.js', LF will be replaced by CRLF the next time Git touches it
warning: in the working copy of 'node_modules/semver/functions/sort.js', LF will be replaced by CRLF the next time Git touches it
warning: in the working copy of 'node_modules/semver/functions/truncate.js', LF will be replaced by CRLF the next time Git touches it
warning: in the working copy of 'node_modules/semver/functions/valid.js', LF will be replaced by CRLF the next time Git touches it
warning: in the working copy of 'node_modules/semver/index.js', LF will be replaced by CRLF the next time Git touches it
warning: in the working copy of 'node_modules/semver/internal/constants.js', LF will be replaced by CRLF the next time Git touches it
warning: in the working copy of 'node_modules/semver/internal/debug.js', LF will be replaced by CRLF the next time Git touches it
warning: in the working copy of 'node_modules/semver/internal/identifiers.js', LF will be replaced by CRLF the next time Git touches it
warning: in the working copy of 'node_modules/semver/internal/lrucache.js', LF will be replaced by CRLF the next time Git touches it
warning: in the working copy of 'node_modules/semver/internal/parse-options.js', LF will be replaced by CRLF the next time Git touches it
warning: in the working copy of 'node_modules/semver/internal/re.js', LF will be replaced by CRLF the next time Git touches it
warning: in the working copy of 'node_modules/semver/package.json', LF will be replaced by CRLF the next time Git touches it
warning: in the working copy of 'node_modules/semver/preload.js', LF will be replaced by CRLF the next time Git touches it
warning: in the working copy of 'node_modules/semver/range.bnf', LF will be replaced by CRLF the next time Git touches it
warning: in the working copy of 'node_modules/semver/ranges/gtr.js', LF will be replaced by CRLF the next time Git touches it
warning: in the working copy of 'node_modules/semver/ranges/intersects.js', LF will be replaced by CRLF the next time Git touches it
warning: in the working copy of 'node_modules/semver/ranges/ltr.js', LF will be replaced by CRLF the next time Git touches it
warning: in the working copy of 'node_modules/semver/ranges/max-satisfying.js', LF will be replaced by CRLF the next time Git touches it
warning: in the working copy of 'node_modules/semver/ranges/min-satisfying.js', LF will be replaced by CRLF the next time Git touches it
warning: in the working copy of 'node_modules/semver/ranges/min-version.js', LF will be replaced by CRLF the next time Git touches it
warning: in the working copy of 'node_modules/semver/ranges/outside.js', LF will be replaced by CRLF the next time Git touches it
warning: in the working copy of 'node_modules/semver/ranges/simplify.js', LF will be replaced by CRLF the next time Git touches it
warning: in the working copy of 'node_modules/semver/ranges/subset.js', LF will be replaced by CRLF the next time Git touches it
warning: in the working copy of 'node_modules/semver/ranges/to-comparators.js', LF will be replaced by CRLF the next time Git touches it
warning: in the working copy of 'node_modules/semver/ranges/valid.js', LF will be replaced by CRLF the next time Git touches it
warning: in the working copy of 'node_modules/serialize-error/index.d.ts', LF will be replaced by CRLF the next time Git touches it
warning: in the working copy of 'node_modules/serialize-error/index.js', LF will be replaced by CRLF the next time Git touches it
warning: in the working copy of 'node_modules/serialize-error/license', LF will be replaced by CRLF the next time Git touches it
warning: in the working copy of 'node_modules/serialize-error/package.json', LF will be replaced by CRLF the next time Git touches it
warning: in the working copy of 'node_modules/serialize-error/readme.md', LF will be replaced by CRLF the next time Git touches it
warning: in the working copy of 'node_modules/shebang-command/index.js', LF will be replaced by CRLF the next time Git touches it
warning: in the working copy of 'node_modules/shebang-command/license', LF will be replaced by CRLF the next time Git touches it
warning: in the working copy of 'node_modules/shebang-command/package.json', LF will be replaced by CRLF the next time Git touches it
warning: in the working copy of 'node_modules/shebang-command/readme.md', LF will be replaced by CRLF the next time Git touches it
warning: in the working copy of 'node_modules/shebang-regex/index.d.ts', LF will be replaced by CRLF the next time Git touches it
warning: in the working copy of 'node_modules/shebang-regex/index.js', LF will be replaced by CRLF the next time Git touches it
warning: in the working copy of 'node_modules/shebang-regex/license', LF will be replaced by CRLF the next time Git touches it
warning: in the working copy of 'node_modules/shebang-regex/package.json', LF will be replaced by CRLF the next time Git touches it
warning: in the working copy of 'node_modules/shebang-regex/readme.md', LF will be replaced by CRLF the next time Git touches it
warning: in the working copy of 'node_modules/signal-exit/LICENSE.txt', LF will be replaced by CRLF the next time Git touches it
warning: in the working copy of 'node_modules/signal-exit/README.md', LF will be replaced by CRLF the next time Git touches it
warning: in the working copy of 'node_modules/signal-exit/index.js', LF will be replaced by CRLF the next time Git touches it
warning: in the working copy of 'node_modules/signal-exit/package.json', LF will be replaced by CRLF the next time Git touches it
warning: in the working copy of 'node_modules/signal-exit/signals.js', LF will be replaced by CRLF the next time Git touches it
warning: in the working copy of 'node_modules/simple-update-notifier/LICENSE', LF will be replaced by CRLF the next time Git touches it
warning: in the working copy of 'node_modules/simple-update-notifier/README.md', LF will be replaced by CRLF the next time Git touches it
warning: in the working copy of 'node_modules/simple-update-notifier/build/index.d.ts', LF will be replaced by CRLF the next time Git touches it
warning: in the working copy of 'node_modules/simple-update-notifier/build/index.js', LF will be replaced by CRLF the next time Git touches it
warning: in the working copy of 'node_modules/simple-update-notifier/package.json', LF will be replaced by CRLF the next time Git touches it
warning: in the working copy of 'node_modules/simple-update-notifier/src/borderedText.ts', LF will be replaced by CRLF the next time Git touches it
warning: in the working copy of 'node_modules/simple-update-notifier/src/cache.spec.ts', LF will be replaced by CRLF the next time Git touches it
warning: in the working copy of 'node_modules/simple-update-notifier/src/cache.ts', LF will be replaced by CRLF the next time Git touches it
warning: in the working copy of 'node_modules/simple-update-notifier/src/getDistVersion.spec.ts', LF will be replaced by CRLF the next time Git touches it
warning: in the working copy of 'node_modules/simple-update-notifier/src/getDistVersion.ts', LF will be replaced by CRLF the next time Git touches it
warning: in the working copy of 'node_modules/simple-update-notifier/src/hasNewVersion.spec.ts', LF will be replaced by CRLF the next time Git touches it
warning: in the working copy of 'node_modules/simple-update-notifier/src/hasNewVersion.ts', LF will be replaced by CRLF the next time Git touches it
warning: in the working copy of 'node_modules/simple-update-notifier/src/index.spec.ts', LF will be replaced by CRLF the next time Git touches it
warning: in the working copy of 'node_modules/simple-update-notifier/src/index.ts', LF will be replaced by CRLF the next time Git touches it
warning: in the working copy of 'node_modules/simple-update-notifier/src/isNpmOrYarn.ts', LF will be replaced by CRLF the next time Git touches it
warning: in the working copy of 'node_modules/simple-update-notifier/src/types.ts', LF will be replaced by CRLF the next time Git touches it
warning: in the working copy of 'node_modules/source-map-support/LICENSE.md', LF will be replaced by CRLF the next time Git touches it
warning: in the working copy of 'node_modules/source-map-support/README.md', LF will be replaced by CRLF the next time Git touches it
warning: in the working copy of 'node_modules/source-map-support/browser-source-map-support.js', LF will be replaced by CRLF the next time Git touches it
warning: in the working copy of 'node_modules/source-map-support/package.json', LF will be replaced by CRLF the next time Git touches it
warning: in the working copy of 'node_modules/source-map-support/register-hook-require.js', LF will be replaced by CRLF the next time Git touches it
warning: in the working copy of 'node_modules/source-map-support/register.js', LF will be replaced by CRLF the next time Git touches it
warning: in the working copy of 'node_modules/source-map-support/source-map-support.js', LF will be replaced by CRLF the next time Git touches it
warning: in the working copy of 'node_modules/source-map/CHANGELOG.md', LF will be replaced by CRLF the next time Git touches it
warning: in the working copy of 'node_modules/source-map/LICENSE', LF will be replaced by CRLF the next time Git touches it
warning: in the working copy of 'node_modules/source-map/README.md', LF will be replaced by CRLF the next time Git touches it
warning: in the working copy of 'node_modules/source-map/dist/source-map.debug.js', LF will be replaced by CRLF the next time Git touches it
warning: in the working copy of 'node_modules/source-map/dist/source-map.js', LF will be replaced by CRLF the next time Git touches it
warning: in the working copy of 'node_modules/source-map/dist/source-map.min.js', LF will be replaced by CRLF the next time Git touches it
warning: in the working copy of 'node_modules/source-map/lib/array-set.js', LF will be replaced by CRLF the next time Git touches it
warning: in the working copy of 'node_modules/source-map/lib/base64-vlq.js', LF will be replaced by CRLF the next time Git touches it
warning: in the working copy of 'node_modules/source-map/lib/base64.js', LF will be replaced by CRLF the next time Git touches it
warning: in the working copy of 'node_modules/source-map/lib/binary-search.js', LF will be replaced by CRLF the next time Git touches it
warning: in the working copy of 'node_modules/source-map/lib/mapping-list.js', LF will be replaced by CRLF the next time Git touches it
warning: in the working copy of 'node_modules/source-map/lib/quick-sort.js', LF will be replaced by CRLF the next time Git touches it
warning: in the working copy of 'node_modules/source-map/lib/source-map-consumer.js', LF will be replaced by CRLF the next time Git touches it
warning: in the working copy of 'node_modules/source-map/lib/source-map-generator.js', LF will be replaced by CRLF the next time Git touches it
warning: in the working copy of 'node_modules/source-map/lib/source-node.js', LF will be replaced by CRLF the next time Git touches it
warning: in the working copy of 'node_modules/source-map/lib/util.js', LF will be replaced by CRLF the next time Git touches it
warning: in the working copy of 'node_modules/source-map/package.json', LF will be replaced by CRLF the next time Git touches it
warning: in the working copy of 'node_modules/source-map/source-map.d.ts', LF will be replaced by CRLF the next time Git touches it
warning: in the working copy of 'node_modules/source-map/source-map.js', LF will be replaced by CRLF the next time Git touches it
warning: in the working copy of 'node_modules/sprintf-js/CONTRIBUTORS.md', LF will be replaced by CRLF the next time Git touches it
warning: in the working copy of 'node_modules/sprintf-js/LICENSE', LF will be replaced by CRLF the next time Git touches it
warning: in the working copy of 'node_modules/sprintf-js/README.md', LF will be replaced by CRLF the next time Git touches it
warning: in the working copy of 'node_modules/sprintf-js/package.json', LF will be replaced by CRLF the next time Git touches it
warning: in the working copy of 'node_modules/sprintf-js/src/angular-sprintf.js', LF will be replaced by CRLF the next time Git touches it
warning: in the working copy of 'node_modules/sprintf-js/src/sprintf.js', LF will be replaced by CRLF the next time Git touches it
warning: in the working copy of 'node_modules/stat-mode/LICENSE', LF will be replaced by CRLF the next time Git touches it
warning: in the working copy of 'node_modules/stat-mode/README.md', LF will be replaced by CRLF the next time Git touches it
warning: in the working copy of 'node_modules/stat-mode/dist/src/index.d.ts', LF will be replaced by CRLF the next time Git touches it
warning: in the working copy of 'node_modules/stat-mode/dist/src/index.js', LF will be replaced by CRLF the next time Git touches it
warning: in the working copy of 'node_modules/stat-mode/package.json', LF will be replaced by CRLF the next time Git touches it
warning: in the working copy of 'node_modules/string-width/index.d.ts', LF will be replaced by CRLF the next time Git touches it
warning: in the working copy of 'node_modules/string-width/index.js', LF will be replaced by CRLF the next time Git touches it
warning: in the working copy of 'node_modules/string-width/license', LF will be replaced by CRLF the next time Git touches it
warning: in the working copy of 'node_modules/string-width/package.json', LF will be replaced by CRLF the next time Git touches it
warning: in the working copy of 'node_modules/string-width/readme.md', LF will be replaced by CRLF the next time Git touches it
warning: in the working copy of 'node_modules/string_decoder/.travis.yml', LF will be replaced by CRLF the next time Git touches it
warning: in the working copy of 'node_modules/string_decoder/LICENSE', LF will be replaced by CRLF the next time Git touches it
warning: in the working copy of 'node_modules/string_decoder/README.md', LF will be replaced by CRLF the next time Git touches it
warning: in the working copy of 'node_modules/string_decoder/lib/string_decoder.js', LF will be replaced by CRLF the next time Git touches it
warning: in the working copy of 'node_modules/string_decoder/package.json', LF will be replaced by CRLF the next time Git touches it
warning: in the working copy of 'node_modules/strip-ansi/index.d.ts', LF will be replaced by CRLF the next time Git touches it
warning: in the working copy of 'node_modules/strip-ansi/index.js', LF will be replaced by CRLF the next time Git touches it
warning: in the working copy of 'node_modules/strip-ansi/license', LF will be replaced by CRLF the next time Git touches it
warning: in the working copy of 'node_modules/strip-ansi/package.json', LF will be replaced by CRLF the next time Git touches it
warning: in the working copy of 'node_modules/strip-ansi/readme.md', LF will be replaced by CRLF the next time Git touches it
warning: in the working copy of 'node_modules/sumchecker/.github/FUNDING.yml', LF will be replaced by CRLF the next time Git touches it
warning: in the working copy of 'node_modules/sumchecker/.github/workflows/ci.yml', LF will be replaced by CRLF the next time Git touches it
warning: in the working copy of 'node_modules/sumchecker/LICENSE', LF will be replaced by CRLF the next time Git touches it
warning: in the working copy of 'node_modules/sumchecker/NEWS.md', LF will be replaced by CRLF the next time Git touches it
warning: in the working copy of 'node_modules/sumchecker/README.md', LF will be replaced by CRLF the next time Git touches it
warning: in the working copy of 'node_modules/sumchecker/index.d.ts', LF will be replaced by CRLF the next time Git touches it
warning: in the working copy of 'node_modules/sumchecker/index.js', LF will be replaced by CRLF the next time Git touches it
warning: in the working copy of 'node_modules/sumchecker/index.test-d.ts', LF will be replaced by CRLF the next time Git touches it
warning: in the working copy of 'node_modules/sumchecker/package.json', LF will be replaced by CRLF the next time Git touches it
warning: in the working copy of 'node_modules/sumchecker/yarn.lock', LF will be replaced by CRLF the next time Git touches it
warning: in the working copy of 'node_modules/supports-color/browser.js', LF will be replaced by CRLF the next time Git touches it
warning: in the working copy of 'node_modules/supports-color/index.js', LF will be replaced by CRLF the next time Git touches it
warning: in the working copy of 'node_modules/supports-color/license', LF will be replaced by CRLF the next time Git touches it
warning: in the working copy of 'node_modules/supports-color/package.json', LF will be replaced by CRLF the next time Git touches it
warning: in the working copy of 'node_modules/supports-color/readme.md', LF will be replaced by CRLF the next time Git touches it
warning: in the working copy of 'node_modules/tar/LICENSE.md', LF will be replaced by CRLF the next time Git touches it
warning: in the working copy of 'node_modules/tar/README.md', LF will be replaced by CRLF the next time Git touches it
warning: in the working copy of 'node_modules/tar/dist/commonjs/create.d.ts', LF will be replaced by CRLF the next time Git touches it
warning: in the working copy of 'node_modules/tar/dist/commonjs/create.js', LF will be replaced by CRLF the next time Git touches it
warning: in the working copy of 'node_modules/tar/dist/commonjs/cwd-error.d.ts', LF will be replaced by CRLF the next time Git touches it
warning: in the working copy of 'node_modules/tar/dist/commonjs/cwd-error.js', LF will be replaced by CRLF the next time Git touches it
warning: in the working copy of 'node_modules/tar/dist/commonjs/extract.d.ts', LF will be replaced by CRLF the next time Git touches it
warning: in the working copy of 'node_modules/tar/dist/commonjs/extract.js', LF will be replaced by CRLF the next time Git touches it
warning: in the working copy of 'node_modules/tar/dist/commonjs/get-write-flag.d.ts', LF will be replaced by CRLF the next time Git touches it
warning: in the working copy of 'node_modules/tar/dist/commonjs/get-write-flag.js', LF will be replaced by CRLF the next time Git touches it
warning: in the working copy of 'node_modules/tar/dist/commonjs/header.d.ts', LF will be replaced by CRLF the next time Git touches it
warning: in the working copy of 'node_modules/tar/dist/commonjs/header.js', LF will be replaced by CRLF the next time Git touches it
warning: in the working copy of 'node_modules/tar/dist/commonjs/index.d.ts', LF will be replaced by CRLF the next time Git touches it
warning: in the working copy of 'node_modules/tar/dist/commonjs/index.js', LF will be replaced by CRLF the next time Git touches it
warning: in the working copy of 'node_modules/tar/dist/commonjs/index.min.js', LF will be replaced by CRLF the next time Git touches it
warning: in the working copy of 'node_modules/tar/dist/commonjs/index.min.js.map', LF will be replaced by CRLF the next time Git touches it
warning: in the working copy of 'node_modules/tar/dist/commonjs/large-numbers.d.ts', LF will be replaced by CRLF the next time Git touches it
warning: in the working copy of 'node_modules/tar/dist/commonjs/large-numbers.js', LF will be replaced by CRLF the next time Git touches it
warning: in the working copy of 'node_modules/tar/dist/commonjs/list.d.ts', LF will be replaced by CRLF the next time Git touches it
warning: in the working copy of 'node_modules/tar/dist/commonjs/list.js', LF will be replaced by CRLF the next time Git touches it
warning: in the working copy of 'node_modules/tar/dist/commonjs/make-command.d.ts', LF will be replaced by CRLF the next time Git touches it
warning: in the working copy of 'node_modules/tar/dist/commonjs/make-command.js', LF will be replaced by CRLF the next time Git touches it
warning: in the working copy of 'node_modules/tar/dist/commonjs/mkdir.d.ts', LF will be replaced by CRLF the next time Git touches it
warning: in the working copy of 'node_modules/tar/dist/commonjs/mkdir.js', LF will be replaced by CRLF the next time Git touches it
warning: in the working copy of 'node_modules/tar/dist/commonjs/mode-fix.d.ts', LF will be replaced by CRLF the next time Git touches it
warning: in the working copy of 'node_modules/tar/dist/commonjs/mode-fix.js', LF will be replaced by CRLF the next time Git touches it
warning: in the working copy of 'node_modules/tar/dist/commonjs/normalize-unicode.d.ts', LF will be replaced by CRLF the next time Git touches it
warning: in the working copy of 'node_modules/tar/dist/commonjs/normalize-unicode.js', LF will be replaced by CRLF the next time Git touches it
warning: in the working copy of 'node_modules/tar/dist/commonjs/normalize-windows-path.d.ts', LF will be replaced by CRLF the next time Git touches it
warning: in the working copy of 'node_modules/tar/dist/commonjs/normalize-windows-path.js', LF will be replaced by CRLF the next time Git touches it
warning: in the working copy of 'node_modules/tar/dist/commonjs/options.d.ts', LF will be replaced by CRLF the next time Git touches it
warning: in the working copy of 'node_modules/tar/dist/commonjs/options.js', LF will be replaced by CRLF the next time Git touches it
warning: in the working copy of 'node_modules/tar/dist/commonjs/pack.d.ts', LF will be replaced by CRLF the next time Git touches it
warning: in the working copy of 'node_modules/tar/dist/commonjs/pack.js', LF will be replaced by CRLF the next time Git touches it
warning: in the working copy of 'node_modules/tar/dist/commonjs/package.json', LF will be replaced by CRLF the next time Git touches it
warning: in the working copy of 'node_modules/tar/dist/commonjs/parse.d.ts', LF will be replaced by CRLF the next time Git touches it
warning: in the working copy of 'node_modules/tar/dist/commonjs/parse.js', LF will be replaced by CRLF the next time Git touches it
warning: in the working copy of 'node_modules/tar/dist/commonjs/path-reservations.d.ts', LF will be replaced by CRLF the next time Git touches it
warning: in the working copy of 'node_modules/tar/dist/commonjs/path-reservations.js', LF will be replaced by CRLF the next time Git touches it
warning: in the working copy of 'node_modules/tar/dist/commonjs/pax.d.ts', LF will be replaced by CRLF the next time Git touches it
warning: in the working copy of 'node_modules/tar/dist/commonjs/pax.js', LF will be replaced by CRLF the next time Git touches it
warning: in the working copy of 'node_modules/tar/dist/commonjs/process-umask.d.ts', LF will be replaced by CRLF the next time Git touches it
warning: in the working copy of 'node_modules/tar/dist/commonjs/process-umask.js', LF will be replaced by CRLF the next time Git touches it
warning: in the working copy of 'node_modules/tar/dist/commonjs/read-entry.d.ts', LF will be replaced by CRLF the next time Git touches it
warning: in the working copy of 'node_modules/tar/dist/commonjs/read-entry.js', LF will be replaced by CRLF the next time Git touches it
warning: in the working copy of 'node_modules/tar/dist/commonjs/replace.d.ts', LF will be replaced by CRLF the next time Git touches it
warning: in the working copy of 'node_modules/tar/dist/commonjs/replace.js', LF will be replaced by CRLF the next time Git touches it
warning: in the working copy of 'node_modules/tar/dist/commonjs/strip-absolute-path.d.ts', LF will be replaced by CRLF the next time Git touches it
warning: in the working copy of 'node_modules/tar/dist/commonjs/strip-absolute-path.js', LF will be replaced by CRLF the next time Git touches it
warning: in the working copy of 'node_modules/tar/dist/commonjs/strip-trailing-slashes.d.ts', LF will be replaced by CRLF the next time Git touches it
warning: in the working copy of 'node_modules/tar/dist/commonjs/strip-trailing-slashes.js', LF will be replaced by CRLF the next time Git touches it
warning: in the working copy of 'node_modules/tar/dist/commonjs/symlink-error.d.ts', LF will be replaced by CRLF the next time Git touches it
warning: in the working copy of 'node_modules/tar/dist/commonjs/symlink-error.js', LF will be replaced by CRLF the next time Git touches it
warning: in the working copy of 'node_modules/tar/dist/commonjs/types.d.ts', LF will be replaced by CRLF the next time Git touches it
warning: in the working copy of 'node_modules/tar/dist/commonjs/types.js', LF will be replaced by CRLF the next time Git touches it
warning: in the working copy of 'node_modules/tar/dist/commonjs/unpack.d.ts', LF will be replaced by CRLF the next time Git touches it
warning: in the working copy of 'node_modules/tar/dist/commonjs/unpack.js', LF will be replaced by CRLF the next time Git touches it
warning: in the working copy of 'node_modules/tar/dist/commonjs/update.d.ts', LF will be replaced by CRLF the next time Git touches it
warning: in the working copy of 'node_modules/tar/dist/commonjs/update.js', LF will be replaced by CRLF the next time Git touches it
warning: in the working copy of 'node_modules/tar/dist/commonjs/warn-method.d.ts', LF will be replaced by CRLF the next time Git touches it
warning: in the working copy of 'node_modules/tar/dist/commonjs/warn-method.js', LF will be replaced by CRLF the next time Git touches it
warning: in the working copy of 'node_modules/tar/dist/commonjs/winchars.d.ts', LF will be replaced by CRLF the next time Git touches it
warning: in the working copy of 'node_modules/tar/dist/commonjs/winchars.js', LF will be replaced by CRLF the next time Git touches it
warning: in the working copy of 'node_modules/tar/dist/commonjs/write-entry.d.ts', LF will be replaced by CRLF the next time Git touches it
warning: in the working copy of 'node_modules/tar/dist/commonjs/write-entry.js', LF will be replaced by CRLF the next time Git touches it
warning: in the working copy of 'node_modules/tar/dist/esm/create.d.ts', LF will be replaced by CRLF the next time Git touches it
warning: in the working copy of 'node_modules/tar/dist/esm/create.js', LF will be replaced by CRLF the next time Git touches it
warning: in the working copy of 'node_modules/tar/dist/esm/cwd-error.d.ts', LF will be replaced by CRLF the next time Git touches it
warning: in the working copy of 'node_modules/tar/dist/esm/cwd-error.js', LF will be replaced by CRLF the next time Git touches it
warning: in the working copy of 'node_modules/tar/dist/esm/extract.d.ts', LF will be replaced by CRLF the next time Git touches it
warning: in the working copy of 'node_modules/tar/dist/esm/extract.js', LF will be replaced by CRLF the next time Git touches it
warning: in the working copy of 'node_modules/tar/dist/esm/get-write-flag.d.ts', LF will be replaced by CRLF the next time Git touches it
warning: in the working copy of 'node_modules/tar/dist/esm/get-write-flag.js', LF will be replaced by CRLF the next time Git touches it
warning: in the working copy of 'node_modules/tar/dist/esm/header.d.ts', LF will be replaced by CRLF the next time Git touches it
warning: in the working copy of 'node_modules/tar/dist/esm/header.js', LF will be replaced by CRLF the next time Git touches it
warning: in the working copy of 'node_modules/tar/dist/esm/index.d.ts', LF will be replaced by CRLF the next time Git touches it
warning: in the working copy of 'node_modules/tar/dist/esm/index.js', LF will be replaced by CRLF the next time Git touches it
warning: in the working copy of 'node_modules/tar/dist/esm/index.min.js', LF will be replaced by CRLF the next time Git touches it
warning: in the working copy of 'node_modules/tar/dist/esm/index.min.js.map', LF will be replaced by CRLF the next time Git touches it
warning: in the working copy of 'node_modules/tar/dist/esm/large-numbers.d.ts', LF will be replaced by CRLF the next time Git touches it
warning: in the working copy of 'node_modules/tar/dist/esm/large-numbers.js', LF will be replaced by CRLF the next time Git touches it
warning: in the working copy of 'node_modules/tar/dist/esm/list.d.ts', LF will be replaced by CRLF the next time Git touches it
warning: in the working copy of 'node_modules/tar/dist/esm/list.js', LF will be replaced by CRLF the next time Git touches it
warning: in the working copy of 'node_modules/tar/dist/esm/make-command.d.ts', LF will be replaced by CRLF the next time Git touches it
warning: in the working copy of 'node_modules/tar/dist/esm/make-command.js', LF will be replaced by CRLF the next time Git touches it
warning: in the working copy of 'node_modules/tar/dist/esm/mkdir.d.ts', LF will be replaced by CRLF the next time Git touches it
warning: in the working copy of 'node_modules/tar/dist/esm/mkdir.js', LF will be replaced by CRLF the next time Git touches it
warning: in the working copy of 'node_modules/tar/dist/esm/mode-fix.d.ts', LF will be replaced by CRLF the next time Git touches it
warning: in the working copy of 'node_modules/tar/dist/esm/mode-fix.js', LF will be replaced by CRLF the next time Git touches it
warning: in the working copy of 'node_modules/tar/dist/esm/normalize-unicode.d.ts', LF will be replaced by CRLF the next time Git touches it
warning: in the working copy of 'node_modules/tar/dist/esm/normalize-unicode.js', LF will be replaced by CRLF the next time Git touches it
warning: in the working copy of 'node_modules/tar/dist/esm/normalize-windows-path.d.ts', LF will be replaced by CRLF the next time Git touches it
warning: in the working copy of 'node_modules/tar/dist/esm/normalize-windows-path.js', LF will be replaced by CRLF the next time Git touches it
warning: in the working copy of 'node_modules/tar/dist/esm/options.d.ts', LF will be replaced by CRLF the next time Git touches it
warning: in the working copy of 'node_modules/tar/dist/esm/options.js', LF will be replaced by CRLF the next time Git touches it
warning: in the working copy of 'node_modules/tar/dist/esm/pack.d.ts', LF will be replaced by CRLF the next time Git touches it
warning: in the working copy of 'node_modules/tar/dist/esm/pack.js', LF will be replaced by CRLF the next time Git touches it
warning: in the working copy of 'node_modules/tar/dist/esm/package.json', LF will be replaced by CRLF the next time Git touches it
warning: in the working copy of 'node_modules/tar/dist/esm/parse.d.ts', LF will be replaced by CRLF the next time Git touches it
warning: in the working copy of 'node_modules/tar/dist/esm/parse.js', LF will be replaced by CRLF the next time Git touches it
warning: in the working copy of 'node_modules/tar/dist/esm/path-reservations.d.ts', LF will be replaced by CRLF the next time Git touches it
warning: in the working copy of 'node_modules/tar/dist/esm/path-reservations.js', LF will be replaced by CRLF the next time Git touches it
warning: in the working copy of 'node_modules/tar/dist/esm/pax.d.ts', LF will be replaced by CRLF the next time Git touches it
warning: in the working copy of 'node_modules/tar/dist/esm/pax.js', LF will be replaced by CRLF the next time Git touches it
warning: in the working copy of 'node_modules/tar/dist/esm/process-umask.d.ts', LF will be replaced by CRLF the next time Git touches it
warning: in the working copy of 'node_modules/tar/dist/esm/process-umask.js', LF will be replaced by CRLF the next time Git touches it
warning: in the working copy of 'node_modules/tar/dist/esm/read-entry.d.ts', LF will be replaced by CRLF the next time Git touches it
warning: in the working copy of 'node_modules/tar/dist/esm/read-entry.js', LF will be replaced by CRLF the next time Git touches it
warning: in the working copy of 'node_modules/tar/dist/esm/replace.d.ts', LF will be replaced by CRLF the next time Git touches it
warning: in the working copy of 'node_modules/tar/dist/esm/replace.js', LF will be replaced by CRLF the next time Git touches it
warning: in the working copy of 'node_modules/tar/dist/esm/strip-absolute-path.d.ts', LF will be replaced by CRLF the next time Git touches it
warning: in the working copy of 'node_modules/tar/dist/esm/strip-absolute-path.js', LF will be replaced by CRLF the next time Git touches it
warning: in the working copy of 'node_modules/tar/dist/esm/strip-trailing-slashes.d.ts', LF will be replaced by CRLF the next time Git touches it
warning: in the working copy of 'node_modules/tar/dist/esm/strip-trailing-slashes.js', LF will be replaced by CRLF the next time Git touches it
warning: in the working copy of 'node_modules/tar/dist/esm/symlink-error.d.ts', LF will be replaced by CRLF the next time Git touches it
warning: in the working copy of 'node_modules/tar/dist/esm/symlink-error.js', LF will be replaced by CRLF the next time Git touches it
warning: in the working copy of 'node_modules/tar/dist/esm/types.d.ts', LF will be replaced by CRLF the next time Git touches it
warning: in the working copy of 'node_modules/tar/dist/esm/types.js', LF will be replaced by CRLF the next time Git touches it
warning: in the working copy of 'node_modules/tar/dist/esm/unpack.d.ts', LF will be replaced by CRLF the next time Git touches it
warning: in the working copy of 'node_modules/tar/dist/esm/unpack.js', LF will be replaced by CRLF the next time Git touches it
warning: in the working copy of 'node_modules/tar/dist/esm/update.d.ts', LF will be replaced by CRLF the next time Git touches it
warning: in the working copy of 'node_modules/tar/dist/esm/update.js', LF will be replaced by CRLF the next time Git touches it
warning: in the working copy of 'node_modules/tar/dist/esm/warn-method.d.ts', LF will be replaced by CRLF the next time Git touches it
warning: in the working copy of 'node_modules/tar/dist/esm/warn-method.js', LF will be replaced by CRLF the next time Git touches it
warning: in the working copy of 'node_modules/tar/dist/esm/winchars.d.ts', LF will be replaced by CRLF the next time Git touches it
warning: in the working copy of 'node_modules/tar/dist/esm/winchars.js', LF will be replaced by CRLF the next time Git touches it
warning: in the working copy of 'node_modules/tar/dist/esm/write-entry.d.ts', LF will be replaced by CRLF the next time Git touches it
warning: in the working copy of 'node_modules/tar/dist/esm/write-entry.js', LF will be replaced by CRLF the next time Git touches it
warning: in the working copy of 'node_modules/tar/node_modules/yallist/LICENSE.md', LF will be replaced by CRLF the next time Git touches it
warning: in the working copy of 'node_modules/tar/node_modules/yallist/README.md', LF will be replaced by CRLF the next time Git touches it
warning: in the working copy of 'node_modules/tar/node_modules/yallist/dist/commonjs/index.d.ts', LF will be replaced by CRLF the next time Git touches it
warning: in the working copy of 'node_modules/tar/node_modules/yallist/dist/commonjs/index.js', LF will be replaced by CRLF the next time Git touches it
warning: in the working copy of 'node_modules/tar/node_modules/yallist/dist/commonjs/package.json', LF will be replaced by CRLF the next time Git touches it
warning: in the working copy of 'node_modules/tar/node_modules/yallist/dist/esm/index.d.ts', LF will be replaced by CRLF the next time Git touches it
warning: in the working copy of 'node_modules/tar/node_modules/yallist/dist/esm/index.js', LF will be replaced by CRLF the next time Git touches it
warning: in the working copy of 'node_modules/tar/node_modules/yallist/dist/esm/package.json', LF will be replaced by CRLF the next time Git touches it
warning: in the working copy of 'node_modules/tar/node_modules/yallist/package.json', LF will be replaced by CRLF the next time Git touches it
warning: in the working copy of 'node_modules/tar/package.json', LF will be replaced by CRLF the next time Git touches it
warning: in the working copy of 'node_modules/temp-file/out/main.d.ts', LF will be replaced by CRLF the next time Git touches it
warning: in the working copy of 'node_modules/temp-file/out/main.js', LF will be replaced by CRLF the next time Git touches it
warning: in the working copy of 'node_modules/temp-file/package.json', LF will be replaced by CRLF the next time Git touches it
warning: in the working copy of 'node_modules/temp-file/readme.md', LF will be replaced by CRLF the next time Git touches it
warning: in the working copy of 'node_modules/temp/LICENSE', LF will be replaced by CRLF the next time Git touches it
warning: in the working copy of 'node_modules/temp/README.md', LF will be replaced by CRLF the next time Git touches it
warning: in the working copy of 'node_modules/temp/lib/temp.js', LF will be replaced by CRLF the next time Git touches it
warning: in the working copy of 'node_modules/temp/package.json', LF will be replaced by CRLF the next time Git touches it
warning: in the working copy of 'node_modules/tiny-async-pool/LICENSE-MIT', LF will be replaced by CRLF the next time Git touches it
warning: in the working copy of 'node_modules/tiny-async-pool/README.md', LF will be replaced by CRLF the next time Git touches it
warning: in the working copy of 'node_modules/tiny-async-pool/dist/node.js', LF will be replaced by CRLF the next time Git touches it
warning: in the working copy of 'node_modules/tiny-async-pool/lib/es6.js', LF will be replaced by CRLF the next time Git touches it
warning: in the working copy of 'node_modules/tiny-async-pool/lib/es7.js', LF will be replaced by CRLF the next time Git touches it
warning: in the working copy of 'node_modules/tiny-async-pool/node_modules/.bin/semver', LF will be replaced by CRLF the next time Git touches it
warning: in the working copy of 'node_modules/tiny-async-pool/node_modules/.bin/semver.ps1', LF will be replaced by CRLF the next time Git touches it
warning: in the working copy of 'node_modules/tiny-async-pool/node_modules/semver/LICENSE', LF will be replaced by CRLF the next time Git touches it
warning: in the working copy of 'node_modules/tiny-async-pool/node_modules/semver/README.md', LF will be replaced by CRLF the next time Git touches it
warning: in the working copy of 'node_modules/tiny-async-pool/node_modules/semver/bin/semver', LF will be replaced by CRLF the next time Git touches it
warning: in the working copy of 'node_modules/tiny-async-pool/node_modules/semver/package.json', LF will be replaced by CRLF the next time Git touches it
warning: in the working copy of 'node_modules/tiny-async-pool/node_modules/semver/range.bnf', LF will be replaced by CRLF the next time Git touches it
warning: in the working copy of 'node_modules/tiny-async-pool/node_modules/semver/semver.js', LF will be replaced by CRLF the next time Git touches it
warning: in the working copy of 'node_modules/tiny-async-pool/package.json', LF will be replaced by CRLF the next time Git touches it
warning: in the working copy of 'node_modules/tinyglobby/LICENSE', LF will be replaced by CRLF the next time Git touches it
warning: in the working copy of 'node_modules/tinyglobby/README.md', LF will be replaced by CRLF the next time Git touches it
warning: in the working copy of 'node_modules/tinyglobby/dist/index.cjs', LF will be replaced by CRLF the next time Git touches it
warning: in the working copy of 'node_modules/tinyglobby/dist/index.d.cts', LF will be replaced by CRLF the next time Git touches it
warning: in the working copy of 'node_modules/tinyglobby/dist/index.d.mts', LF will be replaced by CRLF the next time Git touches it
warning: in the working copy of 'node_modules/tinyglobby/dist/index.mjs', LF will be replaced by CRLF the next time Git touches it
warning: in the working copy of 'node_modules/tinyglobby/package.json', LF will be replaced by CRLF the next time Git touches it
warning: in the working copy of 'node_modules/tmp-promise/.circleci/config.yml', LF will be replaced by CRLF the next time Git touches it
warning: in the working copy of 'node_modules/tmp-promise/README.md', LF will be replaced by CRLF the next time Git touches it
warning: in the working copy of 'node_modules/tmp-promise/example-usage.js', LF will be replaced by CRLF the next time Git touches it
warning: in the working copy of 'node_modules/tmp-promise/index.d.ts', LF will be replaced by CRLF the next time Git touches it
warning: in the working copy of 'node_modules/tmp-promise/index.js', LF will be replaced by CRLF the next time Git touches it
warning: in the working copy of 'node_modules/tmp-promise/index.test-d.ts', LF will be replaced by CRLF the next time Git touches it
warning: in the working copy of 'node_modules/tmp-promise/package.json', LF will be replaced by CRLF the next time Git touches it
warning: in the working copy of 'node_modules/tmp-promise/publish.js', LF will be replaced by CRLF the next time Git touches it
warning: in the working copy of 'node_modules/tmp-promise/test.js', LF will be replaced by CRLF the next time Git touches it
warning: in the working copy of 'node_modules/tmp/LICENSE', LF will be replaced by CRLF the next time Git touches it
warning: in the working copy of 'node_modules/tmp/README.md', LF will be replaced by CRLF the next time Git touches it
warning: in the working copy of 'node_modules/tmp/lib/tmp.js', LF will be replaced by CRLF the next time Git touches it
warning: in the working copy of 'node_modules/tmp/package.json', LF will be replaced by CRLF the next time Git touches it
warning: in the working copy of 'node_modules/truncate-utf8-bytes/.gitmodules', LF will be replaced by CRLF the next time Git touches it
warning: in the working copy of 'node_modules/truncate-utf8-bytes/.npmignore', LF will be replaced by CRLF the next time Git touches it
warning: in the working copy of 'node_modules/truncate-utf8-bytes/.travis.yml', LF will be replaced by CRLF the next time Git touches it
warning: in the working copy of 'node_modules/truncate-utf8-bytes/AUTHORS', LF will be replaced by CRLF the next time Git touches it
warning: in the working copy of 'node_modules/truncate-utf8-bytes/README.md', LF will be replaced by CRLF the next time Git touches it
warning: in the working copy of 'node_modules/truncate-utf8-bytes/browser.js', LF will be replaced by CRLF the next time Git touches it
warning: in the working copy of 'node_modules/truncate-utf8-bytes/index.js', LF will be replaced by CRLF the next time Git touches it
warning: in the working copy of 'node_modules/truncate-utf8-bytes/lib/truncate.js', LF will be replaced by CRLF the next time Git touches it
warning: in the working copy of 'node_modules/truncate-utf8-bytes/package.json', LF will be replaced by CRLF the next time Git touches it
warning: in the working copy of 'node_modules/truncate-utf8-bytes/test.js', LF will be replaced by CRLF the next time Git touches it
warning: in the working copy of 'node_modules/tslib/SECURITY.md', LF will be replaced by CRLF the next time Git touches it
warning: in the working copy of 'node_modules/tslib/modules/index.d.ts', LF will be replaced by CRLF the next time Git touches it
warning: in the working copy of 'node_modules/tslib/package.json', LF will be replaced by CRLF the next time Git touches it
warning: in the working copy of 'node_modules/tslib/tslib.es6.mjs', LF will be replaced by CRLF the next time Git touches it
warning: in the working copy of 'node_modules/type-fest/index.d.ts', LF will be replaced by CRLF the next time Git touches it
warning: in the working copy of 'node_modules/type-fest/license', LF will be replaced by CRLF the next time Git touches it
warning: in the working copy of 'node_modules/type-fest/package.json', LF will be replaced by CRLF the next time Git touches it
warning: in the working copy of 'node_modules/type-fest/readme.md', LF will be replaced by CRLF the next time Git touches it
warning: in the working copy of 'node_modules/type-fest/source/async-return-type.d.ts', LF will be replaced by CRLF the next time Git touches it
warning: in the working copy of 'node_modules/type-fest/source/basic.d.ts', LF will be replaced by CRLF the next time Git touches it
warning: in the working copy of 'node_modules/type-fest/source/conditional-except.d.ts', LF will be replaced by CRLF the next time Git touches it
warning: in the working copy of 'node_modules/type-fest/source/conditional-keys.d.ts', LF will be replaced by CRLF the next time Git touches it
warning: in the working copy of 'node_modules/type-fest/source/conditional-pick.d.ts', LF will be replaced by CRLF the next time Git touches it
warning: in the working copy of 'node_modules/type-fest/source/except.d.ts', LF will be replaced by CRLF the next time Git touches it
warning: in the working copy of 'node_modules/type-fest/source/literal-union.d.ts', LF will be replaced by CRLF the next time Git touches it
warning: in the working copy of 'node_modules/type-fest/source/merge-exclusive.d.ts', LF will be replaced by CRLF the next time Git touches it
warning: in the working copy of 'node_modules/type-fest/source/merge.d.ts', LF will be replaced by CRLF the next time Git touches it
warning: in the working copy of 'node_modules/type-fest/source/mutable.d.ts', LF will be replaced by CRLF the next time Git touches it
warning: in the working copy of 'node_modules/type-fest/source/opaque.d.ts', LF will be replaced by CRLF the next time Git touches it
warning: in the working copy of 'node_modules/type-fest/source/package-json.d.ts', LF will be replaced by CRLF the next time Git touches it
warning: in the working copy of 'node_modules/type-fest/source/partial-deep.d.ts', LF will be replaced by CRLF the next time Git touches it
warning: in the working copy of 'node_modules/type-fest/source/promisable.d.ts', LF will be replaced by CRLF the next time Git touches it
warning: in the working copy of 'node_modules/type-fest/source/promise-value.d.ts', LF will be replaced by CRLF the next time Git touches it
warning: in the working copy of 'node_modules/type-fest/source/readonly-deep.d.ts', LF will be replaced by CRLF the next time Git touches it
warning: in the working copy of 'node_modules/type-fest/source/require-at-least-one.d.ts', LF will be replaced by CRLF the next time Git touches it
warning: in the working copy of 'node_modules/type-fest/source/require-exactly-one.d.ts', LF will be replaced by CRLF the next time Git touches it
warning: in the working copy of 'node_modules/type-fest/source/set-optional.d.ts', LF will be replaced by CRLF the next time Git touches it
warning: in the working copy of 'node_modules/type-fest/source/set-required.d.ts', LF will be replaced by CRLF the next time Git touches it
warning: in the working copy of 'node_modules/type-fest/source/stringified.d.ts', LF will be replaced by CRLF the next time Git touches it
warning: in the working copy of 'node_modules/type-fest/source/tsconfig-json.d.ts', LF will be replaced by CRLF the next time Git touches it
warning: in the working copy of 'node_modules/type-fest/source/union-to-intersection.d.ts', LF will be replaced by CRLF the next time Git touches it
warning: in the working copy of 'node_modules/type-fest/source/value-of.d.ts', LF will be replaced by CRLF the next time Git touches it
warning: in the working copy of 'node_modules/undici-types/LICENSE', LF will be replaced by CRLF the next time Git touches it
warning: in the working copy of 'node_modules/undici-types/README.md', LF will be replaced by CRLF the next time Git touches it
warning: in the working copy of 'node_modules/undici-types/agent.d.ts', LF will be replaced by CRLF the next time Git touches it
warning: in the working copy of 'node_modules/undici-types/api.d.ts', LF will be replaced by CRLF the next time Git touches it
warning: in the working copy of 'node_modules/undici-types/balanced-pool.d.ts', LF will be replaced by CRLF the next time Git touches it
warning: in the working copy of 'node_modules/undici-types/cache-interceptor.d.ts', LF will be replaced by CRLF the next time Git touches it
warning: in the working copy of 'node_modules/undici-types/cache.d.ts', LF will be replaced by CRLF the next time Git touches it
warning: in the working copy of 'node_modules/undici-types/client-stats.d.ts', LF will be replaced by CRLF the next time Git touches it
warning: in the working copy of 'node_modules/undici-types/client.d.ts', LF will be replaced by CRLF the next time Git touches it
warning: in the working copy of 'node_modules/undici-types/connector.d.ts', LF will be replaced by CRLF the next time Git touches it
warning: in the working copy of 'node_modules/undici-types/content-type.d.ts', LF will be replaced by CRLF the next time Git touches it
warning: in the working copy of 'node_modules/undici-types/cookies.d.ts', LF will be replaced by CRLF the next time Git touches it
warning: in the working copy of 'node_modules/undici-types/diagnostics-channel.d.ts', LF will be replaced by CRLF the next time Git touches it
warning: in the working copy of 'node_modules/undici-types/dispatcher.d.ts', LF will be replaced by CRLF the next time Git touches it
warning: in the working copy of 'node_modules/undici-types/env-http-proxy-agent.d.ts', LF will be replaced by CRLF the next time Git touches it
warning: in the working copy of 'node_modules/undici-types/errors.d.ts', LF will be replaced by CRLF the next time Git touches it
warning: in the working copy of 'node_modules/undici-types/eventsource.d.ts', LF will be replaced by CRLF the next time Git touches it
warning: in the working copy of 'node_modules/undici-types/fetch.d.ts', LF will be replaced by CRLF the next time Git touches it
warning: in the working copy of 'node_modules/undici-types/formdata.d.ts', LF will be replaced by CRLF the next time Git touches it
warning: in the working copy of 'node_modules/undici-types/global-dispatcher.d.ts', LF will be replaced by CRLF the next time Git touches it
warning: in the working copy of 'node_modules/undici-types/global-origin.d.ts', LF will be replaced by CRLF the next time Git touches it
warning: in the working copy of 'node_modules/undici-types/h2c-client.d.ts', LF will be replaced by CRLF the next time Git touches it
warning: in the working copy of 'node_modules/undici-types/handlers.d.ts', LF will be replaced by CRLF the next time Git touches it
warning: in the working copy of 'node_modules/undici-types/header.d.ts', LF will be replaced by CRLF the next time Git touches it
warning: in the working copy of 'node_modules/undici-types/index.d.ts', LF will be replaced by CRLF the next time Git touches it
warning: in the working copy of 'node_modules/undici-types/interceptors.d.ts', LF will be replaced by CRLF the next time Git touches it
warning: in the working copy of 'node_modules/undici-types/mock-agent.d.ts', LF will be replaced by CRLF the next time Git touches it
warning: in the working copy of 'node_modules/undici-types/mock-call-history.d.ts', LF will be replaced by CRLF the next time Git touches it
warning: in the working copy of 'node_modules/undici-types/mock-client.d.ts', LF will be replaced by CRLF the next time Git touches it
warning: in the working copy of 'node_modules/undici-types/mock-errors.d.ts', LF will be replaced by CRLF the next time Git touches it
warning: in the working copy of 'node_modules/undici-types/mock-interceptor.d.ts', LF will be replaced by CRLF the next time Git touches it
warning: in the working copy of 'node_modules/undici-types/mock-pool.d.ts', LF will be replaced by CRLF the next time Git touches it
warning: in the working copy of 'node_modules/undici-types/package.json', LF will be replaced by CRLF the next time Git touches it
warning: in the working copy of 'node_modules/undici-types/patch.d.ts', LF will be replaced by CRLF the next time Git touches it
warning: in the working copy of 'node_modules/undici-types/pool-stats.d.ts', LF will be replaced by CRLF the next time Git touches it
warning: in the working copy of 'node_modules/undici-types/pool.d.ts', LF will be replaced by CRLF the next time Git touches it
warning: in the working copy of 'node_modules/undici-types/proxy-agent.d.ts', LF will be replaced by CRLF the next time Git touches it
warning: in the working copy of 'node_modules/undici-types/readable.d.ts', LF will be replaced by CRLF the next time Git touches it
warning: in the working copy of 'node_modules/undici-types/retry-agent.d.ts', LF will be replaced by CRLF the next time Git touches it
warning: in the working copy of 'node_modules/undici-types/retry-handler.d.ts', LF will be replaced by CRLF the next time Git touches it
warning: in the working copy of 'node_modules/undici-types/round-robin-pool.d.ts', LF will be replaced by CRLF the next time Git touches it
warning: in the working copy of 'node_modules/undici-types/snapshot-agent.d.ts', LF will be replaced by CRLF the next time Git touches it
warning: in the working copy of 'node_modules/undici-types/util.d.ts', LF will be replaced by CRLF the next time Git touches it
warning: in the working copy of 'node_modules/undici-types/utility.d.ts', LF will be replaced by CRLF the next time Git touches it
warning: in the working copy of 'node_modules/undici-types/webidl.d.ts', LF will be replaced by CRLF the next time Git touches it
warning: in the working copy of 'node_modules/undici-types/websocket.d.ts', LF will be replaced by CRLF the next time Git touches it
warning: in the working copy of 'node_modules/undici/LICENSE', LF will be replaced by CRLF the next time Git touches it
warning: in the working copy of 'node_modules/undici/README.md', LF will be replaced by CRLF the next time Git touches it
warning: in the working copy of 'node_modules/undici/docs/docs/api/Agent.md', LF will be replaced by CRLF the next time Git touches it
warning: in the working copy of 'node_modules/undici/docs/docs/api/BalancedPool.md', LF will be replaced by CRLF the next time Git touches it
warning: in the working copy of 'node_modules/undici/docs/docs/api/CacheStorage.md', LF will be replaced by CRLF the next time Git touches it
warning: in the working copy of 'node_modules/undici/docs/docs/api/CacheStore.md', LF will be replaced by CRLF the next time Git touches it
warning: in the working copy of 'node_modules/undici/docs/docs/api/Client.md', LF will be replaced by CRLF the next time Git touches it
warning: in the working copy of 'node_modules/undici/docs/docs/api/ClientStats.md', LF will be replaced by CRLF the next time Git touches it
warning: in the working copy of 'node_modules/undici/docs/docs/api/Connector.md', LF will be replaced by CRLF the next time Git touches it
warning: in the working copy of 'node_modules/undici/docs/docs/api/ContentType.md', LF will be replaced by CRLF the next time Git touches it
warning: in the working copy of 'node_modules/undici/docs/docs/api/Cookies.md', LF will be replaced by CRLF the next time Git touches it
warning: in the working copy of 'node_modules/undici/docs/docs/api/Debug.md', LF will be replaced by CRLF the next time Git touches it
warning: in the working copy of 'node_modules/undici/docs/docs/api/DiagnosticsChannel.md', LF will be replaced by CRLF the next time Git touches it
warning: in the working copy of 'node_modules/undici/docs/docs/api/Dispatcher.md', LF will be replaced by CRLF the next time Git touches it
warning: in the working copy of 'node_modules/undici/docs/docs/api/EnvHttpProxyAgent.md', LF will be replaced by CRLF the next time Git touches it
warning: in the working copy of 'node_modules/undici/docs/docs/api/Errors.md', LF will be replaced by CRLF the next time Git touches it
warning: in the working copy of 'node_modules/undici/docs/docs/api/EventSource.md', LF will be replaced by CRLF the next time Git touches it
warning: in the working copy of 'node_modules/undici/docs/docs/api/Fetch.md', LF will be replaced by CRLF the next time Git touches it
warning: in the working copy of 'node_modules/undici/docs/docs/api/GlobalInstallation.md', LF will be replaced by CRLF the next time Git touches it
warning: in the working copy of 'node_modules/undici/docs/docs/api/H2CClient.md', LF will be replaced by CRLF the next time Git touches it
warning: in the working copy of 'node_modules/undici/docs/docs/api/MockAgent.md', LF will be replaced by CRLF the next time Git touches it
warning: in the working copy of 'node_modules/undici/docs/docs/api/MockCallHistory.md', LF will be replaced by CRLF the next time Git touches it
warning: in the working copy of 'node_modules/undici/docs/docs/api/MockCallHistoryLog.md', LF will be replaced by CRLF the next time Git touches it
warning: in the working copy of 'node_modules/undici/docs/docs/api/MockClient.md', LF will be replaced by CRLF the next time Git touches it
warning: in the working copy of 'node_modules/undici/docs/docs/api/MockErrors.md', LF will be replaced by CRLF the next time Git touches it
warning: in the working copy of 'node_modules/undici/docs/docs/api/MockPool.md', LF will be replaced by CRLF the next time Git touches it
warning: in the working copy of 'node_modules/undici/docs/docs/api/Pool.md', LF will be replaced by CRLF the next time Git touches it
warning: in the working copy of 'node_modules/undici/docs/docs/api/PoolStats.md', LF will be replaced by CRLF the next time Git touches it
warning: in the working copy of 'node_modules/undici/docs/docs/api/ProxyAgent.md', LF will be replaced by CRLF the next time Git touches it
warning: in the working copy of 'node_modules/undici/docs/docs/api/RedirectHandler.md', LF will be replaced by CRLF the next time Git touches it
warning: in the working copy of 'node_modules/undici/docs/docs/api/RetryAgent.md', LF will be replaced by CRLF the next time Git touches it
warning: in the working copy of 'node_modules/undici/docs/docs/api/RetryHandler.md', LF will be replaced by CRLF the next time Git touches it
warning: in the working copy of 'node_modules/undici/docs/docs/api/RoundRobinPool.md', LF will be replaced by CRLF the next time Git touches it
warning: in the working copy of 'node_modules/undici/docs/docs/api/SnapshotAgent.md', LF will be replaced by CRLF the next time Git touches it
warning: in the working copy of 'node_modules/undici/docs/docs/api/Socks5ProxyAgent.md', LF will be replaced by CRLF the next time Git touches it
warning: in the working copy of 'node_modules/undici/docs/docs/api/Util.md', LF will be replaced by CRLF the next time Git touches it
warning: in the working copy of 'node_modules/undici/docs/docs/api/WebSocket.md', LF will be replaced by CRLF the next time Git touches it
warning: in the working copy of 'node_modules/undici/docs/docs/api/api-lifecycle.md', LF will be replaced by CRLF the next time Git touches it
warning: in the working copy of 'node_modules/undici/docs/docs/best-practices/client-certificate.md', LF will be replaced by CRLF the next time Git touches it
warning: in the working copy of 'node_modules/undici/docs/docs/best-practices/crawling.md', LF will be replaced by CRLF the next time Git touches it
warning: in the working copy of 'node_modules/undici/docs/docs/best-practices/mocking-request.md', LF will be replaced by CRLF the next time Git touches it
warning: in the working copy of 'node_modules/undici/docs/docs/best-practices/proxy.md', LF will be replaced by CRLF the next time Git touches it
warning: in the working copy of 'node_modules/undici/docs/docs/best-practices/undici-vs-builtin-fetch.md', LF will be replaced by CRLF the next time Git touches it
warning: in the working copy of 'node_modules/undici/docs/docs/best-practices/writing-tests.md', LF will be replaced by CRLF the next time Git touches it
warning: in the working copy of 'node_modules/undici/index-fetch.js', LF will be replaced by CRLF the next time Git touches it
warning: in the working copy of 'node_modules/undici/index.d.ts', LF will be replaced by CRLF the next time Git touches it
warning: in the working copy of 'node_modules/undici/index.js', LF will be replaced by CRLF the next time Git touches it
warning: in the working copy of 'node_modules/undici/lib/api/abort-signal.js', LF will be replaced by CRLF the next time Git touches it
warning: in the working copy of 'node_modules/undici/lib/api/api-connect.js', LF will be replaced by CRLF the next time Git touches it
warning: in the working copy of 'node_modules/undici/lib/api/api-pipeline.js', LF will be replaced by CRLF the next time Git touches it
warning: in the working copy of 'node_modules/undici/lib/api/api-request.js', LF will be replaced by CRLF the next time Git touches it
warning: in the working copy of 'node_modules/undici/lib/api/api-stream.js', LF will be replaced by CRLF the next time Git touches it
warning: in the working copy of 'node_modules/undici/lib/api/api-upgrade.js', LF will be replaced by CRLF the next time Git touches it
warning: in the working copy of 'node_modules/undici/lib/api/index.js', LF will be replaced by CRLF the next time Git touches it
warning: in the working copy of 'node_modules/undici/lib/api/readable.js', LF will be replaced by CRLF the next time Git touches it
warning: in the working copy of 'node_modules/undici/lib/cache/memory-cache-store.js', LF will be replaced by CRLF the next time Git touches it
warning: in the working copy of 'node_modules/undici/lib/cache/sqlite-cache-store.js', LF will be replaced by CRLF the next time Git touches it
warning: in the working copy of 'node_modules/undici/lib/core/connect.js', LF will be replaced by CRLF the next time Git touches it
warning: in the working copy of 'node_modules/undici/lib/core/constants.js', LF will be replaced by CRLF the next time Git touches it
warning: in the working copy of 'node_modules/undici/lib/core/diagnostics.js', LF will be replaced by CRLF the next time Git touches it
warning: in the working copy of 'node_modules/undici/lib/core/errors.js', LF will be replaced by CRLF the next time Git touches it
warning: in the working copy of 'node_modules/undici/lib/core/request.js', LF will be replaced by CRLF the next time Git touches it
warning: in the working copy of 'node_modules/undici/lib/core/socks5-client.js', LF will be replaced by CRLF the next time Git touches it
warning: in the working copy of 'node_modules/undici/lib/core/socks5-utils.js', LF will be replaced by CRLF the next time Git touches it
warning: in the working copy of 'node_modules/undici/lib/core/symbols.js', LF will be replaced by CRLF the next time Git touches it
warning: in the working copy of 'node_modules/undici/lib/core/tree.js', LF will be replaced by CRLF the next time Git touches it
warning: in the working copy of 'node_modules/undici/lib/core/util.js', LF will be replaced by CRLF the next time Git touches it
warning: in the working copy of 'node_modules/undici/lib/dispatcher/agent.js', LF will be replaced by CRLF the next time Git touches it
warning: in the working copy of 'node_modules/undici/lib/dispatcher/balanced-pool.js', LF will be replaced by CRLF the next time Git touches it
warning: in the working copy of 'node_modules/undici/lib/dispatcher/client-h1.js', LF will be replaced by CRLF the next time Git touches it
warning: in the working copy of 'node_modules/undici/lib/dispatcher/client-h2.js', LF will be replaced by CRLF the next time Git touches it
warning: in the working copy of 'node_modules/undici/lib/dispatcher/client.js', LF will be replaced by CRLF the next time Git touches it
warning: in the working copy of 'node_modules/undici/lib/dispatcher/dispatcher-base.js', LF will be replaced by CRLF the next time Git touches it
warning: in the working copy of 'node_modules/undici/lib/dispatcher/dispatcher.js', LF will be replaced by CRLF the next time Git touches it
warning: in the working copy of 'node_modules/undici/lib/dispatcher/env-http-proxy-agent.js', LF will be replaced by CRLF the next time Git touches it
warning: in the working copy of 'node_modules/undici/lib/dispatcher/fixed-queue.js', LF will be replaced by CRLF the next time Git touches it
warning: in the working copy of 'node_modules/undici/lib/dispatcher/h2c-client.js', LF will be replaced by CRLF the next time Git touches it
warning: in the working copy of 'node_modules/undici/lib/dispatcher/pool-base.js', LF will be replaced by CRLF the next time Git touches it
warning: in the working copy of 'node_modules/undici/lib/dispatcher/pool.js', LF will be replaced by CRLF the next time Git touches it
warning: in the working copy of 'node_modules/undici/lib/dispatcher/proxy-agent.js', LF will be replaced by CRLF the next time Git touches it
warning: in the working copy of 'node_modules/undici/lib/dispatcher/retry-agent.js', LF will be replaced by CRLF the next time Git touches it
warning: in the working copy of 'node_modules/undici/lib/dispatcher/round-robin-pool.js', LF will be replaced by CRLF the next time Git touches it
warning: in the working copy of 'node_modules/undici/lib/dispatcher/socks5-proxy-agent.js', LF will be replaced by CRLF the next time Git touches it
warning: in the working copy of 'node_modules/undici/lib/encoding/index.js', LF will be replaced by CRLF the next time Git touches it
warning: in the working copy of 'node_modules/undici/lib/global.js', LF will be replaced by CRLF the next time Git touches it
warning: in the working copy of 'node_modules/undici/lib/handler/cache-handler.js', LF will be replaced by CRLF the next time Git touches it
warning: in the working copy of 'node_modules/undici/lib/handler/cache-revalidation-handler.js', LF will be replaced by CRLF the next time Git touches it
warning: in the working copy of 'node_modules/undici/lib/handler/decorator-handler.js', LF will be replaced by CRLF the next time Git touches it
warning: in the working copy of 'node_modules/undici/lib/handler/deduplication-handler.js', LF will be replaced by CRLF the next time Git touches it
warning: in the working copy of 'node_modules/undici/lib/handler/redirect-handler.js', LF will be replaced by CRLF the next time Git touches it
warning: in the working copy of 'node_modules/undici/lib/handler/retry-handler.js', LF will be replaced by CRLF the next time Git touches it
warning: in the working copy of 'node_modules/undici/lib/handler/unwrap-handler.js', LF will be replaced by CRLF the next time Git touches it
warning: in the working copy of 'node_modules/undici/lib/handler/wrap-handler.js', LF will be replaced by CRLF the next time Git touches it
warning: in the working copy of 'node_modules/undici/lib/interceptor/cache.js', LF will be replaced by CRLF the next time Git touches it
warning: in the working copy of 'node_modules/undici/lib/interceptor/decompress.js', LF will be replaced by CRLF the next time Git touches it
warning: in the working copy of 'node_modules/undici/lib/interceptor/deduplicate.js', LF will be replaced by CRLF the next time Git touches it
warning: in the working copy of 'node_modules/undici/lib/interceptor/dns.js', LF will be replaced by CRLF the next time Git touches it
warning: in the working copy of 'node_modules/undici/lib/interceptor/dump.js', LF will be replaced by CRLF the next time Git touches it
warning: in the working copy of 'node_modules/undici/lib/interceptor/redirect.js', LF will be replaced by CRLF the next time Git touches it
warning: in the working copy of 'node_modules/undici/lib/interceptor/response-error.js', LF will be replaced by CRLF the next time Git touches it
warning: in the working copy of 'node_modules/undici/lib/interceptor/retry.js', LF will be replaced by CRLF the next time Git touches it
warning: in the working copy of 'node_modules/undici/lib/llhttp/constants.d.ts', LF will be replaced by CRLF the next time Git touches it
warning: in the working copy of 'node_modules/undici/lib/llhttp/constants.js', LF will be replaced by CRLF the next time Git touches it
warning: in the working copy of 'node_modules/undici/lib/llhttp/llhttp-wasm.js', LF will be replaced by CRLF the next time Git touches it
warning: in the working copy of 'node_modules/undici/lib/llhttp/llhttp_simd-wasm.js', LF will be replaced by CRLF the next time Git touches it
warning: in the working copy of 'node_modules/undici/lib/llhttp/utils.d.ts', LF will be replaced by CRLF the next time Git touches it
warning: in the working copy of 'node_modules/undici/lib/llhttp/utils.js', LF will be replaced by CRLF the next time Git touches it
warning: in the working copy of 'node_modules/undici/lib/mock/mock-agent.js', LF will be replaced by CRLF the next time Git touches it
warning: in the working copy of 'node_modules/undici/lib/mock/mock-call-history.js', LF will be replaced by CRLF the next time Git touches it
warning: in the working copy of 'node_modules/undici/lib/mock/mock-client.js', LF will be replaced by CRLF the next time Git touches it
warning: in the working copy of 'node_modules/undici/lib/mock/mock-errors.js', LF will be replaced by CRLF the next time Git touches it
warning: in the working copy of 'node_modules/undici/lib/mock/mock-interceptor.js', LF will be replaced by CRLF the next time Git touches it
warning: in the working copy of 'node_modules/undici/lib/mock/mock-pool.js', LF will be replaced by CRLF the next time Git touches it
warning: in the working copy of 'node_modules/undici/lib/mock/mock-symbols.js', LF will be replaced by CRLF the next time Git touches it
warning: in the working copy of 'node_modules/undici/lib/mock/mock-utils.js', LF will be replaced by CRLF the next time Git touches it
warning: in the working copy of 'node_modules/undici/lib/mock/pending-interceptors-formatter.js', LF will be replaced by CRLF the next time Git touches it
warning: in the working copy of 'node_modules/undici/lib/mock/snapshot-agent.js', LF will be replaced by CRLF the next time Git touches it
warning: in the working copy of 'node_modules/undici/lib/mock/snapshot-recorder.js', LF will be replaced by CRLF the next time Git touches it
warning: in the working copy of 'node_modules/undici/lib/mock/snapshot-utils.js', LF will be replaced by CRLF the next time Git touches it
warning: in the working copy of 'node_modules/undici/lib/util/cache.js', LF will be replaced by CRLF the next time Git touches it
warning: in the working copy of 'node_modules/undici/lib/util/date.js', LF will be replaced by CRLF the next time Git touches it
warning: in the working copy of 'node_modules/undici/lib/util/promise.js', LF will be replaced by CRLF the next time Git touches it
warning: in the working copy of 'node_modules/undici/lib/util/runtime-features.js', LF will be replaced by CRLF the next time Git touches it
warning: in the working copy of 'node_modules/undici/lib/util/stats.js', LF will be replaced by CRLF the next time Git touches it
warning: in the working copy of 'node_modules/undici/lib/util/timers.js', LF will be replaced by CRLF the next time Git touches it
warning: in the working copy of 'node_modules/undici/lib/web/cache/cache.js', LF will be replaced by CRLF the next time Git touches it
warning: in the working copy of 'node_modules/undici/lib/web/cache/cachestorage.js', LF will be replaced by CRLF the next time Git touches it
warning: in the working copy of 'node_modules/undici/lib/web/cache/util.js', LF will be replaced by CRLF the next time Git touches it
warning: in the working copy of 'node_modules/undici/lib/web/cookies/constants.js', LF will be replaced by CRLF the next time Git touches it
warning: in the working copy of 'node_modules/undici/lib/web/cookies/index.js', LF will be replaced by CRLF the next time Git touches it
warning: in the working copy of 'node_modules/undici/lib/web/cookies/parse.js', LF will be replaced by CRLF the next time Git touches it
warning: in the working copy of 'node_modules/undici/lib/web/cookies/util.js', LF will be replaced by CRLF the next time Git touches it
warning: in the working copy of 'node_modules/undici/lib/web/eventsource/eventsource-stream.js', LF will be replaced by CRLF the next time Git touches it
warning: in the working copy of 'node_modules/undici/lib/web/eventsource/eventsource.js', LF will be replaced by CRLF the next time Git touches it
warning: in the working copy of 'node_modules/undici/lib/web/eventsource/util.js', LF will be replaced by CRLF the next time Git touches it
warning: in the working copy of 'node_modules/undici/lib/web/fetch/LICENSE', LF will be replaced by CRLF the next time Git touches it
warning: in the working copy of 'node_modules/undici/lib/web/fetch/body.js', LF will be replaced by CRLF the next time Git touches it
warning: in the working copy of 'node_modules/undici/lib/web/fetch/constants.js', LF will be replaced by CRLF the next time Git touches it
warning: in the working copy of 'node_modules/undici/lib/web/fetch/data-url.js', LF will be replaced by CRLF the next time Git touches it
warning: in the working copy of 'node_modules/undici/lib/web/fetch/formdata-parser.js', LF will be replaced by CRLF the next time Git touches it
warning: in the working copy of 'node_modules/undici/lib/web/fetch/formdata.js', LF will be replaced by CRLF the next time Git touches it
warning: in the working copy of 'node_modules/undici/lib/web/fetch/global.js', LF will be replaced by CRLF the next time Git touches it
warning: in the working copy of 'node_modules/undici/lib/web/fetch/headers.js', LF will be replaced by CRLF the next time Git touches it
warning: in the working copy of 'node_modules/undici/lib/web/fetch/index.js', LF will be replaced by CRLF the next time Git touches it
warning: in the working copy of 'node_modules/undici/lib/web/fetch/request.js', LF will be replaced by CRLF the next time Git touches it
warning: in the working copy of 'node_modules/undici/lib/web/fetch/response.js', LF will be replaced by CRLF the next time Git touches it
warning: in the working copy of 'node_modules/undici/lib/web/fetch/util.js', LF will be replaced by CRLF the next time Git touches it
warning: in the working copy of 'node_modules/undici/lib/web/infra/index.js', LF will be replaced by CRLF the next time Git touches it
warning: in the working copy of 'node_modules/undici/lib/web/subresource-integrity/Readme.md', LF will be replaced by CRLF the next time Git touches it
warning: in the working copy of 'node_modules/undici/lib/web/subresource-integrity/subresource-integrity.js', LF will be replaced by CRLF the next time Git touches it
warning: in the working copy of 'node_modules/undici/lib/web/webidl/index.js', LF will be replaced by CRLF the next time Git touches it
warning: in the working copy of 'node_modules/undici/lib/web/websocket/connection.js', LF will be replaced by CRLF the next time Git touches it
warning: in the working copy of 'node_modules/undici/lib/web/websocket/constants.js', LF will be replaced by CRLF the next time Git touches it
warning: in the working copy of 'node_modules/undici/lib/web/websocket/events.js', LF will be replaced by CRLF the next time Git touches it
warning: in the working copy of 'node_modules/undici/lib/web/websocket/frame.js', LF will be replaced by CRLF the next time Git touches it
warning: in the working copy of 'node_modules/undici/lib/web/websocket/permessage-deflate.js', LF will be replaced by CRLF the next time Git touches it
warning: in the working copy of 'node_modules/undici/lib/web/websocket/receiver.js', LF will be replaced by CRLF the next time Git touches it
warning: in the working copy of 'node_modules/undici/lib/web/websocket/sender.js', LF will be replaced by CRLF the next time Git touches it
warning: in the working copy of 'node_modules/undici/lib/web/websocket/stream/websocketerror.js', LF will be replaced by CRLF the next time Git touches it
warning: in the working copy of 'node_modules/undici/lib/web/websocket/stream/websocketstream.js', LF will be replaced by CRLF the next time Git touches it
warning: in the working copy of 'node_modules/undici/lib/web/websocket/util.js', LF will be replaced by CRLF the next time Git touches it
warning: in the working copy of 'node_modules/undici/lib/web/websocket/websocket.js', LF will be replaced by CRLF the next time Git touches it
warning: in the working copy of 'node_modules/undici/package.json', LF will be replaced by CRLF the next time Git touches it
warning: in the working copy of 'node_modules/undici/scripts/strip-comments.js', LF will be replaced by CRLF the next time Git touches it
warning: in the working copy of 'node_modules/undici/types/README.md', LF will be replaced by CRLF the next time Git touches it
warning: in the working copy of 'node_modules/undici/types/agent.d.ts', LF will be replaced by CRLF the next time Git touches it
warning: in the working copy of 'node_modules/undici/types/api.d.ts', LF will be replaced by CRLF the next time Git touches it
warning: in the working copy of 'node_modules/undici/types/balanced-pool.d.ts', LF will be replaced by CRLF the next time Git touches it
warning: in the working copy of 'node_modules/undici/types/cache-interceptor.d.ts', LF will be replaced by CRLF the next time Git touches it
warning: in the working copy of 'node_modules/undici/types/cache.d.ts', LF will be replaced by CRLF the next time Git touches it
warning: in the working copy of 'node_modules/undici/types/client-stats.d.ts', LF will be replaced by CRLF the next time Git touches it
warning: in the working copy of 'node_modules/undici/types/client.d.ts', LF will be replaced by CRLF the next time Git touches it
warning: in the working copy of 'node_modules/undici/types/connector.d.ts', LF will be replaced by CRLF the next time Git touches it
warning: in the working copy of 'node_modules/undici/types/content-type.d.ts', LF will be replaced by CRLF the next time Git touches it
warning: in the working copy of 'node_modules/undici/types/cookies.d.ts', LF will be replaced by CRLF the next time Git touches it
warning: in the working copy of 'node_modules/undici/types/diagnostics-channel.d.ts', LF will be replaced by CRLF the next time Git touches it
warning: in the working copy of 'node_modules/undici/types/dispatcher.d.ts', LF will be replaced by CRLF the next time Git touches it
warning: in the working copy of 'node_modules/undici/types/env-http-proxy-agent.d.ts', LF will be replaced by CRLF the next time Git touches it
warning: in the working copy of 'node_modules/undici/types/errors.d.ts', LF will be replaced by CRLF the next time Git touches it
warning: in the working copy of 'node_modules/undici/types/eventsource.d.ts', LF will be replaced by CRLF the next time Git touches it
warning: in the working copy of 'node_modules/undici/types/fetch.d.ts', LF will be replaced by CRLF the next time Git touches it
warning: in the working copy of 'node_modules/undici/types/formdata.d.ts', LF will be replaced by CRLF the next time Git touches it
warning: in the working copy of 'node_modules/undici/types/global-dispatcher.d.ts', LF will be replaced by CRLF the next time Git touches it
warning: in the working copy of 'node_modules/undici/types/global-origin.d.ts', LF will be replaced by CRLF the next time Git touches it
warning: in the working copy of 'node_modules/undici/types/h2c-client.d.ts', LF will be replaced by CRLF the next time Git touches it
warning: in the working copy of 'node_modules/undici/types/handlers.d.ts', LF will be replaced by CRLF the next time Git touches it
warning: in the working copy of 'node_modules/undici/types/header.d.ts', LF will be replaced by CRLF the next time Git touches it
warning: in the working copy of 'node_modules/undici/types/index.d.ts', LF will be replaced by CRLF the next time Git touches it
warning: in the working copy of 'node_modules/undici/types/interceptors.d.ts', LF will be replaced by CRLF the next time Git touches it
warning: in the working copy of 'node_modules/undici/types/mock-agent.d.ts', LF will be replaced by CRLF the next time Git touches it
warning: in the working copy of 'node_modules/undici/types/mock-call-history.d.ts', LF will be replaced by CRLF the next time Git touches it
warning: in the working copy of 'node_modules/undici/types/mock-client.d.ts', LF will be replaced by CRLF the next time Git touches it
warning: in the working copy of 'node_modules/undici/types/mock-errors.d.ts', LF will be replaced by CRLF the next time Git touches it
warning: in the working copy of 'node_modules/undici/types/mock-interceptor.d.ts', LF will be replaced by CRLF the next time Git touches it
warning: in the working copy of 'node_modules/undici/types/mock-pool.d.ts', LF will be replaced by CRLF the next time Git touches it
warning: in the working copy of 'node_modules/undici/types/patch.d.ts', LF will be replaced by CRLF the next time Git touches it
warning: in the working copy of 'node_modules/undici/types/pool-stats.d.ts', LF will be replaced by CRLF the next time Git touches it
warning: in the working copy of 'node_modules/undici/types/pool.d.ts', LF will be replaced by CRLF the next time Git touches it
warning: in the working copy of 'node_modules/undici/types/proxy-agent.d.ts', LF will be replaced by CRLF the next time Git touches it
warning: in the working copy of 'node_modules/undici/types/readable.d.ts', LF will be replaced by CRLF the next time Git touches it
warning: in the working copy of 'node_modules/undici/types/retry-agent.d.ts', LF will be replaced by CRLF the next time Git touches it
warning: in the working copy of 'node_modules/undici/types/retry-handler.d.ts', LF will be replaced by CRLF the next time Git touches it
warning: in the working copy of 'node_modules/undici/types/round-robin-pool.d.ts', LF will be replaced by CRLF the next time Git touches it
warning: in the working copy of 'node_modules/undici/types/snapshot-agent.d.ts', LF will be replaced by CRLF the next time Git touches it
warning: in the working copy of 'node_modules/undici/types/socks5-proxy-agent.d.ts', LF will be replaced by CRLF the next time Git touches it
warning: in the working copy of 'node_modules/undici/types/util.d.ts', LF will be replaced by CRLF the next time Git touches it
warning: in the working copy of 'node_modules/undici/types/utility.d.ts', LF will be replaced by CRLF the next time Git touches it
warning: in the working copy of 'node_modules/undici/types/webidl.d.ts', LF will be replaced by CRLF the next time Git touches it
warning: in the working copy of 'node_modules/undici/types/websocket.d.ts', LF will be replaced by CRLF the next time Git touches it
warning: in the working copy of 'node_modules/universalify/LICENSE', LF will be replaced by CRLF the next time Git touches it
warning: in the working copy of 'node_modules/universalify/README.md', LF will be replaced by CRLF the next time Git touches it
warning: in the working copy of 'node_modules/universalify/index.js', LF will be replaced by CRLF the next time Git touches it
warning: in the working copy of 'node_modules/universalify/package.json', LF will be replaced by CRLF the next time Git touches it
warning: in the working copy of 'node_modules/unzipper/LICENSE', LF will be replaced by CRLF the next time Git touches it
warning: in the working copy of 'node_modules/unzipper/README.md', LF will be replaced by CRLF the next time Git touches it
warning: in the working copy of 'node_modules/unzipper/eslint.config.mjs', LF will be replaced by CRLF the next time Git touches it
warning: in the working copy of 'node_modules/unzipper/lib/BufferStream.js', LF will be replaced by CRLF the next time Git touches it
warning: in the working copy of 'node_modules/unzipper/lib/Decrypt.js', LF will be replaced by CRLF the next time Git touches it
warning: in the working copy of 'node_modules/unzipper/lib/NoopStream.js', LF will be replaced by CRLF the next time Git touches it
warning: in the working copy of 'node_modules/unzipper/lib/Open/directory.js', LF will be replaced by CRLF the next time Git touches it
warning: in the working copy of 'node_modules/unzipper/lib/Open/index.js', LF will be replaced by CRLF the next time Git touches it
warning: in the working copy of 'node_modules/unzipper/lib/Open/unzip.js', LF will be replaced by CRLF the next time Git touches it
warning: in the working copy of 'node_modules/unzipper/lib/PullStream.js', LF will be replaced by CRLF the next time Git touches it
warning: in the working copy of 'node_modules/unzipper/lib/extract.js', LF will be replaced by CRLF the next time Git touches it
warning: in the working copy of 'node_modules/unzipper/lib/parse.js', LF will be replaced by CRLF the next time Git touches it
warning: in the working copy of 'node_modules/unzipper/lib/parseBuffer.js', LF will be replaced by CRLF the next time Git touches it
warning: in the working copy of 'node_modules/unzipper/lib/parseDateTime.js', LF will be replaced by CRLF the next time Git touches it
warning: in the working copy of 'node_modules/unzipper/lib/parseExtraField.js', LF will be replaced by CRLF the next time Git touches it
warning: in the working copy of 'node_modules/unzipper/lib/parseOne.js', LF will be replaced by CRLF the next time Git touches it
warning: in the working copy of 'node_modules/unzipper/node_modules/fs-extra/LICENSE', LF will be replaced by CRLF the next time Git touches it
warning: in the working copy of 'node_modules/unzipper/node_modules/fs-extra/README.md', LF will be replaced by CRLF the next time Git touches it
warning: in the working copy of 'node_modules/unzipper/node_modules/fs-extra/lib/copy/copy-sync.js', LF will be replaced by CRLF the next time Git touches it
warning: in the working copy of 'node_modules/unzipper/node_modules/fs-extra/lib/copy/copy.js', LF will be replaced by CRLF the next time Git touches it
warning: in the working copy of 'node_modules/unzipper/node_modules/fs-extra/lib/copy/index.js', LF will be replaced by CRLF the next time Git touches it
warning: in the working copy of 'node_modules/unzipper/node_modules/fs-extra/lib/empty/index.js', LF will be replaced by CRLF the next time Git touches it
warning: in the working copy of 'node_modules/unzipper/node_modules/fs-extra/lib/ensure/file.js', LF will be replaced by CRLF the next time Git touches it
warning: in the working copy of 'node_modules/unzipper/node_modules/fs-extra/lib/ensure/index.js', LF will be replaced by CRLF the next time Git touches it
warning: in the working copy of 'node_modules/unzipper/node_modules/fs-extra/lib/ensure/link.js', LF will be replaced by CRLF the next time Git touches it
warning: in the working copy of 'node_modules/unzipper/node_modules/fs-extra/lib/ensure/symlink-paths.js', LF will be replaced by CRLF the next time Git touches it
warning: in the working copy of 'node_modules/unzipper/node_modules/fs-extra/lib/ensure/symlink-type.js', LF will be replaced by CRLF the next time Git touches it
warning: in the working copy of 'node_modules/unzipper/node_modules/fs-extra/lib/ensure/symlink.js', LF will be replaced by CRLF the next time Git touches it
warning: in the working copy of 'node_modules/unzipper/node_modules/fs-extra/lib/esm.mjs', LF will be replaced by CRLF the next time Git touches it
warning: in the working copy of 'node_modules/unzipper/node_modules/fs-extra/lib/fs/index.js', LF will be replaced by CRLF the next time Git touches it
warning: in the working copy of 'node_modules/unzipper/node_modules/fs-extra/lib/index.js', LF will be replaced by CRLF the next time Git touches it
warning: in the working copy of 'node_modules/unzipper/node_modules/fs-extra/lib/json/index.js', LF will be replaced by CRLF the next time Git touches it
warning: in the working copy of 'node_modules/unzipper/node_modules/fs-extra/lib/json/jsonfile.js', LF will be replaced by CRLF the next time Git touches it
warning: in the working copy of 'node_modules/unzipper/node_modules/fs-extra/lib/json/output-json-sync.js', LF will be replaced by CRLF the next time Git touches it
warning: in the working copy of 'node_modules/unzipper/node_modules/fs-extra/lib/json/output-json.js', LF will be replaced by CRLF the next time Git touches it
warning: in the working copy of 'node_modules/unzipper/node_modules/fs-extra/lib/mkdirs/index.js', LF will be replaced by CRLF the next time Git touches it
warning: in the working copy of 'node_modules/unzipper/node_modules/fs-extra/lib/mkdirs/make-dir.js', LF will be replaced by CRLF the next time Git touches it
warning: in the working copy of 'node_modules/unzipper/node_modules/fs-extra/lib/mkdirs/utils.js', LF will be replaced by CRLF the next time Git touches it
warning: in the working copy of 'node_modules/unzipper/node_modules/fs-extra/lib/move/index.js', LF will be replaced by CRLF the next time Git touches it
warning: in the working copy of 'node_modules/unzipper/node_modules/fs-extra/lib/move/move-sync.js', LF will be replaced by CRLF the next time Git touches it
warning: in the working copy of 'node_modules/unzipper/node_modules/fs-extra/lib/move/move.js', LF will be replaced by CRLF the next time Git touches it
warning: in the working copy of 'node_modules/unzipper/node_modules/fs-extra/lib/output-file/index.js', LF will be replaced by CRLF the next time Git touches it
warning: in the working copy of 'node_modules/unzipper/node_modules/fs-extra/lib/path-exists/index.js', LF will be replaced by CRLF the next time Git touches it
warning: in the working copy of 'node_modules/unzipper/node_modules/fs-extra/lib/remove/index.js', LF will be replaced by CRLF the next time Git touches it
warning: in the working copy of 'node_modules/unzipper/node_modules/fs-extra/lib/util/stat.js', LF will be replaced by CRLF the next time Git touches it
warning: in the working copy of 'node_modules/unzipper/node_modules/fs-extra/lib/util/utimes.js', LF will be replaced by CRLF the next time Git touches it
warning: in the working copy of 'node_modules/unzipper/node_modules/fs-extra/package.json', LF will be replaced by CRLF the next time Git touches it
warning: in the working copy of 'node_modules/unzipper/package.json', LF will be replaced by CRLF the next time Git touches it
warning: in the working copy of 'node_modules/unzipper/unzip.js', LF will be replaced by CRLF the next time Git touches it
warning: in the working copy of 'node_modules/utf8-byte-length/.gitmodules', LF will be replaced by CRLF the next time Git touches it
warning: in the working copy of 'node_modules/utf8-byte-length/.travis.yml', LF will be replaced by CRLF the next time Git touches it
warning: in the working copy of 'node_modules/utf8-byte-length/AUTHORS', LF will be replaced by CRLF the next time Git touches it
warning: in the working copy of 'node_modules/utf8-byte-length/LICENSE.MIT.txt', LF will be replaced by CRLF the next time Git touches it
warning: in the working copy of 'node_modules/utf8-byte-length/LICENSE.WTFPL.txt', LF will be replaced by CRLF the next time Git touches it
warning: in the working copy of 'node_modules/utf8-byte-length/README.md', LF will be replaced by CRLF the next time Git touches it
warning: in the working copy of 'node_modules/utf8-byte-length/browser.js', LF will be replaced by CRLF the next time Git touches it
warning: in the working copy of 'node_modules/utf8-byte-length/index.js', LF will be replaced by CRLF the next time Git touches it
warning: in the working copy of 'node_modules/utf8-byte-length/package.json', LF will be replaced by CRLF the next time Git touches it
warning: in the working copy of 'node_modules/utf8-byte-length/test.js', LF will be replaced by CRLF the next time Git touches it
warning: in the working copy of 'node_modules/util-deprecate/History.md', LF will be replaced by CRLF the next time Git touches it
warning: in the working copy of 'node_modules/util-deprecate/LICENSE', LF will be replaced by CRLF the next time Git touches it
warning: in the working copy of 'node_modules/util-deprecate/README.md', LF will be replaced by CRLF the next time Git touches it
warning: in the working copy of 'node_modules/util-deprecate/browser.js', LF will be replaced by CRLF the next time Git touches it
warning: in the working copy of 'node_modules/util-deprecate/node.js', LF will be replaced by CRLF the next time Git touches it
warning: in the working copy of 'node_modules/util-deprecate/package.json', LF will be replaced by CRLF the next time Git touches it
warning: in the working copy of 'node_modules/webcrypto-core/LICENSE', LF will be replaced by CRLF the next time Git touches it
warning: in the working copy of 'node_modules/webcrypto-core/README.md', LF will be replaced by CRLF the next time Git touches it
warning: in the working copy of 'node_modules/webcrypto-core/build/index.d.ts', LF will be replaced by CRLF the next time Git touches it
warning: in the working copy of 'node_modules/webcrypto-core/build/webcrypto-core.es.js', LF will be replaced by CRLF the next time Git touches it
warning: in the working copy of 'node_modules/webcrypto-core/build/webcrypto-core.js', LF will be replaced by CRLF the next time Git touches it
warning: in the working copy of 'node_modules/webcrypto-core/package.json', LF will be replaced by CRLF the next time Git touches it
warning: in the working copy of 'node_modules/which/LICENSE', LF will be replaced by CRLF the next time Git touches it
warning: in the working copy of 'node_modules/which/README.md', LF will be replaced by CRLF the next time Git touches it
warning: in the working copy of 'node_modules/which/bin/which.js', LF will be replaced by CRLF the next time Git touches it
warning: in the working copy of 'node_modules/which/lib/index.js', LF will be replaced by CRLF the next time Git touches it
warning: in the working copy of 'node_modules/which/package.json', LF will be replaced by CRLF the next time Git touches it
warning: in the working copy of 'node_modules/wrap-ansi/index.js', LF will be replaced by CRLF the next time Git touches it
warning: in the working copy of 'node_modules/wrap-ansi/license', LF will be replaced by CRLF the next time Git touches it
warning: in the working copy of 'node_modules/wrap-ansi/package.json', LF will be replaced by CRLF the next time Git touches it
warning: in the working copy of 'node_modules/wrap-ansi/readme.md', LF will be replaced by CRLF the next time Git touches it
warning: in the working copy of 'node_modules/wrappy/LICENSE', LF will be replaced by CRLF the next time Git touches it
warning: in the working copy of 'node_modules/wrappy/README.md', LF will be replaced by CRLF the next time Git touches it
warning: in the working copy of 'node_modules/wrappy/package.json', LF will be replaced by CRLF the next time Git touches it
warning: in the working copy of 'node_modules/wrappy/wrappy.js', LF will be replaced by CRLF the next time Git touches it
warning: in the working copy of 'node_modules/xmlbuilder/lib/Derivation.js', LF will be replaced by CRLF the next time Git touches it
warning: in the working copy of 'node_modules/xmlbuilder/lib/DocumentPosition.js', LF will be replaced by CRLF the next time Git touches it
warning: in the working copy of 'node_modules/xmlbuilder/lib/NodeType.js', LF will be replaced by CRLF the next time Git touches it
warning: in the working copy of 'node_modules/xmlbuilder/lib/OperationType.js', LF will be replaced by CRLF the next time Git touches it
warning: in the working copy of 'node_modules/xmlbuilder/lib/Utility.js', LF will be replaced by CRLF the next time Git touches it
warning: in the working copy of 'node_modules/xmlbuilder/lib/WriterState.js', LF will be replaced by CRLF the next time Git touches it
warning: in the working copy of 'node_modules/xmlbuilder/lib/XMLAttribute.js', LF will be replaced by CRLF the next time Git touches it
warning: in the working copy of 'node_modules/xmlbuilder/lib/XMLCData.js', LF will be replaced by CRLF the next time Git touches it
warning: in the working copy of 'node_modules/xmlbuilder/lib/XMLCharacterData.js', LF will be replaced by CRLF the next time Git touches it
warning: in the working copy of 'node_modules/xmlbuilder/lib/XMLComment.js', LF will be replaced by CRLF the next time Git touches it
warning: in the working copy of 'node_modules/xmlbuilder/lib/XMLDOMConfiguration.js', LF will be replaced by CRLF the next time Git touches it
warning: in the working copy of 'node_modules/xmlbuilder/lib/XMLDOMErrorHandler.js', LF will be replaced by CRLF the next time Git touches it
warning: in the working copy of 'node_modules/xmlbuilder/lib/XMLDOMImplementation.js', LF will be replaced by CRLF the next time Git touches it
warning: in the working copy of 'node_modules/xmlbuilder/lib/XMLDOMStringList.js', LF will be replaced by CRLF the next time Git touches it
warning: in the working copy of 'node_modules/xmlbuilder/lib/XMLDTDAttList.js', LF will be replaced by CRLF the next time Git touches it
warning: in the working copy of 'node_modules/xmlbuilder/lib/XMLDTDElement.js', LF will be replaced by CRLF the next time Git touches it
warning: in the working copy of 'node_modules/xmlbuilder/lib/XMLDTDEntity.js', LF will be replaced by CRLF the next time Git touches it
warning: in the working copy of 'node_modules/xmlbuilder/lib/XMLDTDNotation.js', LF will be replaced by CRLF the next time Git touches it
warning: in the working copy of 'node_modules/xmlbuilder/lib/XMLDeclaration.js', LF will be replaced by CRLF the next time Git touches it
warning: in the working copy of 'node_modules/xmlbuilder/lib/XMLDocType.js', LF will be replaced by CRLF the next time Git touches it
warning: in the working copy of 'node_modules/xmlbuilder/lib/XMLDocument.js', LF will be replaced by CRLF the next time Git touches it
warning: in the working copy of 'node_modules/xmlbuilder/lib/XMLDocumentCB.js', LF will be replaced by CRLF the next time Git touches it
warning: in the working copy of 'node_modules/xmlbuilder/lib/XMLDocumentFragment.js', LF will be replaced by CRLF the next time Git touches it
warning: in the working copy of 'node_modules/xmlbuilder/lib/XMLDummy.js', LF will be replaced by CRLF the next time Git touches it
warning: in the working copy of 'node_modules/xmlbuilder/lib/XMLElement.js', LF will be replaced by CRLF the next time Git touches it
warning: in the working copy of 'node_modules/xmlbuilder/lib/XMLNamedNodeMap.js', LF will be replaced by CRLF the next time Git touches it
warning: in the working copy of 'node_modules/xmlbuilder/lib/XMLNode.js', LF will be replaced by CRLF the next time Git touches it
warning: in the working copy of 'node_modules/xmlbuilder/lib/XMLNodeFilter.js', LF will be replaced by CRLF the next time Git touches it
warning: in the working copy of 'node_modules/xmlbuilder/lib/XMLNodeList.js', LF will be replaced by CRLF the next time Git touches it
warning: in the working copy of 'node_modules/xmlbuilder/lib/XMLProcessingInstruction.js', LF will be replaced by CRLF the next time Git touches it
warning: in the working copy of 'node_modules/xmlbuilder/lib/XMLRaw.js', LF will be replaced by CRLF the next time Git touches it
warning: in the working copy of 'node_modules/xmlbuilder/lib/XMLStreamWriter.js', LF will be replaced by CRLF the next time Git touches it
warning: in the working copy of 'node_modules/xmlbuilder/lib/XMLStringWriter.js', LF will be replaced by CRLF the next time Git touches it
warning: in the working copy of 'node_modules/xmlbuilder/lib/XMLStringifier.js', LF will be replaced by CRLF the next time Git touches it
warning: in the working copy of 'node_modules/xmlbuilder/lib/XMLText.js', LF will be replaced by CRLF the next time Git touches it
warning: in the working copy of 'node_modules/xmlbuilder/lib/XMLTypeInfo.js', LF will be replaced by CRLF the next time Git touches it
warning: in the working copy of 'node_modules/xmlbuilder/lib/XMLUserDataHandler.js', LF will be replaced by CRLF the next time Git touches it
warning: in the working copy of 'node_modules/xmlbuilder/lib/XMLWriterBase.js', LF will be replaced by CRLF the next time Git touches it
warning: in the working copy of 'node_modules/xmlbuilder/lib/index.js', LF will be replaced by CRLF the next time Git touches it
warning: in the working copy of 'node_modules/xmlbuilder/perf/perf.list', LF will be replaced by CRLF the next time Git touches it
warning: in the working copy of 'node_modules/y18n/CHANGELOG.md', LF will be replaced by CRLF the next time Git touches it
warning: in the working copy of 'node_modules/y18n/LICENSE', LF will be replaced by CRLF the next time Git touches it
warning: in the working copy of 'node_modules/y18n/README.md', LF will be replaced by CRLF the next time Git touches it
warning: in the working copy of 'node_modules/y18n/build/index.cjs', LF will be replaced by CRLF the next time Git touches it
warning: in the working copy of 'node_modules/y18n/build/lib/cjs.js', LF will be replaced by CRLF the next time Git touches it
warning: in the working copy of 'node_modules/y18n/build/lib/index.js', LF will be replaced by CRLF the next time Git touches it
warning: in the working copy of 'node_modules/y18n/build/lib/platform-shims/node.js', LF will be replaced by CRLF the next time Git touches it
warning: in the working copy of 'node_modules/y18n/index.mjs', LF will be replaced by CRLF the next time Git touches it
warning: in the working copy of 'node_modules/y18n/package.json', LF will be replaced by CRLF the next time Git touches it
warning: in the working copy of 'node_modules/yallist/LICENSE', LF will be replaced by CRLF the next time Git touches it
warning: in the working copy of 'node_modules/yallist/README.md', LF will be replaced by CRLF the next time Git touches it
warning: in the working copy of 'node_modules/yallist/iterator.js', LF will be replaced by CRLF the next time Git touches it
warning: in the working copy of 'node_modules/yallist/package.json', LF will be replaced by CRLF the next time Git touches it
warning: in the working copy of 'node_modules/yallist/yallist.js', LF will be replaced by CRLF the next time Git touches it
warning: in the working copy of 'node_modules/yargs-parser/CHANGELOG.md', LF will be replaced by CRLF the next time Git touches it
warning: in the working copy of 'node_modules/yargs-parser/LICENSE.txt', LF will be replaced by CRLF the next time Git touches it
warning: in the working copy of 'node_modules/yargs-parser/README.md', LF will be replaced by CRLF the next time Git touches it
warning: in the working copy of 'node_modules/yargs-parser/browser.js', LF will be replaced by CRLF the next time Git touches it
warning: in the working copy of 'node_modules/yargs-parser/build/index.cjs', LF will be replaced by CRLF the next time Git touches it
warning: in the working copy of 'node_modules/yargs-parser/build/lib/index.js', LF will be replaced by CRLF the next time Git touches it
warning: in the working copy of 'node_modules/yargs-parser/build/lib/string-utils.js', LF will be replaced by CRLF the next time Git touches it
warning: in the working copy of 'node_modules/yargs-parser/build/lib/tokenize-arg-string.js', LF will be replaced by CRLF the next time Git touches it
warning: in the working copy of 'node_modules/yargs-parser/build/lib/yargs-parser-types.js', LF will be replaced by CRLF the next time Git touches it
warning: in the working copy of 'node_modules/yargs-parser/build/lib/yargs-parser.js', LF will be replaced by CRLF the next time Git touches it
warning: in the working copy of 'node_modules/yargs-parser/package.json', LF will be replaced by CRLF the next time Git touches it
warning: in the working copy of 'node_modules/yargs/CHANGELOG.md', LF will be replaced by CRLF the next time Git touches it
warning: in the working copy of 'node_modules/yargs/LICENSE', LF will be replaced by CRLF the next time Git touches it
warning: in the working copy of 'node_modules/yargs/README.md', LF will be replaced by CRLF the next time Git touches it
warning: in the working copy of 'node_modules/yargs/browser.mjs', LF will be replaced by CRLF the next time Git touches it
warning: in the working copy of 'node_modules/yargs/build/index.cjs', LF will be replaced by CRLF the next time Git touches it
warning: in the working copy of 'node_modules/yargs/build/lib/argsert.js', LF will be replaced by CRLF the next time Git touches it
warning: in the working copy of 'node_modules/yargs/build/lib/command.js', LF will be replaced by CRLF the next time Git touches it
warning: in the working copy of 'node_modules/yargs/build/lib/completion-templates.js', LF will be replaced by CRLF the next time Git touches it
warning: in the working copy of 'node_modules/yargs/build/lib/completion.js', LF will be replaced by CRLF the next time Git touches it
warning: in the working copy of 'node_modules/yargs/build/lib/middleware.js', LF will be replaced by CRLF the next time Git touches it
warning: in the working copy of 'node_modules/yargs/build/lib/parse-command.js', LF will be replaced by CRLF the next time Git touches it
warning: in the working copy of 'node_modules/yargs/build/lib/typings/common-types.js', LF will be replaced by CRLF the next time Git touches it
warning: in the working copy of 'node_modules/yargs/build/lib/typings/yargs-parser-types.js', LF will be replaced by CRLF the next time Git touches it
warning: in the working copy of 'node_modules/yargs/build/lib/usage.js', LF will be replaced by CRLF the next time Git touches it
warning: in the working copy of 'node_modules/yargs/build/lib/utils/apply-extends.js', LF will be replaced by CRLF the next time Git touches it
warning: in the working copy of 'node_modules/yargs/build/lib/utils/is-promise.js', LF will be replaced by CRLF the next time Git touches it
warning: in the working copy of 'node_modules/yargs/build/lib/utils/levenshtein.js', LF will be replaced by CRLF the next time Git touches it
warning: in the working copy of 'node_modules/yargs/build/lib/utils/maybe-async-result.js', LF will be replaced by CRLF the next time Git touches it
warning: in the working copy of 'node_modules/yargs/build/lib/utils/obj-filter.js', LF will be replaced by CRLF the next time Git touches it
warning: in the working copy of 'node_modules/yargs/build/lib/utils/process-argv.js', LF will be replaced by CRLF the next time Git touches it
warning: in the working copy of 'node_modules/yargs/build/lib/utils/set-blocking.js', LF will be replaced by CRLF the next time Git touches it
warning: in the working copy of 'node_modules/yargs/build/lib/utils/which-module.js', LF will be replaced by CRLF the next time Git touches it
warning: in the working copy of 'node_modules/yargs/build/lib/validation.js', LF will be replaced by CRLF the next time Git touches it
warning: in the working copy of 'node_modules/yargs/build/lib/yargs-factory.js', LF will be replaced by CRLF the next time Git touches it
warning: in the working copy of 'node_modules/yargs/build/lib/yerror.js', LF will be replaced by CRLF the next time Git touches it
warning: in the working copy of 'node_modules/yargs/helpers/helpers.mjs', LF will be replaced by CRLF the next time Git touches it
warning: in the working copy of 'node_modules/yargs/helpers/index.js', LF will be replaced by CRLF the next time Git touches it
warning: in the working copy of 'node_modules/yargs/helpers/package.json', LF will be replaced by CRLF the next time Git touches it
warning: in the working copy of 'node_modules/yargs/index.cjs', LF will be replaced by CRLF the next time Git touches it
warning: in the working copy of 'node_modules/yargs/index.mjs', LF will be replaced by CRLF the next time Git touches it
warning: in the working copy of 'node_modules/yargs/lib/platform-shims/browser.mjs', LF will be replaced by CRLF the next time Git touches it
warning: in the working copy of 'node_modules/yargs/lib/platform-shims/esm.mjs', LF will be replaced by CRLF the next time Git touches it
warning: in the working copy of 'node_modules/yargs/locales/be.json', LF will be replaced by CRLF the next time Git touches it
warning: in the working copy of 'node_modules/yargs/locales/cs.json', LF will be replaced by CRLF the next time Git touches it
warning: in the working copy of 'node_modules/yargs/locales/de.json', LF will be replaced by CRLF the next time Git touches it
warning: in the working copy of 'node_modules/yargs/locales/en.json', LF will be replaced by CRLF the next time Git touches it
warning: in the working copy of 'node_modules/yargs/locales/es.json', LF will be replaced by CRLF the next time Git touches it
warning: in the working copy of 'node_modules/yargs/locales/fi.json', LF will be replaced by CRLF the next time Git touches it
warning: in the working copy of 'node_modules/yargs/locales/fr.json', LF will be replaced by CRLF the next time Git touches it
warning: in the working copy of 'node_modules/yargs/locales/hi.json', LF will be replaced by CRLF the next time Git touches it
warning: in the working copy of 'node_modules/yargs/locales/hu.json', LF will be replaced by CRLF the next time Git touches it
warning: in the working copy of 'node_modules/yargs/locales/id.json', LF will be replaced by CRLF the next time Git touches it
warning: in the working copy of 'node_modules/yargs/locales/it.json', LF will be replaced by CRLF the next time Git touches it
warning: in the working copy of 'node_modules/yargs/locales/ja.json', LF will be replaced by CRLF the next time Git touches it
warning: in the working copy of 'node_modules/yargs/locales/ko.json', LF will be replaced by CRLF the next time Git touches it
warning: in the working copy of 'node_modules/yargs/locales/nb.json', LF will be replaced by CRLF the next time Git touches it
warning: in the working copy of 'node_modules/yargs/locales/nl.json', LF will be replaced by CRLF the next time Git touches it
warning: in the working copy of 'node_modules/yargs/locales/nn.json', LF will be replaced by CRLF the next time Git touches it
warning: in the working copy of 'node_modules/yargs/locales/pirate.json', LF will be replaced by CRLF the next time Git touches it
warning: in the working copy of 'node_modules/yargs/locales/pl.json', LF will be replaced by CRLF the next time Git touches it
warning: in the working copy of 'node_modules/yargs/locales/pt.json', LF will be replaced by CRLF the next time Git touches it
warning: in the working copy of 'node_modules/yargs/locales/pt_BR.json', LF will be replaced by CRLF the next time Git touches it
warning: in the working copy of 'node_modules/yargs/locales/ru.json', LF will be replaced by CRLF the next time Git touches it
warning: in the working copy of 'node_modules/yargs/locales/th.json', LF will be replaced by CRLF the next time Git touches it
warning: in the working copy of 'node_modules/yargs/locales/tr.json', LF will be replaced by CRLF the next time Git touches it
warning: in the working copy of 'node_modules/yargs/locales/uk_UA.json', LF will be replaced by CRLF the next time Git touches it
warning: in the working copy of 'node_modules/yargs/locales/uz.json', LF will be replaced by CRLF the next time Git touches it
warning: in the working copy of 'node_modules/yargs/locales/zh_CN.json', LF will be replaced by CRLF the next time Git touches it
warning: in the working copy of 'node_modules/yargs/locales/zh_TW.json', LF will be replaced by CRLF the next time Git touches it
warning: in the working copy of 'node_modules/yargs/package.json', LF will be replaced by CRLF the next time Git touches it
warning: in the working copy of 'node_modules/yargs/yargs', LF will be replaced by CRLF the next time Git touches it
warning: in the working copy of 'node_modules/yargs/yargs.cjs', LF will be replaced by CRLF the next time Git touches it
warning: in the working copy of 'node_modules/yargs/yargs.mjs', LF will be replaced by CRLF the next time Git touches it
warning: in the working copy of 'node_modules/yocto-queue/index.d.ts', LF will be replaced by CRLF the next time Git touches it
warning: in the working copy of 'node_modules/yocto-queue/index.js', LF will be replaced by CRLF the next time Git touches it
warning: in the working copy of 'node_modules/yocto-queue/license', LF will be replaced by CRLF the next time Git touches it
warning: in the working copy of 'node_modules/yocto-queue/package.json', LF will be replaced by CRLF the next time Git touches it
warning: in the working copy of 'node_modules/yocto-queue/readme.md', LF will be replaced by CRLF the next time Git touches it

C:\island-radio>git commit -m "Add favourite feature and Electron wrapper" 
Terminate batch job (Y/N)? Terminate batch job (Y/N)? 